index,recipient,donor,slot,implementation,runtime_status,offer_eligible,adapter,exclusion_reason,evidence
0,captain_falcon,captain_falcon,nair,implemented,runtime-tested,False,common-aerial,Identical donor: keep the native slot,"[{""status"":""runtime-tested"",""profile"":""debug"",""lifecycle"":true,""stress"":false,""native_jab"":true,""adapter_assertion"":false,""backend"":""profile-default"",""dol_sha1"":""604630d94d7befcd31693eb1a266f4cb5827e5fb"",""evidence"":""docs/evidence/aerials/current/aerials-debug-current-0-130.json"",""log_sha256"":""597f02082e720fadd72b8e1874c731b11b7274f5b7cf4cc22185e848c0777424""},{""status"":""runtime-tested"",""profile"":""debug"",""lifecycle"":true,""stress"":true,""native_jab"":false,""adapter_assertion"":false,""backend"":""profile-default"",""dol_sha1"":""81533ece59d729a3aef5495e6185c60b616e27b3"",""evidence"":""docs/evidence/aerials/current/aerials-debug-stress-0-130.json"",""log_sha256"":""49529f3c79e4d63320368cef9d60b49620a7ac6fd09d26c7e7aec9afcdfd6dca""},{""status"":""runtime-tested"",""profile"":""release"",""lifecycle"":true,""stress"":false,""native_jab"":true,""adapter_assertion"":false,""backend"":""profile-default"",""dol_sha1"":""701391db058943f42300ca97846a0f2156b4a084"",""evidence"":""docs/evidence/aerials/current/aerials-release-extended-0-130.json"",""log_sha256"":""da69f533920989144323b3e2836413d7abcfcfdd2f45b1f4361bdb30f6d54ba5""},{""status"":""runtime-tested"",""profile"":""release"",""lifecycle"":true,""stress"":true,""native_jab"":true,""adapter_assertion"":false,""backend"":""profile-default"",""dol_sha1"":""36c24894da8b0649624bd1277c126c7533e46b54"",""evidence"":""docs/evidence/aerials/current/aerials-release-stress-0-130.json"",""log_sha256"":""fbc9a3bcc32b3f6ab77bd81ee710a8f2fa5e8c5773149e6da91736b32a1de458""}]"
1,captain_falcon,captain_falcon,fair,implemented,runtime-tested,False,common-aerial,Identical donor: keep the native slot,"[{""status"":""runtime-tested"",""profile"":""debug"",""lifecycle"":true,""stress"":false,""native_jab"":true,""adapter_assertion"":false,""backend"":""profile-default"",""dol_sha1"":""604630d94d7befcd31693eb1a266f4cb5827e5fb"",""evidence"":""docs/evidence/aerials/current/aerials-debug-current-0-130.json"",""log_sha256"":""597f02082e720fadd72b8e1874c731b11b7274f5b7cf4cc22185e848c0777424""},{""status"":""runtime-tested"",""profile"":""release"",""lifecycle"":true,""stress"":false,""native_jab"":true,""adapter_assertion"":false,""backend"":""profile-default"",""dol_sha1"":""701391db058943f42300ca97846a0f2156b4a084"",""evidence"":""docs/evidence/aerials/current/aerials-release-extended-0-130.json"",""log_sha256"":""da69f533920989144323b3e2836413d7abcfcfdd2f45b1f4361bdb30f6d54ba5""}]"
2,captain_falcon,captain_falcon,bair,implemented,runtime-tested,False,common-aerial,Identical donor: keep the native slot,"[{""status"":""runtime-tested"",""profile"":""debug"",""lifecycle"":true,""stress"":false,""native_jab"":true,""adapter_assertion"":false,""backend"":""profile-default"",""dol_sha1"":""604630d94d7befcd31693eb1a266f4cb5827e5fb"",""evidence"":""docs/evidence/aerials/current/aerials-debug-current-0-130.json"",""log_sha256"":""597f02082e720fadd72b8e1874c731b11b7274f5b7cf4cc22185e848c0777424""},{""status"":""runtime-tested"",""profile"":""release"",""lifecycle"":true,""stress"":false,""native_jab"":true,""adapter_assertion"":false,""backend"":""profile-default"",""dol_sha1"":""701391db058943f42300ca97846a0f2156b4a084"",""evidence"":""docs/evidence/aerials/current/aerials-release-extended-0-130.json"",""log_sha256"":""da69f533920989144323b3e2836413d7abcfcfdd2f45b1f4361bdb30f6d54ba5""}]"
3,captain_falcon,captain_falcon,uair,implemented,runtime-tested,False,common-aerial,Identical donor: keep the native slot,"[{""status"":""runtime-tested"",""profile"":""debug"",""lifecycle"":true,""stress"":false,""native_jab"":true,""adapter_assertion"":false,""backend"":""profile-default"",""dol_sha1"":""604630d94d7befcd31693eb1a266f4cb5827e5fb"",""evidence"":""docs/evidence/aerials/current/aerials-debug-current-0-130.json"",""log_sha256"":""597f02082e720fadd72b8e1874c731b11b7274f5b7cf4cc22185e848c0777424""},{""status"":""runtime-tested"",""profile"":""release"",""lifecycle"":true,""stress"":false,""native_jab"":true,""adapter_assertion"":false,""backend"":""profile-default"",""dol_sha1"":""701391db058943f42300ca97846a0f2156b4a084"",""evidence"":""docs/evidence/aerials/current/aerials-release-extended-0-130.json"",""log_sha256"":""da69f533920989144323b3e2836413d7abcfcfdd2f45b1f4361bdb30f6d54ba5""}]"
4,captain_falcon,captain_falcon,dair,implemented,runtime-tested,False,common-aerial,Identical donor: keep the native slot,"[{""status"":""runtime-tested"",""profile"":""debug"",""lifecycle"":true,""stress"":false,""native_jab"":true,""adapter_assertion"":false,""backend"":""profile-default"",""dol_sha1"":""604630d94d7befcd31693eb1a266f4cb5827e5fb"",""evidence"":""docs/evidence/aerials/current/aerials-debug-current-0-130.json"",""log_sha256"":""597f02082e720fadd72b8e1874c731b11b7274f5b7cf4cc22185e848c0777424""},{""status"":""runtime-tested"",""profile"":""release"",""lifecycle"":true,""stress"":false,""native_jab"":true,""adapter_assertion"":false,""backend"":""profile-default"",""dol_sha1"":""701391db058943f42300ca97846a0f2156b4a084"",""evidence"":""docs/evidence/aerials/current/aerials-release-extended-0-130.json"",""log_sha256"":""da69f533920989144323b3e2836413d7abcfcfdd2f45b1f4361bdb30f6d54ba5""}]"
5,captain_falcon,donkey_kong,nair,implemented,runtime-tested,True,common-aerial,,"[{""status"":""runtime-tested"",""profile"":""debug"",""lifecycle"":true,""stress"":false,""native_jab"":true,""adapter_assertion"":false,""backend"":""profile-default"",""dol_sha1"":""604630d94d7befcd31693eb1a266f4cb5827e5fb"",""evidence"":""docs/evidence/aerials/current/aerials-debug-current-0-130.json"",""log_sha256"":""597f02082e720fadd72b8e1874c731b11b7274f5b7cf4cc22185e848c0777424""},{""status"":""runtime-tested"",""profile"":""release"",""lifecycle"":true,""stress"":false,""native_jab"":true,""adapter_assertion"":false,""backend"":""profile-default"",""dol_sha1"":""701391db058943f42300ca97846a0f2156b4a084"",""evidence"":""docs/evidence/aerials/current/aerials-release-extended-0-130.json"",""log_sha256"":""da69f533920989144323b3e2836413d7abcfcfdd2f45b1f4361bdb30f6d54ba5""}]"
6,captain_falcon,donkey_kong,fair,implemented,runtime-tested,True,common-aerial,,"[{""status"":""runtime-tested"",""profile"":""debug"",""lifecycle"":true,""stress"":false,""native_jab"":true,""adapter_assertion"":false,""backend"":""profile-default"",""dol_sha1"":""604630d94d7befcd31693eb1a266f4cb5827e5fb"",""evidence"":""docs/evidence/aerials/current/aerials-debug-current-0-130.json"",""log_sha256"":""597f02082e720fadd72b8e1874c731b11b7274f5b7cf4cc22185e848c0777424""},{""status"":""runtime-tested"",""profile"":""release"",""lifecycle"":true,""stress"":false,""native_jab"":true,""adapter_assertion"":false,""backend"":""profile-default"",""dol_sha1"":""701391db058943f42300ca97846a0f2156b4a084"",""evidence"":""docs/evidence/aerials/current/aerials-release-extended-0-130.json"",""log_sha256"":""da69f533920989144323b3e2836413d7abcfcfdd2f45b1f4361bdb30f6d54ba5""}]"
7,captain_falcon,donkey_kong,bair,implemented,runtime-tested,True,common-aerial,,"[{""status"":""runtime-tested"",""profile"":""debug"",""lifecycle"":true,""stress"":false,""native_jab"":true,""adapter_assertion"":false,""backend"":""profile-default"",""dol_sha1"":""604630d94d7befcd31693eb1a266f4cb5827e5fb"",""evidence"":""docs/evidence/aerials/current/aerials-debug-current-0-130.json"",""log_sha256"":""597f02082e720fadd72b8e1874c731b11b7274f5b7cf4cc22185e848c0777424""},{""status"":""runtime-tested"",""profile"":""release"",""lifecycle"":true,""stress"":false,""native_jab"":true,""adapter_assertion"":false,""backend"":""profile-default"",""dol_sha1"":""701391db058943f42300ca97846a0f2156b4a084"",""evidence"":""docs/evidence/aerials/current/aerials-release-extended-0-130.json"",""log_sha256"":""da69f533920989144323b3e2836413d7abcfcfdd2f45b1f4361bdb30f6d54ba5""}]"
8,captain_falcon,donkey_kong,uair,implemented,runtime-tested,True,common-aerial,,"[{""status"":""runtime-tested"",""profile"":""debug"",""lifecycle"":true,""stress"":false,""native_jab"":true,""adapter_assertion"":false,""backend"":""profile-default"",""dol_sha1"":""604630d94d7befcd31693eb1a266f4cb5827e5fb"",""evidence"":""docs/evidence/aerials/current/aerials-debug-current-0-130.json"",""log_sha256"":""597f02082e720fadd72b8e1874c731b11b7274f5b7cf4cc22185e848c0777424""},{""status"":""runtime-tested"",""profile"":""release"",""lifecycle"":true,""stress"":false,""native_jab"":true,""adapter_assertion"":false,""backend"":""profile-default"",""dol_sha1"":""701391db058943f42300ca97846a0f2156b4a084"",""evidence"":""docs/evidence/aerials/current/aerials-release-extended-0-130.json"",""log_sha256"":""da69f533920989144323b3e2836413d7abcfcfdd2f45b1f4361bdb30f6d54ba5""}]"
9,captain_falcon,donkey_kong,dair,implemented,runtime-tested,True,common-aerial,,"[{""status"":""runtime-tested"",""profile"":""debug"",""lifecycle"":true,""stress"":false,""native_jab"":true,""adapter_assertion"":false,""backend"":""profile-default"",""dol_sha1"":""604630d94d7befcd31693eb1a266f4cb5827e5fb"",""evidence"":""docs/evidence/aerials/current/aerials-debug-current-0-130.json"",""log_sha256"":""597f02082e720fadd72b8e1874c731b11b7274f5b7cf4cc22185e848c0777424""},{""status"":""runtime-tested"",""profile"":""release"",""lifecycle"":true,""stress"":false,""native_jab"":true,""adapter_assertion"":false,""backend"":""profile-default"",""dol_sha1"":""701391db058943f42300ca97846a0f2156b4a084"",""evidence"":""docs/evidence/aerials/current/aerials-release-extended-0-130.json"",""log_sha256"":""da69f533920989144323b3e2836413d7abcfcfdd2f45b1f4361bdb30f6d54ba5""}]"
10,captain_falcon,fox,nair,implemented,runtime-tested,True,common-aerial,,"[{""status"":""runtime-tested"",""profile"":""debug"",""lifecycle"":true,""stress"":false,""native_jab"":true,""adapter_assertion"":false,""backend"":""profile-default"",""dol_sha1"":""604630d94d7befcd31693eb1a266f4cb5827e5fb"",""evidence"":""docs/evidence/aerials/current/aerials-debug-current-0-130.json"",""log_sha256"":""597f02082e720fadd72b8e1874c731b11b7274f5b7cf4cc22185e848c0777424""},{""status"":""runtime-tested"",""profile"":""release"",""lifecycle"":true,""stress"":false,""native_jab"":true,""adapter_assertion"":false,""backend"":""profile-default"",""dol_sha1"":""701391db058943f42300ca97846a0f2156b4a084"",""evidence"":""docs/evidence/aerials/current/aerials-release-extended-0-130.json"",""log_sha256"":""da69f533920989144323b3e2836413d7abcfcfdd2f45b1f4361bdb30f6d54ba5""}]"
11,captain_falcon,fox,fair,implemented,runtime-tested,True,common-aerial,,"[{""status"":""runtime-tested"",""profile"":""debug"",""lifecycle"":true,""stress"":false,""native_jab"":true,""adapter_assertion"":false,""backend"":""profile-default"",""dol_sha1"":""604630d94d7befcd31693eb1a266f4cb5827e5fb"",""evidence"":""docs/evidence/aerials/current/aerials-debug-current-0-130.json"",""log_sha256"":""597f02082e720fadd72b8e1874c731b11b7274f5b7cf4cc22185e848c0777424""},{""status"":""runtime-tested"",""profile"":""release"",""lifecycle"":true,""stress"":false,""native_jab"":true,""adapter_assertion"":false,""backend"":""profile-default"",""dol_sha1"":""701391db058943f42300ca97846a0f2156b4a084"",""evidence"":""docs/evidence/aerials/current/aerials-release-extended-0-130.json"",""log_sha256"":""da69f533920989144323b3e2836413d7abcfcfdd2f45b1f4361bdb30f6d54ba5""}]"
12,captain_falcon,fox,bair,implemented,runtime-tested,True,common-aerial,,"[{""status"":""runtime-tested"",""profile"":""debug"",""lifecycle"":true,""stress"":false,""native_jab"":true,""adapter_assertion"":false,""backend"":""profile-default"",""dol_sha1"":""604630d94d7befcd31693eb1a266f4cb5827e5fb"",""evidence"":""docs/evidence/aerials/current/aerials-debug-current-0-130.json"",""log_sha256"":""597f02082e720fadd72b8e1874c731b11b7274f5b7cf4cc22185e848c0777424""},{""status"":""runtime-tested"",""profile"":""release"",""lifecycle"":true,""stress"":false,""native_jab"":true,""adapter_assertion"":false,""backend"":""profile-default"",""dol_sha1"":""701391db058943f42300ca97846a0f2156b4a084"",""evidence"":""docs/evidence/aerials/current/aerials-release-extended-0-130.json"",""log_sha256"":""da69f533920989144323b3e2836413d7abcfcfdd2f45b1f4361bdb30f6d54ba5""}]"
13,captain_falcon,fox,uair,implemented,runtime-tested,True,common-aerial,,"[{""status"":""runtime-tested"",""profile"":""debug"",""lifecycle"":true,""stress"":false,""native_jab"":true,""adapter_assertion"":false,""backend"":""profile-default"",""dol_sha1"":""604630d94d7befcd31693eb1a266f4cb5827e5fb"",""evidence"":""docs/evidence/aerials/current/aerials-debug-current-0-130.json"",""log_sha256"":""597f02082e720fadd72b8e1874c731b11b7274f5b7cf4cc22185e848c0777424""},{""status"":""runtime-tested"",""profile"":""release"",""lifecycle"":true,""stress"":false,""native_jab"":true,""adapter_assertion"":false,""backend"":""profile-default"",""dol_sha1"":""701391db058943f42300ca97846a0f2156b4a084"",""evidence"":""docs/evidence/aerials/current/aerials-release-extended-0-130.json"",""log_sha256"":""da69f533920989144323b3e2836413d7abcfcfdd2f45b1f4361bdb30f6d54ba5""}]"
14,captain_falcon,fox,dair,implemented,runtime-tested,True,common-aerial,,"[{""status"":""runtime-tested"",""profile"":""debug"",""lifecycle"":true,""stress"":false,""native_jab"":true,""adapter_assertion"":false,""backend"":""profile-default"",""dol_sha1"":""604630d94d7befcd31693eb1a266f4cb5827e5fb"",""evidence"":""docs/evidence/aerials/current/aerials-debug-current-0-130.json"",""log_sha256"":""597f02082e720fadd72b8e1874c731b11b7274f5b7cf4cc22185e848c0777424""},{""status"":""runtime-tested"",""profile"":""release"",""lifecycle"":true,""stress"":false,""native_jab"":true,""adapter_assertion"":false,""backend"":""profile-default"",""dol_sha1"":""701391db058943f42300ca97846a0f2156b4a084"",""evidence"":""docs/evidence/aerials/current/aerials-release-extended-0-130.json"",""log_sha256"":""da69f533920989144323b3e2836413d7abcfcfdd2f45b1f4361bdb30f6d54ba5""}]"
15,captain_falcon,game_and_watch,nair,implemented,runtime-tested,True,gamewatch-articles,,"[{""status"":""runtime-tested"",""profile"":""debug"",""lifecycle"":true,""stress"":false,""native_jab"":true,""adapter_assertion"":true,""backend"":""profile-default"",""dol_sha1"":""604630d94d7befcd31693eb1a266f4cb5827e5fb"",""evidence"":""docs/evidence/aerials/current/aerials-debug-current-0-130.json"",""log_sha256"":""597f02082e720fadd72b8e1874c731b11b7274f5b7cf4cc22185e848c0777424""},{""status"":""runtime-tested"",""profile"":""release"",""lifecycle"":true,""stress"":false,""native_jab"":true,""adapter_assertion"":false,""backend"":""profile-default"",""dol_sha1"":""701391db058943f42300ca97846a0f2156b4a084"",""evidence"":""docs/evidence/aerials/current/aerials-release-extended-0-130.json"",""log_sha256"":""da69f533920989144323b3e2836413d7abcfcfdd2f45b1f4361bdb30f6d54ba5""}]"
16,captain_falcon,game_and_watch,fair,implemented,runtime-tested,True,common-aerial,,"[{""status"":""runtime-tested"",""profile"":""debug"",""lifecycle"":true,""stress"":false,""native_jab"":true,""adapter_assertion"":false,""backend"":""profile-default"",""dol_sha1"":""604630d94d7befcd31693eb1a266f4cb5827e5fb"",""evidence"":""docs/evidence/aerials/current/aerials-debug-current-0-130.json"",""log_sha256"":""597f02082e720fadd72b8e1874c731b11b7274f5b7cf4cc22185e848c0777424""},{""status"":""runtime-tested"",""profile"":""release"",""lifecycle"":true,""stress"":false,""native_jab"":true,""adapter_assertion"":false,""backend"":""profile-default"",""dol_sha1"":""701391db058943f42300ca97846a0f2156b4a084"",""evidence"":""docs/evidence/aerials/current/aerials-release-extended-0-130.json"",""log_sha256"":""da69f533920989144323b3e2836413d7abcfcfdd2f45b1f4361bdb30f6d54ba5""}]"
17,captain_falcon,game_and_watch,bair,implemented,runtime-tested,True,gamewatch-articles,,"[{""status"":""runtime-tested"",""profile"":""debug"",""lifecycle"":true,""stress"":false,""native_jab"":true,""adapter_assertion"":true,""backend"":""profile-default"",""dol_sha1"":""604630d94d7befcd31693eb1a266f4cb5827e5fb"",""evidence"":""docs/evidence/aerials/current/aerials-debug-current-0-130.json"",""log_sha256"":""597f02082e720fadd72b8e1874c731b11b7274f5b7cf4cc22185e848c0777424""},{""status"":""runtime-tested"",""profile"":""release"",""lifecycle"":true,""stress"":false,""native_jab"":true,""adapter_assertion"":false,""backend"":""profile-default"",""dol_sha1"":""701391db058943f42300ca97846a0f2156b4a084"",""evidence"":""docs/evidence/aerials/current/aerials-release-extended-0-130.json"",""log_sha256"":""da69f533920989144323b3e2836413d7abcfcfdd2f45b1f4361bdb30f6d54ba5""}]"
18,captain_falcon,game_and_watch,uair,implemented,runtime-tested,True,gamewatch-articles,,"[{""status"":""runtime-tested"",""profile"":""debug"",""lifecycle"":true,""stress"":false,""native_jab"":true,""adapter_assertion"":true,""backend"":""profile-default"",""dol_sha1"":""604630d94d7befcd31693eb1a266f4cb5827e5fb"",""evidence"":""docs/evidence/aerials/current/aerials-debug-current-0-130.json"",""log_sha256"":""597f02082e720fadd72b8e1874c731b11b7274f5b7cf4cc22185e848c0777424""},{""status"":""runtime-tested"",""profile"":""release"",""lifecycle"":true,""stress"":false,""native_jab"":true,""adapter_assertion"":false,""backend"":""profile-default"",""dol_sha1"":""701391db058943f42300ca97846a0f2156b4a084"",""evidence"":""docs/evidence/aerials/current/aerials-release-extended-0-130.json"",""log_sha256"":""da69f533920989144323b3e2836413d7abcfcfdd2f45b1f4361bdb30f6d54ba5""}]"
19,captain_falcon,game_and_watch,dair,implemented,runtime-tested,True,common-aerial,,"[{""status"":""runtime-tested"",""profile"":""debug"",""lifecycle"":true,""stress"":false,""native_jab"":true,""adapter_assertion"":false,""backend"":""profile-default"",""dol_sha1"":""604630d94d7befcd31693eb1a266f4cb5827e5fb"",""evidence"":""docs/evidence/aerials/current/aerials-debug-current-0-130.json"",""log_sha256"":""597f02082e720fadd72b8e1874c731b11b7274f5b7cf4cc22185e848c0777424""},{""status"":""runtime-tested"",""profile"":""release"",""lifecycle"":true,""stress"":false,""native_jab"":true,""adapter_assertion"":false,""backend"":""profile-default"",""dol_sha1"":""701391db058943f42300ca97846a0f2156b4a084"",""evidence"":""docs/evidence/aerials/current/aerials-release-extended-0-130.json"",""log_sha256"":""da69f533920989144323b3e2836413d7abcfcfdd2f45b1f4361bdb30f6d54ba5""}]"
20,captain_falcon,kirby,nair,implemented,runtime-tested,True,common-aerial,,"[{""status"":""runtime-tested"",""profile"":""debug"",""lifecycle"":true,""stress"":false,""native_jab"":true,""adapter_assertion"":false,""backend"":""profile-default"",""dol_sha1"":""604630d94d7befcd31693eb1a266f4cb5827e5fb"",""evidence"":""docs/evidence/aerials/current/aerials-debug-current-0-130.json"",""log_sha256"":""597f02082e720fadd72b8e1874c731b11b7274f5b7cf4cc22185e848c0777424""},{""status"":""runtime-tested"",""profile"":""release"",""lifecycle"":true,""stress"":false,""native_jab"":true,""adapter_assertion"":false,""backend"":""profile-default"",""dol_sha1"":""701391db058943f42300ca97846a0f2156b4a084"",""evidence"":""docs/evidence/aerials/current/aerials-release-extended-0-130.json"",""log_sha256"":""da69f533920989144323b3e2836413d7abcfcfdd2f45b1f4361bdb30f6d54ba5""}]"
21,captain_falcon,kirby,fair,implemented,runtime-tested,True,common-aerial,,"[{""status"":""runtime-tested"",""profile"":""debug"",""lifecycle"":true,""stress"":false,""native_jab"":true,""adapter_assertion"":false,""backend"":""profile-default"",""dol_sha1"":""604630d94d7befcd31693eb1a266f4cb5827e5fb"",""evidence"":""docs/evidence/aerials/current/aerials-debug-current-0-130.json"",""log_sha256"":""597f02082e720fadd72b8e1874c731b11b7274f5b7cf4cc22185e848c0777424""},{""status"":""runtime-tested"",""profile"":""release"",""lifecycle"":true,""stress"":false,""native_jab"":true,""adapter_assertion"":false,""backend"":""profile-default"",""dol_sha1"":""701391db058943f42300ca97846a0f2156b4a084"",""evidence"":""docs/evidence/aerials/current/aerials-release-extended-0-130.json"",""log_sha256"":""da69f533920989144323b3e2836413d7abcfcfdd2f45b1f4361bdb30f6d54ba5""}]"
22,captain_falcon,kirby,bair,implemented,runtime-tested,True,common-aerial,,"[{""status"":""runtime-tested"",""profile"":""debug"",""lifecycle"":true,""stress"":false,""native_jab"":true,""adapter_assertion"":false,""backend"":""profile-default"",""dol_sha1"":""604630d94d7befcd31693eb1a266f4cb5827e5fb"",""evidence"":""docs/evidence/aerials/current/aerials-debug-current-0-130.json"",""log_sha256"":""597f02082e720fadd72b8e1874c731b11b7274f5b7cf4cc22185e848c0777424""},{""status"":""runtime-tested"",""profile"":""release"",""lifecycle"":true,""stress"":false,""native_jab"":true,""adapter_assertion"":false,""backend"":""profile-default"",""dol_sha1"":""701391db058943f42300ca97846a0f2156b4a084"",""evidence"":""docs/evidence/aerials/current/aerials-release-extended-0-130.json"",""log_sha256"":""da69f533920989144323b3e2836413d7abcfcfdd2f45b1f4361bdb30f6d54ba5""}]"
23,captain_falcon,kirby,uair,implemented,runtime-tested,True,common-aerial,,"[{""status"":""runtime-tested"",""profile"":""debug"",""lifecycle"":true,""stress"":false,""native_jab"":true,""adapter_assertion"":false,""backend"":""profile-default"",""dol_sha1"":""604630d94d7befcd31693eb1a266f4cb5827e5fb"",""evidence"":""docs/evidence/aerials/current/aerials-debug-current-0-130.json"",""log_sha256"":""597f02082e720fadd72b8e1874c731b11b7274f5b7cf4cc22185e848c0777424""},{""status"":""runtime-tested"",""profile"":""release"",""lifecycle"":true,""stress"":false,""native_jab"":true,""adapter_assertion"":false,""backend"":""profile-default"",""dol_sha1"":""701391db058943f42300ca97846a0f2156b4a084"",""evidence"":""docs/evidence/aerials/current/aerials-release-extended-0-130.json"",""log_sha256"":""da69f533920989144323b3e2836413d7abcfcfdd2f45b1f4361bdb30f6d54ba5""}]"
24,captain_falcon,kirby,dair,implemented,runtime-tested,True,common-aerial,,"[{""status"":""runtime-tested"",""profile"":""debug"",""lifecycle"":true,""stress"":false,""native_jab"":true,""adapter_assertion"":false,""backend"":""profile-default"",""dol_sha1"":""604630d94d7befcd31693eb1a266f4cb5827e5fb"",""evidence"":""docs/evidence/aerials/current/aerials-debug-current-0-130.json"",""log_sha256"":""597f02082e720fadd72b8e1874c731b11b7274f5b7cf4cc22185e848c0777424""},{""status"":""runtime-tested"",""profile"":""release"",""lifecycle"":true,""stress"":false,""native_jab"":true,""adapter_assertion"":false,""backend"":""profile-default"",""dol_sha1"":""701391db058943f42300ca97846a0f2156b4a084"",""evidence"":""docs/evidence/aerials/current/aerials-release-extended-0-130.json"",""log_sha256"":""da69f533920989144323b3e2836413d7abcfcfdd2f45b1f4361bdb30f6d54ba5""}]"
25,captain_falcon,bowser,nair,implemented,runtime-tested,True,common-aerial,,"[{""status"":""runtime-tested"",""profile"":""debug"",""lifecycle"":true,""stress"":false,""native_jab"":true,""adapter_assertion"":false,""backend"":""profile-default"",""dol_sha1"":""604630d94d7befcd31693eb1a266f4cb5827e5fb"",""evidence"":""docs/evidence/aerials/current/aerials-debug-current-0-130.json"",""log_sha256"":""597f02082e720fadd72b8e1874c731b11b7274f5b7cf4cc22185e848c0777424""},{""status"":""runtime-tested"",""profile"":""release"",""lifecycle"":true,""stress"":false,""native_jab"":true,""adapter_assertion"":false,""backend"":""profile-default"",""dol_sha1"":""701391db058943f42300ca97846a0f2156b4a084"",""evidence"":""docs/evidence/aerials/current/aerials-release-extended-0-130.json"",""log_sha256"":""da69f533920989144323b3e2836413d7abcfcfdd2f45b1f4361bdb30f6d54ba5""}]"
26,captain_falcon,bowser,fair,implemented,runtime-tested,True,common-aerial,,"[{""status"":""runtime-tested"",""profile"":""debug"",""lifecycle"":true,""stress"":false,""native_jab"":true,""adapter_assertion"":false,""backend"":""profile-default"",""dol_sha1"":""604630d94d7befcd31693eb1a266f4cb5827e5fb"",""evidence"":""docs/evidence/aerials/current/aerials-debug-current-0-130.json"",""log_sha256"":""597f02082e720fadd72b8e1874c731b11b7274f5b7cf4cc22185e848c0777424""},{""status"":""runtime-tested"",""profile"":""debug"",""lifecycle"":true,""stress"":true,""native_jab"":false,""adapter_assertion"":false,""backend"":""profile-default"",""dol_sha1"":""81533ece59d729a3aef5495e6185c60b616e27b3"",""evidence"":""docs/evidence/aerials/current/aerials-debug-stress-0-130.json"",""log_sha256"":""49529f3c79e4d63320368cef9d60b49620a7ac6fd09d26c7e7aec9afcdfd6dca""},{""status"":""runtime-tested"",""profile"":""release"",""lifecycle"":true,""stress"":false,""native_jab"":true,""adapter_assertion"":false,""backend"":""profile-default"",""dol_sha1"":""701391db058943f42300ca97846a0f2156b4a084"",""evidence"":""docs/evidence/aerials/current/aerials-release-extended-0-130.json"",""log_sha256"":""da69f533920989144323b3e2836413d7abcfcfdd2f45b1f4361bdb30f6d54ba5""},{""status"":""runtime-tested"",""profile"":""release"",""lifecycle"":true,""stress"":true,""native_jab"":true,""adapter_assertion"":false,""backend"":""profile-default"",""dol_sha1"":""36c24894da8b0649624bd1277c126c7533e46b54"",""evidence"":""docs/evidence/aerials/current/aerials-release-stress-0-130.json"",""log_sha256"":""fbc9a3bcc32b3f6ab77bd81ee710a8f2fa5e8c5773149e6da91736b32a1de458""}]"
27,captain_falcon,bowser,bair,implemented,runtime-tested,True,common-aerial,,"[{""status"":""runtime-tested"",""profile"":""debug"",""lifecycle"":true,""stress"":false,""native_jab"":true,""adapter_assertion"":false,""backend"":""profile-default"",""dol_sha1"":""604630d94d7befcd31693eb1a266f4cb5827e5fb"",""evidence"":""docs/evidence/aerials/current/aerials-debug-current-0-130.json"",""log_sha256"":""597f02082e720fadd72b8e1874c731b11b7274f5b7cf4cc22185e848c0777424""},{""status"":""runtime-tested"",""profile"":""release"",""lifecycle"":true,""stress"":false,""native_jab"":true,""adapter_assertion"":false,""backend"":""profile-default"",""dol_sha1"":""701391db058943f42300ca97846a0f2156b4a084"",""evidence"":""docs/evidence/aerials/current/aerials-release-extended-0-130.json"",""log_sha256"":""da69f533920989144323b3e2836413d7abcfcfdd2f45b1f4361bdb30f6d54ba5""}]"
28,captain_falcon,bowser,uair,implemented,runtime-tested,True,common-aerial,,"[{""status"":""runtime-tested"",""profile"":""debug"",""lifecycle"":true,""stress"":false,""native_jab"":true,""adapter_assertion"":false,""backend"":""profile-default"",""dol_sha1"":""604630d94d7befcd31693eb1a266f4cb5827e5fb"",""evidence"":""docs/evidence/aerials/current/aerials-debug-current-0-130.json"",""log_sha256"":""597f02082e720fadd72b8e1874c731b11b7274f5b7cf4cc22185e848c0777424""},{""status"":""runtime-tested"",""profile"":""release"",""lifecycle"":true,""stress"":false,""native_jab"":true,""adapter_assertion"":false,""backend"":""profile-default"",""dol_sha1"":""701391db058943f42300ca97846a0f2156b4a084"",""evidence"":""docs/evidence/aerials/current/aerials-release-extended-0-130.json"",""log_sha256"":""da69f533920989144323b3e2836413d7abcfcfdd2f45b1f4361bdb30f6d54ba5""}]"
29,captain_falcon,bowser,dair,implemented,runtime-tested,True,common-aerial,,"[{""status"":""runtime-tested"",""profile"":""debug"",""lifecycle"":true,""stress"":false,""native_jab"":true,""adapter_assertion"":false,""backend"":""profile-default"",""dol_sha1"":""604630d94d7befcd31693eb1a266f4cb5827e5fb"",""evidence"":""docs/evidence/aerials/current/aerials-debug-current-0-130.json"",""log_sha256"":""597f02082e720fadd72b8e1874c731b11b7274f5b7cf4cc22185e848c0777424""},{""status"":""runtime-tested"",""profile"":""release"",""lifecycle"":true,""stress"":false,""native_jab"":true,""adapter_assertion"":false,""backend"":""profile-default"",""dol_sha1"":""701391db058943f42300ca97846a0f2156b4a084"",""evidence"":""docs/evidence/aerials/current/aerials-release-extended-0-130.json"",""log_sha256"":""da69f533920989144323b3e2836413d7abcfcfdd2f45b1f4361bdb30f6d54ba5""}]"
30,captain_falcon,link,nair,implemented,runtime-tested,True,common-aerial,,"[{""status"":""runtime-tested"",""profile"":""debug"",""lifecycle"":true,""stress"":false,""native_jab"":true,""adapter_assertion"":false,""backend"":""profile-default"",""dol_sha1"":""604630d94d7befcd31693eb1a266f4cb5827e5fb"",""evidence"":""docs/evidence/aerials/current/aerials-debug-current-0-130.json"",""log_sha256"":""597f02082e720fadd72b8e1874c731b11b7274f5b7cf4cc22185e848c0777424""},{""status"":""runtime-tested"",""profile"":""release"",""lifecycle"":true,""stress"":false,""native_jab"":true,""adapter_assertion"":false,""backend"":""profile-default"",""dol_sha1"":""701391db058943f42300ca97846a0f2156b4a084"",""evidence"":""docs/evidence/aerials/current/aerials-release-extended-0-130.json"",""log_sha256"":""da69f533920989144323b3e2836413d7abcfcfdd2f45b1f4361bdb30f6d54ba5""}]"
31,captain_falcon,link,fair,implemented,runtime-tested,True,common-aerial,,"[{""status"":""runtime-tested"",""profile"":""debug"",""lifecycle"":true,""stress"":false,""native_jab"":true,""adapter_assertion"":false,""backend"":""profile-default"",""dol_sha1"":""604630d94d7befcd31693eb1a266f4cb5827e5fb"",""evidence"":""docs/evidence/aerials/current/aerials-debug-current-0-130.json"",""log_sha256"":""597f02082e720fadd72b8e1874c731b11b7274f5b7cf4cc22185e848c0777424""},{""status"":""runtime-tested"",""profile"":""release"",""lifecycle"":true,""stress"":false,""native_jab"":true,""adapter_assertion"":false,""backend"":""profile-default"",""dol_sha1"":""701391db058943f42300ca97846a0f2156b4a084"",""evidence"":""docs/evidence/aerials/current/aerials-release-extended-0-130.json"",""log_sha256"":""da69f533920989144323b3e2836413d7abcfcfdd2f45b1f4361bdb30f6d54ba5""}]"
32,captain_falcon,link,bair,implemented,runtime-tested,True,common-aerial,,"[{""status"":""runtime-tested"",""profile"":""debug"",""lifecycle"":true,""stress"":false,""native_jab"":true,""adapter_assertion"":false,""backend"":""profile-default"",""dol_sha1"":""604630d94d7befcd31693eb1a266f4cb5827e5fb"",""evidence"":""docs/evidence/aerials/current/aerials-debug-current-0-130.json"",""log_sha256"":""597f02082e720fadd72b8e1874c731b11b7274f5b7cf4cc22185e848c0777424""},{""status"":""runtime-tested"",""profile"":""release"",""lifecycle"":true,""stress"":false,""native_jab"":true,""adapter_assertion"":false,""backend"":""profile-default"",""dol_sha1"":""701391db058943f42300ca97846a0f2156b4a084"",""evidence"":""docs/evidence/aerials/current/aerials-release-extended-0-130.json"",""log_sha256"":""da69f533920989144323b3e2836413d7abcfcfdd2f45b1f4361bdb30f6d54ba5""}]"
33,captain_falcon,link,uair,implemented,runtime-tested,True,common-aerial,,"[{""status"":""runtime-tested"",""profile"":""debug"",""lifecycle"":true,""stress"":false,""native_jab"":true,""adapter_assertion"":false,""backend"":""profile-default"",""dol_sha1"":""604630d94d7befcd31693eb1a266f4cb5827e5fb"",""evidence"":""docs/evidence/aerials/current/aerials-debug-current-0-130.json"",""log_sha256"":""597f02082e720fadd72b8e1874c731b11b7274f5b7cf4cc22185e848c0777424""},{""status"":""runtime-tested"",""profile"":""release"",""lifecycle"":true,""stress"":false,""native_jab"":true,""adapter_assertion"":false,""backend"":""profile-default"",""dol_sha1"":""701391db058943f42300ca97846a0f2156b4a084"",""evidence"":""docs/evidence/aerials/current/aerials-release-extended-0-130.json"",""log_sha256"":""da69f533920989144323b3e2836413d7abcfcfdd2f45b1f4361bdb30f6d54ba5""}]"
34,captain_falcon,link,dair,implemented,runtime-tested,True,link-down-bounce,,"[{""status"":""runtime-tested"",""profile"":""debug"",""lifecycle"":true,""stress"":false,""native_jab"":true,""adapter_assertion"":true,""backend"":""profile-default"",""dol_sha1"":""604630d94d7befcd31693eb1a266f4cb5827e5fb"",""evidence"":""docs/evidence/aerials/current/aerials-debug-current-0-130.json"",""log_sha256"":""597f02082e720fadd72b8e1874c731b11b7274f5b7cf4cc22185e848c0777424""},{""status"":""runtime-tested"",""profile"":""release"",""lifecycle"":true,""stress"":false,""native_jab"":true,""adapter_assertion"":false,""backend"":""profile-default"",""dol_sha1"":""701391db058943f42300ca97846a0f2156b4a084"",""evidence"":""docs/evidence/aerials/current/aerials-release-extended-0-130.json"",""log_sha256"":""da69f533920989144323b3e2836413d7abcfcfdd2f45b1f4361bdb30f6d54ba5""}]"
35,captain_falcon,luigi,nair,implemented,runtime-tested,True,common-aerial,,"[{""status"":""runtime-tested"",""profile"":""debug"",""lifecycle"":true,""stress"":false,""native_jab"":true,""adapter_assertion"":false,""backend"":""profile-default"",""dol_sha1"":""604630d94d7befcd31693eb1a266f4cb5827e5fb"",""evidence"":""docs/evidence/aerials/current/aerials-debug-current-0-130.json"",""log_sha256"":""597f02082e720fadd72b8e1874c731b11b7274f5b7cf4cc22185e848c0777424""},{""status"":""runtime-tested"",""profile"":""release"",""lifecycle"":true,""stress"":false,""native_jab"":true,""adapter_assertion"":false,""backend"":""profile-default"",""dol_sha1"":""701391db058943f42300ca97846a0f2156b4a084"",""evidence"":""docs/evidence/aerials/current/aerials-release-extended-0-130.json"",""log_sha256"":""da69f533920989144323b3e2836413d7abcfcfdd2f45b1f4361bdb30f6d54ba5""}]"
36,captain_falcon,luigi,fair,implemented,runtime-tested,True,common-aerial,,"[{""status"":""runtime-tested"",""profile"":""debug"",""lifecycle"":true,""stress"":false,""native_jab"":true,""adapter_assertion"":false,""backend"":""profile-default"",""dol_sha1"":""604630d94d7befcd31693eb1a266f4cb5827e5fb"",""evidence"":""docs/evidence/aerials/current/aerials-debug-current-0-130.json"",""log_sha256"":""597f02082e720fadd72b8e1874c731b11b7274f5b7cf4cc22185e848c0777424""},{""status"":""runtime-tested"",""profile"":""release"",""lifecycle"":true,""stress"":false,""native_jab"":true,""adapter_assertion"":false,""backend"":""profile-default"",""dol_sha1"":""701391db058943f42300ca97846a0f2156b4a084"",""evidence"":""docs/evidence/aerials/current/aerials-release-extended-0-130.json"",""log_sha256"":""da69f533920989144323b3e2836413d7abcfcfdd2f45b1f4361bdb30f6d54ba5""}]"
37,captain_falcon,luigi,bair,implemented,runtime-tested,True,common-aerial,,"[{""status"":""runtime-tested"",""profile"":""debug"",""lifecycle"":true,""stress"":false,""native_jab"":true,""adapter_assertion"":false,""backend"":""profile-default"",""dol_sha1"":""604630d94d7befcd31693eb1a266f4cb5827e5fb"",""evidence"":""docs/evidence/aerials/current/aerials-debug-current-0-130.json"",""log_sha256"":""597f02082e720fadd72b8e1874c731b11b7274f5b7cf4cc22185e848c0777424""},{""status"":""runtime-tested"",""profile"":""release"",""lifecycle"":true,""stress"":false,""native_jab"":true,""adapter_assertion"":false,""backend"":""profile-default"",""dol_sha1"":""701391db058943f42300ca97846a0f2156b4a084"",""evidence"":""docs/evidence/aerials/current/aerials-release-extended-0-130.json"",""log_sha256"":""da69f533920989144323b3e2836413d7abcfcfdd2f45b1f4361bdb30f6d54ba5""}]"
38,captain_falcon,luigi,uair,implemented,runtime-tested,True,common-aerial,,"[{""status"":""runtime-tested"",""profile"":""debug"",""lifecycle"":true,""stress"":false,""native_jab"":true,""adapter_assertion"":false,""backend"":""profile-default"",""dol_sha1"":""604630d94d7befcd31693eb1a266f4cb5827e5fb"",""evidence"":""docs/evidence/aerials/current/aerials-debug-current-0-130.json"",""log_sha256"":""597f02082e720fadd72b8e1874c731b11b7274f5b7cf4cc22185e848c0777424""},{""status"":""runtime-tested"",""profile"":""release"",""lifecycle"":true,""stress"":false,""native_jab"":true,""adapter_assertion"":false,""backend"":""profile-default"",""dol_sha1"":""701391db058943f42300ca97846a0f2156b4a084"",""evidence"":""docs/evidence/aerials/current/aerials-release-extended-0-130.json"",""log_sha256"":""da69f533920989144323b3e2836413d7abcfcfdd2f45b1f4361bdb30f6d54ba5""}]"
39,captain_falcon,luigi,dair,implemented,runtime-tested,True,common-aerial,,"[{""status"":""runtime-tested"",""profile"":""debug"",""lifecycle"":true,""stress"":false,""native_jab"":true,""adapter_assertion"":false,""backend"":""profile-default"",""dol_sha1"":""604630d94d7befcd31693eb1a266f4cb5827e5fb"",""evidence"":""docs/evidence/aerials/current/aerials-debug-current-0-130.json"",""log_sha256"":""597f02082e720fadd72b8e1874c731b11b7274f5b7cf4cc22185e848c0777424""},{""status"":""runtime-tested"",""profile"":""release"",""lifecycle"":true,""stress"":false,""native_jab"":true,""adapter_assertion"":false,""backend"":""profile-default"",""dol_sha1"":""701391db058943f42300ca97846a0f2156b4a084"",""evidence"":""docs/evidence/aerials/current/aerials-release-extended-0-130.json"",""log_sha256"":""da69f533920989144323b3e2836413d7abcfcfdd2f45b1f4361bdb30f6d54ba5""}]"
40,captain_falcon,mario,nair,implemented,runtime-tested,True,common-aerial,,"[{""status"":""runtime-tested"",""profile"":""debug"",""lifecycle"":true,""stress"":false,""native_jab"":true,""adapter_assertion"":false,""backend"":""profile-default"",""dol_sha1"":""604630d94d7befcd31693eb1a266f4cb5827e5fb"",""evidence"":""docs/evidence/aerials/current/aerials-debug-current-0-130.json"",""log_sha256"":""597f02082e720fadd72b8e1874c731b11b7274f5b7cf4cc22185e848c0777424""},{""status"":""runtime-tested"",""profile"":""release"",""lifecycle"":true,""stress"":false,""native_jab"":true,""adapter_assertion"":false,""backend"":""profile-default"",""dol_sha1"":""701391db058943f42300ca97846a0f2156b4a084"",""evidence"":""docs/evidence/aerials/current/aerials-release-extended-0-130.json"",""log_sha256"":""da69f533920989144323b3e2836413d7abcfcfdd2f45b1f4361bdb30f6d54ba5""}]"
41,captain_falcon,mario,fair,implemented,runtime-tested,True,common-aerial,,"[{""status"":""runtime-tested"",""profile"":""debug"",""lifecycle"":true,""stress"":false,""native_jab"":true,""adapter_assertion"":false,""backend"":""profile-default"",""dol_sha1"":""604630d94d7befcd31693eb1a266f4cb5827e5fb"",""evidence"":""docs/evidence/aerials/current/aerials-debug-current-0-130.json"",""log_sha256"":""597f02082e720fadd72b8e1874c731b11b7274f5b7cf4cc22185e848c0777424""},{""status"":""runtime-tested"",""profile"":""release"",""lifecycle"":true,""stress"":false,""native_jab"":true,""adapter_assertion"":false,""backend"":""profile-default"",""dol_sha1"":""701391db058943f42300ca97846a0f2156b4a084"",""evidence"":""docs/evidence/aerials/current/aerials-release-extended-0-130.json"",""log_sha256"":""da69f533920989144323b3e2836413d7abcfcfdd2f45b1f4361bdb30f6d54ba5""}]"
42,captain_falcon,mario,bair,implemented,runtime-tested,True,common-aerial,,"[{""status"":""runtime-tested"",""profile"":""debug"",""lifecycle"":true,""stress"":false,""native_jab"":true,""adapter_assertion"":false,""backend"":""profile-default"",""dol_sha1"":""604630d94d7befcd31693eb1a266f4cb5827e5fb"",""evidence"":""docs/evidence/aerials/current/aerials-debug-current-0-130.json"",""log_sha256"":""597f02082e720fadd72b8e1874c731b11b7274f5b7cf4cc22185e848c0777424""},{""status"":""runtime-tested"",""profile"":""release"",""lifecycle"":true,""stress"":false,""native_jab"":true,""adapter_assertion"":false,""backend"":""profile-default"",""dol_sha1"":""701391db058943f42300ca97846a0f2156b4a084"",""evidence"":""docs/evidence/aerials/current/aerials-release-extended-0-130.json"",""log_sha256"":""da69f533920989144323b3e2836413d7abcfcfdd2f45b1f4361bdb30f6d54ba5""}]"
43,captain_falcon,mario,uair,implemented,runtime-tested,True,common-aerial,,"[{""status"":""runtime-tested"",""profile"":""debug"",""lifecycle"":true,""stress"":false,""native_jab"":true,""adapter_assertion"":false,""backend"":""profile-default"",""dol_sha1"":""604630d94d7befcd31693eb1a266f4cb5827e5fb"",""evidence"":""docs/evidence/aerials/current/aerials-debug-current-0-130.json"",""log_sha256"":""597f02082e720fadd72b8e1874c731b11b7274f5b7cf4cc22185e848c0777424""},{""status"":""runtime-tested"",""profile"":""release"",""lifecycle"":true,""stress"":false,""native_jab"":true,""adapter_assertion"":false,""backend"":""profile-default"",""dol_sha1"":""701391db058943f42300ca97846a0f2156b4a084"",""evidence"":""docs/evidence/aerials/current/aerials-release-extended-0-130.json"",""log_sha256"":""da69f533920989144323b3e2836413d7abcfcfdd2f45b1f4361bdb30f6d54ba5""}]"
44,captain_falcon,mario,dair,implemented,runtime-tested,True,common-aerial,,"[{""status"":""runtime-tested"",""profile"":""debug"",""lifecycle"":true,""stress"":false,""native_jab"":true,""adapter_assertion"":false,""backend"":""profile-default"",""dol_sha1"":""604630d94d7befcd31693eb1a266f4cb5827e5fb"",""evidence"":""docs/evidence/aerials/current/aerials-debug-current-0-130.json"",""log_sha256"":""597f02082e720fadd72b8e1874c731b11b7274f5b7cf4cc22185e848c0777424""},{""status"":""runtime-tested"",""profile"":""release"",""lifecycle"":true,""stress"":false,""native_jab"":true,""adapter_assertion"":false,""backend"":""profile-default"",""dol_sha1"":""701391db058943f42300ca97846a0f2156b4a084"",""evidence"":""docs/evidence/aerials/current/aerials-release-extended-0-130.json"",""log_sha256"":""da69f533920989144323b3e2836413d7abcfcfdd2f45b1f4361bdb30f6d54ba5""}]"
45,captain_falcon,marth,nair,implemented,runtime-tested,True,common-aerial,,"[{""status"":""runtime-tested"",""profile"":""debug"",""lifecycle"":true,""stress"":false,""native_jab"":true,""adapter_assertion"":false,""backend"":""profile-default"",""dol_sha1"":""604630d94d7befcd31693eb1a266f4cb5827e5fb"",""evidence"":""docs/evidence/aerials/current/aerials-debug-current-0-130.json"",""log_sha256"":""597f02082e720fadd72b8e1874c731b11b7274f5b7cf4cc22185e848c0777424""},{""status"":""runtime-tested"",""profile"":""release"",""lifecycle"":true,""stress"":false,""native_jab"":true,""adapter_assertion"":false,""backend"":""profile-default"",""dol_sha1"":""701391db058943f42300ca97846a0f2156b4a084"",""evidence"":""docs/evidence/aerials/current/aerials-release-extended-0-130.json"",""log_sha256"":""da69f533920989144323b3e2836413d7abcfcfdd2f45b1f4361bdb30f6d54ba5""}]"
46,captain_falcon,marth,fair,implemented,runtime-tested,True,common-aerial,,"[{""status"":""runtime-tested"",""profile"":""debug"",""lifecycle"":true,""stress"":false,""native_jab"":true,""adapter_assertion"":false,""backend"":""profile-default"",""dol_sha1"":""604630d94d7befcd31693eb1a266f4cb5827e5fb"",""evidence"":""docs/evidence/aerials/current/aerials-debug-current-0-130.json"",""log_sha256"":""597f02082e720fadd72b8e1874c731b11b7274f5b7cf4cc22185e848c0777424""},{""status"":""runtime-tested"",""profile"":""release"",""lifecycle"":true,""stress"":false,""native_jab"":true,""adapter_assertion"":false,""backend"":""profile-default"",""dol_sha1"":""701391db058943f42300ca97846a0f2156b4a084"",""evidence"":""docs/evidence/aerials/current/aerials-release-extended-0-130.json"",""log_sha256"":""da69f533920989144323b3e2836413d7abcfcfdd2f45b1f4361bdb30f6d54ba5""}]"
47,captain_falcon,marth,bair,implemented,runtime-tested,True,common-aerial,,"[{""status"":""runtime-tested"",""profile"":""debug"",""lifecycle"":true,""stress"":false,""native_jab"":true,""adapter_assertion"":false,""backend"":""profile-default"",""dol_sha1"":""604630d94d7befcd31693eb1a266f4cb5827e5fb"",""evidence"":""docs/evidence/aerials/current/aerials-debug-current-0-130.json"",""log_sha256"":""597f02082e720fadd72b8e1874c731b11b7274f5b7cf4cc22185e848c0777424""},{""status"":""runtime-tested"",""profile"":""release"",""lifecycle"":true,""stress"":false,""native_jab"":true,""adapter_assertion"":false,""backend"":""profile-default"",""dol_sha1"":""701391db058943f42300ca97846a0f2156b4a084"",""evidence"":""docs/evidence/aerials/current/aerials-release-extended-0-130.json"",""log_sha256"":""da69f533920989144323b3e2836413d7abcfcfdd2f45b1f4361bdb30f6d54ba5""}]"
48,captain_falcon,marth,uair,implemented,runtime-tested,True,common-aerial,,"[{""status"":""runtime-tested"",""profile"":""debug"",""lifecycle"":true,""stress"":false,""native_jab"":true,""adapter_assertion"":false,""backend"":""profile-default"",""dol_sha1"":""604630d94d7befcd31693eb1a266f4cb5827e5fb"",""evidence"":""docs/evidence/aerials/current/aerials-debug-current-0-130.json"",""log_sha256"":""597f02082e720fadd72b8e1874c731b11b7274f5b7cf4cc22185e848c0777424""},{""status"":""runtime-tested"",""profile"":""release"",""lifecycle"":true,""stress"":false,""native_jab"":true,""adapter_assertion"":false,""backend"":""profile-default"",""dol_sha1"":""701391db058943f42300ca97846a0f2156b4a084"",""evidence"":""docs/evidence/aerials/current/aerials-release-extended-0-130.json"",""log_sha256"":""da69f533920989144323b3e2836413d7abcfcfdd2f45b1f4361bdb30f6d54ba5""}]"
49,captain_falcon,marth,dair,implemented,runtime-tested,True,common-aerial,,"[{""status"":""runtime-tested"",""profile"":""debug"",""lifecycle"":true,""stress"":false,""native_jab"":true,""adapter_assertion"":false,""backend"":""profile-default"",""dol_sha1"":""604630d94d7befcd31693eb1a266f4cb5827e5fb"",""evidence"":""docs/evidence/aerials/current/aerials-debug-current-0-130.json"",""log_sha256"":""597f02082e720fadd72b8e1874c731b11b7274f5b7cf4cc22185e848c0777424""},{""status"":""runtime-tested"",""profile"":""release"",""lifecycle"":true,""stress"":false,""native_jab"":true,""adapter_assertion"":false,""backend"":""profile-default"",""dol_sha1"":""701391db058943f42300ca97846a0f2156b4a084"",""evidence"":""docs/evidence/aerials/current/aerials-release-extended-0-130.json"",""log_sha256"":""da69f533920989144323b3e2836413d7abcfcfdd2f45b1f4361bdb30f6d54ba5""}]"
50,captain_falcon,mewtwo,nair,implemented,runtime-tested,True,common-aerial,,"[{""status"":""runtime-tested"",""profile"":""debug"",""lifecycle"":true,""stress"":false,""native_jab"":true,""adapter_assertion"":false,""backend"":""profile-default"",""dol_sha1"":""604630d94d7befcd31693eb1a266f4cb5827e5fb"",""evidence"":""docs/evidence/aerials/current/aerials-debug-current-0-130.json"",""log_sha256"":""597f02082e720fadd72b8e1874c731b11b7274f5b7cf4cc22185e848c0777424""},{""status"":""runtime-tested"",""profile"":""release"",""lifecycle"":true,""stress"":false,""native_jab"":true,""adapter_assertion"":false,""backend"":""profile-default"",""dol_sha1"":""701391db058943f42300ca97846a0f2156b4a084"",""evidence"":""docs/evidence/aerials/current/aerials-release-extended-0-130.json"",""log_sha256"":""da69f533920989144323b3e2836413d7abcfcfdd2f45b1f4361bdb30f6d54ba5""}]"
51,captain_falcon,mewtwo,fair,implemented,runtime-tested,True,common-aerial,,"[{""status"":""runtime-tested"",""profile"":""debug"",""lifecycle"":true,""stress"":false,""native_jab"":true,""adapter_assertion"":false,""backend"":""profile-default"",""dol_sha1"":""604630d94d7befcd31693eb1a266f4cb5827e5fb"",""evidence"":""docs/evidence/aerials/current/aerials-debug-current-0-130.json"",""log_sha256"":""597f02082e720fadd72b8e1874c731b11b7274f5b7cf4cc22185e848c0777424""},{""status"":""runtime-tested"",""profile"":""release"",""lifecycle"":true,""stress"":false,""native_jab"":true,""adapter_assertion"":false,""backend"":""profile-default"",""dol_sha1"":""701391db058943f42300ca97846a0f2156b4a084"",""evidence"":""docs/evidence/aerials/current/aerials-release-extended-0-130.json"",""log_sha256"":""da69f533920989144323b3e2836413d7abcfcfdd2f45b1f4361bdb30f6d54ba5""}]"
52,captain_falcon,mewtwo,bair,implemented,runtime-tested,True,common-aerial,,"[{""status"":""runtime-tested"",""profile"":""debug"",""lifecycle"":true,""stress"":false,""native_jab"":true,""adapter_assertion"":false,""backend"":""profile-default"",""dol_sha1"":""604630d94d7befcd31693eb1a266f4cb5827e5fb"",""evidence"":""docs/evidence/aerials/current/aerials-debug-current-0-130.json"",""log_sha256"":""597f02082e720fadd72b8e1874c731b11b7274f5b7cf4cc22185e848c0777424""},{""status"":""runtime-tested"",""profile"":""debug"",""lifecycle"":true,""stress"":true,""native_jab"":false,""adapter_assertion"":false,""backend"":""profile-default"",""dol_sha1"":""81533ece59d729a3aef5495e6185c60b616e27b3"",""evidence"":""docs/evidence/aerials/current/aerials-debug-stress-0-130.json"",""log_sha256"":""49529f3c79e4d63320368cef9d60b49620a7ac6fd09d26c7e7aec9afcdfd6dca""},{""status"":""runtime-tested"",""profile"":""release"",""lifecycle"":true,""stress"":false,""native_jab"":true,""adapter_assertion"":false,""backend"":""profile-default"",""dol_sha1"":""701391db058943f42300ca97846a0f2156b4a084"",""evidence"":""docs/evidence/aerials/current/aerials-release-extended-0-130.json"",""log_sha256"":""da69f533920989144323b3e2836413d7abcfcfdd2f45b1f4361bdb30f6d54ba5""},{""status"":""runtime-tested"",""profile"":""release"",""lifecycle"":true,""stress"":true,""native_jab"":true,""adapter_assertion"":false,""backend"":""profile-default"",""dol_sha1"":""36c24894da8b0649624bd1277c126c7533e46b54"",""evidence"":""docs/evidence/aerials/current/aerials-release-stress-0-130.json"",""log_sha256"":""fbc9a3bcc32b3f6ab77bd81ee710a8f2fa5e8c5773149e6da91736b32a1de458""}]"
53,captain_falcon,mewtwo,uair,implemented,runtime-tested,True,common-aerial,,"[{""status"":""runtime-tested"",""profile"":""debug"",""lifecycle"":true,""stress"":false,""native_jab"":true,""adapter_assertion"":false,""backend"":""profile-default"",""dol_sha1"":""604630d94d7befcd31693eb1a266f4cb5827e5fb"",""evidence"":""docs/evidence/aerials/current/aerials-debug-current-0-130.json"",""log_sha256"":""597f02082e720fadd72b8e1874c731b11b7274f5b7cf4cc22185e848c0777424""},{""status"":""runtime-tested"",""profile"":""release"",""lifecycle"":true,""stress"":false,""native_jab"":true,""adapter_assertion"":false,""backend"":""profile-default"",""dol_sha1"":""701391db058943f42300ca97846a0f2156b4a084"",""evidence"":""docs/evidence/aerials/current/aerials-release-extended-0-130.json"",""log_sha256"":""da69f533920989144323b3e2836413d7abcfcfdd2f45b1f4361bdb30f6d54ba5""}]"
54,captain_falcon,mewtwo,dair,implemented,runtime-tested,True,common-aerial,,"[{""status"":""runtime-tested"",""profile"":""debug"",""lifecycle"":true,""stress"":false,""native_jab"":true,""adapter_assertion"":false,""backend"":""profile-default"",""dol_sha1"":""604630d94d7befcd31693eb1a266f4cb5827e5fb"",""evidence"":""docs/evidence/aerials/current/aerials-debug-current-0-130.json"",""log_sha256"":""597f02082e720fadd72b8e1874c731b11b7274f5b7cf4cc22185e848c0777424""},{""status"":""runtime-tested"",""profile"":""release"",""lifecycle"":true,""stress"":false,""native_jab"":true,""adapter_assertion"":false,""backend"":""profile-default"",""dol_sha1"":""701391db058943f42300ca97846a0f2156b4a084"",""evidence"":""docs/evidence/aerials/current/aerials-release-extended-0-130.json"",""log_sha256"":""da69f533920989144323b3e2836413d7abcfcfdd2f45b1f4361bdb30f6d54ba5""}]"
55,captain_falcon,ness,nair,implemented,runtime-tested,True,common-aerial,,"[{""status"":""runtime-tested"",""profile"":""debug"",""lifecycle"":true,""stress"":false,""native_jab"":true,""adapter_assertion"":false,""backend"":""profile-default"",""dol_sha1"":""604630d94d7befcd31693eb1a266f4cb5827e5fb"",""evidence"":""docs/evidence/aerials/current/aerials-debug-current-0-130.json"",""log_sha256"":""597f02082e720fadd72b8e1874c731b11b7274f5b7cf4cc22185e848c0777424""},{""status"":""runtime-tested"",""profile"":""release"",""lifecycle"":true,""stress"":false,""native_jab"":true,""adapter_assertion"":false,""backend"":""profile-default"",""dol_sha1"":""701391db058943f42300ca97846a0f2156b4a084"",""evidence"":""docs/evidence/aerials/current/aerials-release-extended-0-130.json"",""log_sha256"":""da69f533920989144323b3e2836413d7abcfcfdd2f45b1f4361bdb30f6d54ba5""}]"
56,captain_falcon,ness,fair,implemented,runtime-tested,True,common-aerial,,"[{""status"":""runtime-tested"",""profile"":""debug"",""lifecycle"":true,""stress"":false,""native_jab"":true,""adapter_assertion"":false,""backend"":""profile-default"",""dol_sha1"":""604630d94d7befcd31693eb1a266f4cb5827e5fb"",""evidence"":""docs/evidence/aerials/current/aerials-debug-current-0-130.json"",""log_sha256"":""597f02082e720fadd72b8e1874c731b11b7274f5b7cf4cc22185e848c0777424""},{""status"":""runtime-tested"",""profile"":""release"",""lifecycle"":true,""stress"":false,""native_jab"":true,""adapter_assertion"":false,""backend"":""profile-default"",""dol_sha1"":""701391db058943f42300ca97846a0f2156b4a084"",""evidence"":""docs/evidence/aerials/current/aerials-release-extended-0-130.json"",""log_sha256"":""da69f533920989144323b3e2836413d7abcfcfdd2f45b1f4361bdb30f6d54ba5""}]"
57,captain_falcon,ness,bair,implemented,runtime-tested,True,common-aerial,,"[{""status"":""runtime-tested"",""profile"":""debug"",""lifecycle"":true,""stress"":false,""native_jab"":true,""adapter_assertion"":false,""backend"":""profile-default"",""dol_sha1"":""604630d94d7befcd31693eb1a266f4cb5827e5fb"",""evidence"":""docs/evidence/aerials/current/aerials-debug-current-0-130.json"",""log_sha256"":""597f02082e720fadd72b8e1874c731b11b7274f5b7cf4cc22185e848c0777424""},{""status"":""runtime-tested"",""profile"":""release"",""lifecycle"":true,""stress"":false,""native_jab"":true,""adapter_assertion"":false,""backend"":""profile-default"",""dol_sha1"":""701391db058943f42300ca97846a0f2156b4a084"",""evidence"":""docs/evidence/aerials/current/aerials-release-extended-0-130.json"",""log_sha256"":""da69f533920989144323b3e2836413d7abcfcfdd2f45b1f4361bdb30f6d54ba5""}]"
58,captain_falcon,ness,uair,implemented,runtime-tested,True,common-aerial,,"[{""status"":""runtime-tested"",""profile"":""debug"",""lifecycle"":true,""stress"":false,""native_jab"":true,""adapter_assertion"":false,""backend"":""profile-default"",""dol_sha1"":""604630d94d7befcd31693eb1a266f4cb5827e5fb"",""evidence"":""docs/evidence/aerials/current/aerials-debug-current-0-130.json"",""log_sha256"":""597f02082e720fadd72b8e1874c731b11b7274f5b7cf4cc22185e848c0777424""},{""status"":""runtime-tested"",""profile"":""release"",""lifecycle"":true,""stress"":false,""native_jab"":true,""adapter_assertion"":false,""backend"":""profile-default"",""dol_sha1"":""701391db058943f42300ca97846a0f2156b4a084"",""evidence"":""docs/evidence/aerials/current/aerials-release-extended-0-130.json"",""log_sha256"":""da69f533920989144323b3e2836413d7abcfcfdd2f45b1f4361bdb30f6d54ba5""}]"
59,captain_falcon,ness,dair,implemented,runtime-tested,True,common-aerial,,"[{""status"":""runtime-tested"",""profile"":""debug"",""lifecycle"":true,""stress"":false,""native_jab"":true,""adapter_assertion"":false,""backend"":""profile-default"",""dol_sha1"":""604630d94d7befcd31693eb1a266f4cb5827e5fb"",""evidence"":""docs/evidence/aerials/current/aerials-debug-current-0-130.json"",""log_sha256"":""597f02082e720fadd72b8e1874c731b11b7274f5b7cf4cc22185e848c0777424""},{""status"":""runtime-tested"",""profile"":""release"",""lifecycle"":true,""stress"":false,""native_jab"":true,""adapter_assertion"":false,""backend"":""profile-default"",""dol_sha1"":""701391db058943f42300ca97846a0f2156b4a084"",""evidence"":""docs/evidence/aerials/current/aerials-release-extended-0-130.json"",""log_sha256"":""da69f533920989144323b3e2836413d7abcfcfdd2f45b1f4361bdb30f6d54ba5""}]"
60,captain_falcon,peach,nair,implemented,runtime-tested,True,common-aerial,,"[{""status"":""runtime-tested"",""profile"":""debug"",""lifecycle"":true,""stress"":false,""native_jab"":true,""adapter_assertion"":false,""backend"":""profile-default"",""dol_sha1"":""604630d94d7befcd31693eb1a266f4cb5827e5fb"",""evidence"":""docs/evidence/aerials/current/aerials-debug-current-0-130.json"",""log_sha256"":""597f02082e720fadd72b8e1874c731b11b7274f5b7cf4cc22185e848c0777424""},{""status"":""runtime-tested"",""profile"":""release"",""lifecycle"":true,""stress"":false,""native_jab"":true,""adapter_assertion"":false,""backend"":""profile-default"",""dol_sha1"":""701391db058943f42300ca97846a0f2156b4a084"",""evidence"":""docs/evidence/aerials/current/aerials-release-extended-0-130.json"",""log_sha256"":""da69f533920989144323b3e2836413d7abcfcfdd2f45b1f4361bdb30f6d54ba5""}]"
61,captain_falcon,peach,fair,implemented,runtime-tested,True,common-aerial,,"[{""status"":""runtime-tested"",""profile"":""debug"",""lifecycle"":true,""stress"":false,""native_jab"":true,""adapter_assertion"":false,""backend"":""profile-default"",""dol_sha1"":""604630d94d7befcd31693eb1a266f4cb5827e5fb"",""evidence"":""docs/evidence/aerials/current/aerials-debug-current-0-130.json"",""log_sha256"":""597f02082e720fadd72b8e1874c731b11b7274f5b7cf4cc22185e848c0777424""},{""status"":""runtime-tested"",""profile"":""release"",""lifecycle"":true,""stress"":false,""native_jab"":true,""adapter_assertion"":false,""backend"":""profile-default"",""dol_sha1"":""701391db058943f42300ca97846a0f2156b4a084"",""evidence"":""docs/evidence/aerials/current/aerials-release-extended-0-130.json"",""log_sha256"":""da69f533920989144323b3e2836413d7abcfcfdd2f45b1f4361bdb30f6d54ba5""}]"
62,captain_falcon,peach,bair,implemented,runtime-tested,True,common-aerial,,"[{""status"":""runtime-tested"",""profile"":""debug"",""lifecycle"":true,""stress"":false,""native_jab"":true,""adapter_assertion"":false,""backend"":""profile-default"",""dol_sha1"":""604630d94d7befcd31693eb1a266f4cb5827e5fb"",""evidence"":""docs/evidence/aerials/current/aerials-debug-current-0-130.json"",""log_sha256"":""597f02082e720fadd72b8e1874c731b11b7274f5b7cf4cc22185e848c0777424""},{""status"":""runtime-tested"",""profile"":""release"",""lifecycle"":true,""stress"":false,""native_jab"":true,""adapter_assertion"":false,""backend"":""profile-default"",""dol_sha1"":""701391db058943f42300ca97846a0f2156b4a084"",""evidence"":""docs/evidence/aerials/current/aerials-release-extended-0-130.json"",""log_sha256"":""da69f533920989144323b3e2836413d7abcfcfdd2f45b1f4361bdb30f6d54ba5""}]"
63,captain_falcon,peach,uair,implemented,runtime-tested,True,common-aerial,,"[{""status"":""runtime-tested"",""profile"":""debug"",""lifecycle"":true,""stress"":false,""native_jab"":true,""adapter_assertion"":false,""backend"":""profile-default"",""dol_sha1"":""604630d94d7befcd31693eb1a266f4cb5827e5fb"",""evidence"":""docs/evidence/aerials/current/aerials-debug-current-0-130.json"",""log_sha256"":""597f02082e720fadd72b8e1874c731b11b7274f5b7cf4cc22185e848c0777424""},{""status"":""runtime-tested"",""profile"":""release"",""lifecycle"":true,""stress"":false,""native_jab"":true,""adapter_assertion"":false,""backend"":""profile-default"",""dol_sha1"":""701391db058943f42300ca97846a0f2156b4a084"",""evidence"":""docs/evidence/aerials/current/aerials-release-extended-0-130.json"",""log_sha256"":""da69f533920989144323b3e2836413d7abcfcfdd2f45b1f4361bdb30f6d54ba5""}]"
64,captain_falcon,peach,dair,implemented,runtime-tested,True,common-aerial,,"[{""status"":""runtime-tested"",""profile"":""debug"",""lifecycle"":true,""stress"":false,""native_jab"":true,""adapter_assertion"":false,""backend"":""profile-default"",""dol_sha1"":""604630d94d7befcd31693eb1a266f4cb5827e5fb"",""evidence"":""docs/evidence/aerials/current/aerials-debug-current-0-130.json"",""log_sha256"":""597f02082e720fadd72b8e1874c731b11b7274f5b7cf4cc22185e848c0777424""},{""status"":""runtime-tested"",""profile"":""release"",""lifecycle"":true,""stress"":false,""native_jab"":true,""adapter_assertion"":false,""backend"":""profile-default"",""dol_sha1"":""701391db058943f42300ca97846a0f2156b4a084"",""evidence"":""docs/evidence/aerials/current/aerials-release-extended-0-130.json"",""log_sha256"":""da69f533920989144323b3e2836413d7abcfcfdd2f45b1f4361bdb30f6d54ba5""}]"
65,captain_falcon,pikachu,nair,implemented,runtime-tested,True,common-aerial,,"[{""status"":""runtime-tested"",""profile"":""debug"",""lifecycle"":true,""stress"":false,""native_jab"":true,""adapter_assertion"":false,""backend"":""profile-default"",""dol_sha1"":""604630d94d7befcd31693eb1a266f4cb5827e5fb"",""evidence"":""docs/evidence/aerials/current/aerials-debug-current-0-130.json"",""log_sha256"":""597f02082e720fadd72b8e1874c731b11b7274f5b7cf4cc22185e848c0777424""},{""status"":""runtime-tested"",""profile"":""release"",""lifecycle"":true,""stress"":false,""native_jab"":true,""adapter_assertion"":false,""backend"":""profile-default"",""dol_sha1"":""701391db058943f42300ca97846a0f2156b4a084"",""evidence"":""docs/evidence/aerials/current/aerials-release-extended-0-130.json"",""log_sha256"":""da69f533920989144323b3e2836413d7abcfcfdd2f45b1f4361bdb30f6d54ba5""}]"
66,captain_falcon,pikachu,fair,implemented,runtime-tested,True,common-aerial,,"[{""status"":""runtime-tested"",""profile"":""debug"",""lifecycle"":true,""stress"":false,""native_jab"":true,""adapter_assertion"":false,""backend"":""profile-default"",""dol_sha1"":""604630d94d7befcd31693eb1a266f4cb5827e5fb"",""evidence"":""docs/evidence/aerials/current/aerials-debug-current-0-130.json"",""log_sha256"":""597f02082e720fadd72b8e1874c731b11b7274f5b7cf4cc22185e848c0777424""},{""status"":""runtime-tested"",""profile"":""release"",""lifecycle"":true,""stress"":false,""native_jab"":true,""adapter_assertion"":false,""backend"":""profile-default"",""dol_sha1"":""701391db058943f42300ca97846a0f2156b4a084"",""evidence"":""docs/evidence/aerials/current/aerials-release-extended-0-130.json"",""log_sha256"":""da69f533920989144323b3e2836413d7abcfcfdd2f45b1f4361bdb30f6d54ba5""}]"
67,captain_falcon,pikachu,bair,implemented,runtime-tested,True,common-aerial,,"[{""status"":""runtime-tested"",""profile"":""debug"",""lifecycle"":true,""stress"":false,""native_jab"":true,""adapter_assertion"":false,""backend"":""profile-default"",""dol_sha1"":""604630d94d7befcd31693eb1a266f4cb5827e5fb"",""evidence"":""docs/evidence/aerials/current/aerials-debug-current-0-130.json"",""log_sha256"":""597f02082e720fadd72b8e1874c731b11b7274f5b7cf4cc22185e848c0777424""},{""status"":""runtime-tested"",""profile"":""release"",""lifecycle"":true,""stress"":false,""native_jab"":true,""adapter_assertion"":false,""backend"":""profile-default"",""dol_sha1"":""701391db058943f42300ca97846a0f2156b4a084"",""evidence"":""docs/evidence/aerials/current/aerials-release-extended-0-130.json"",""log_sha256"":""da69f533920989144323b3e2836413d7abcfcfdd2f45b1f4361bdb30f6d54ba5""}]"
68,captain_falcon,pikachu,uair,implemented,runtime-tested,True,common-aerial,,"[{""status"":""runtime-tested"",""profile"":""debug"",""lifecycle"":true,""stress"":false,""native_jab"":true,""adapter_assertion"":false,""backend"":""profile-default"",""dol_sha1"":""604630d94d7befcd31693eb1a266f4cb5827e5fb"",""evidence"":""docs/evidence/aerials/current/aerials-debug-current-0-130.json"",""log_sha256"":""597f02082e720fadd72b8e1874c731b11b7274f5b7cf4cc22185e848c0777424""},{""status"":""runtime-tested"",""profile"":""release"",""lifecycle"":true,""stress"":false,""native_jab"":true,""adapter_assertion"":false,""backend"":""profile-default"",""dol_sha1"":""701391db058943f42300ca97846a0f2156b4a084"",""evidence"":""docs/evidence/aerials/current/aerials-release-extended-0-130.json"",""log_sha256"":""da69f533920989144323b3e2836413d7abcfcfdd2f45b1f4361bdb30f6d54ba5""}]"
69,captain_falcon,pikachu,dair,implemented,runtime-tested,True,common-aerial,,"[{""status"":""runtime-tested"",""profile"":""debug"",""lifecycle"":true,""stress"":false,""native_jab"":true,""adapter_assertion"":false,""backend"":""profile-default"",""dol_sha1"":""604630d94d7befcd31693eb1a266f4cb5827e5fb"",""evidence"":""docs/evidence/aerials/current/aerials-debug-current-0-130.json"",""log_sha256"":""597f02082e720fadd72b8e1874c731b11b7274f5b7cf4cc22185e848c0777424""},{""status"":""runtime-tested"",""profile"":""release"",""lifecycle"":true,""stress"":false,""native_jab"":true,""adapter_assertion"":false,""backend"":""profile-default"",""dol_sha1"":""701391db058943f42300ca97846a0f2156b4a084"",""evidence"":""docs/evidence/aerials/current/aerials-release-extended-0-130.json"",""log_sha256"":""da69f533920989144323b3e2836413d7abcfcfdd2f45b1f4361bdb30f6d54ba5""}]"
70,captain_falcon,ice_climbers,nair,implemented,runtime-tested,True,common-aerial,,"[{""status"":""runtime-tested"",""profile"":""debug"",""lifecycle"":true,""stress"":false,""native_jab"":true,""adapter_assertion"":false,""backend"":""profile-default"",""dol_sha1"":""604630d94d7befcd31693eb1a266f4cb5827e5fb"",""evidence"":""docs/evidence/aerials/current/aerials-debug-current-0-130.json"",""log_sha256"":""597f02082e720fadd72b8e1874c731b11b7274f5b7cf4cc22185e848c0777424""},{""status"":""runtime-tested"",""profile"":""release"",""lifecycle"":true,""stress"":false,""native_jab"":true,""adapter_assertion"":false,""backend"":""profile-default"",""dol_sha1"":""701391db058943f42300ca97846a0f2156b4a084"",""evidence"":""docs/evidence/aerials/current/aerials-release-extended-0-130.json"",""log_sha256"":""da69f533920989144323b3e2836413d7abcfcfdd2f45b1f4361bdb30f6d54ba5""}]"
71,captain_falcon,ice_climbers,fair,implemented,runtime-tested,True,common-aerial,,"[{""status"":""runtime-tested"",""profile"":""debug"",""lifecycle"":true,""stress"":false,""native_jab"":true,""adapter_assertion"":false,""backend"":""profile-default"",""dol_sha1"":""604630d94d7befcd31693eb1a266f4cb5827e5fb"",""evidence"":""docs/evidence/aerials/current/aerials-debug-current-0-130.json"",""log_sha256"":""597f02082e720fadd72b8e1874c731b11b7274f5b7cf4cc22185e848c0777424""},{""status"":""runtime-tested"",""profile"":""release"",""lifecycle"":true,""stress"":false,""native_jab"":true,""adapter_assertion"":false,""backend"":""profile-default"",""dol_sha1"":""701391db058943f42300ca97846a0f2156b4a084"",""evidence"":""docs/evidence/aerials/current/aerials-release-extended-0-130.json"",""log_sha256"":""da69f533920989144323b3e2836413d7abcfcfdd2f45b1f4361bdb30f6d54ba5""}]"
72,captain_falcon,ice_climbers,bair,implemented,runtime-tested,True,common-aerial,,"[{""status"":""runtime-tested"",""profile"":""debug"",""lifecycle"":true,""stress"":false,""native_jab"":true,""adapter_assertion"":false,""backend"":""profile-default"",""dol_sha1"":""604630d94d7befcd31693eb1a266f4cb5827e5fb"",""evidence"":""docs/evidence/aerials/current/aerials-debug-current-0-130.json"",""log_sha256"":""597f02082e720fadd72b8e1874c731b11b7274f5b7cf4cc22185e848c0777424""},{""status"":""runtime-tested"",""profile"":""release"",""lifecycle"":true,""stress"":false,""native_jab"":true,""adapter_assertion"":false,""backend"":""profile-default"",""dol_sha1"":""701391db058943f42300ca97846a0f2156b4a084"",""evidence"":""docs/evidence/aerials/current/aerials-release-extended-0-130.json"",""log_sha256"":""da69f533920989144323b3e2836413d7abcfcfdd2f45b1f4361bdb30f6d54ba5""}]"
73,captain_falcon,ice_climbers,uair,implemented,runtime-tested,True,common-aerial,,"[{""status"":""runtime-tested"",""profile"":""debug"",""lifecycle"":true,""stress"":false,""native_jab"":true,""adapter_assertion"":false,""backend"":""profile-default"",""dol_sha1"":""604630d94d7befcd31693eb1a266f4cb5827e5fb"",""evidence"":""docs/evidence/aerials/current/aerials-debug-current-0-130.json"",""log_sha256"":""597f02082e720fadd72b8e1874c731b11b7274f5b7cf4cc22185e848c0777424""},{""status"":""runtime-tested"",""profile"":""release"",""lifecycle"":true,""stress"":false,""native_jab"":true,""adapter_assertion"":false,""backend"":""profile-default"",""dol_sha1"":""701391db058943f42300ca97846a0f2156b4a084"",""evidence"":""docs/evidence/aerials/current/aerials-release-extended-0-130.json"",""log_sha256"":""da69f533920989144323b3e2836413d7abcfcfdd2f45b1f4361bdb30f6d54ba5""}]"
74,captain_falcon,ice_climbers,dair,implemented,runtime-tested,True,common-aerial,,"[{""status"":""runtime-tested"",""profile"":""debug"",""lifecycle"":true,""stress"":false,""native_jab"":true,""adapter_assertion"":false,""backend"":""profile-default"",""dol_sha1"":""604630d94d7befcd31693eb1a266f4cb5827e5fb"",""evidence"":""docs/evidence/aerials/current/aerials-debug-current-0-130.json"",""log_sha256"":""597f02082e720fadd72b8e1874c731b11b7274f5b7cf4cc22185e848c0777424""},{""status"":""runtime-tested"",""profile"":""release"",""lifecycle"":true,""stress"":false,""native_jab"":true,""adapter_assertion"":false,""backend"":""profile-default"",""dol_sha1"":""701391db058943f42300ca97846a0f2156b4a084"",""evidence"":""docs/evidence/aerials/current/aerials-release-extended-0-130.json"",""log_sha256"":""da69f533920989144323b3e2836413d7abcfcfdd2f45b1f4361bdb30f6d54ba5""}]"
75,captain_falcon,jigglypuff,nair,implemented,runtime-tested,True,common-aerial,,"[{""status"":""runtime-tested"",""profile"":""debug"",""lifecycle"":true,""stress"":false,""native_jab"":true,""adapter_assertion"":false,""backend"":""profile-default"",""dol_sha1"":""604630d94d7befcd31693eb1a266f4cb5827e5fb"",""evidence"":""docs/evidence/aerials/current/aerials-debug-current-0-130.json"",""log_sha256"":""597f02082e720fadd72b8e1874c731b11b7274f5b7cf4cc22185e848c0777424""},{""status"":""runtime-tested"",""profile"":""release"",""lifecycle"":true,""stress"":false,""native_jab"":true,""adapter_assertion"":false,""backend"":""profile-default"",""dol_sha1"":""701391db058943f42300ca97846a0f2156b4a084"",""evidence"":""docs/evidence/aerials/current/aerials-release-extended-0-130.json"",""log_sha256"":""da69f533920989144323b3e2836413d7abcfcfdd2f45b1f4361bdb30f6d54ba5""}]"
76,captain_falcon,jigglypuff,fair,implemented,runtime-tested,True,common-aerial,,"[{""status"":""runtime-tested"",""profile"":""debug"",""lifecycle"":true,""stress"":false,""native_jab"":true,""adapter_assertion"":false,""backend"":""profile-default"",""dol_sha1"":""604630d94d7befcd31693eb1a266f4cb5827e5fb"",""evidence"":""docs/evidence/aerials/current/aerials-debug-current-0-130.json"",""log_sha256"":""597f02082e720fadd72b8e1874c731b11b7274f5b7cf4cc22185e848c0777424""},{""status"":""runtime-tested"",""profile"":""release"",""lifecycle"":true,""stress"":false,""native_jab"":true,""adapter_assertion"":false,""backend"":""profile-default"",""dol_sha1"":""701391db058943f42300ca97846a0f2156b4a084"",""evidence"":""docs/evidence/aerials/current/aerials-release-extended-0-130.json"",""log_sha256"":""da69f533920989144323b3e2836413d7abcfcfdd2f45b1f4361bdb30f6d54ba5""}]"
77,captain_falcon,jigglypuff,bair,implemented,runtime-tested,True,common-aerial,,"[{""status"":""runtime-tested"",""profile"":""debug"",""lifecycle"":true,""stress"":false,""native_jab"":true,""adapter_assertion"":false,""backend"":""profile-default"",""dol_sha1"":""604630d94d7befcd31693eb1a266f4cb5827e5fb"",""evidence"":""docs/evidence/aerials/current/aerials-debug-current-0-130.json"",""log_sha256"":""597f02082e720fadd72b8e1874c731b11b7274f5b7cf4cc22185e848c0777424""},{""status"":""runtime-tested"",""profile"":""release"",""lifecycle"":true,""stress"":false,""native_jab"":true,""adapter_assertion"":false,""backend"":""profile-default"",""dol_sha1"":""701391db058943f42300ca97846a0f2156b4a084"",""evidence"":""docs/evidence/aerials/current/aerials-release-extended-0-130.json"",""log_sha256"":""da69f533920989144323b3e2836413d7abcfcfdd2f45b1f4361bdb30f6d54ba5""}]"
78,captain_falcon,jigglypuff,uair,implemented,runtime-tested,True,common-aerial,,"[{""status"":""runtime-tested"",""profile"":""debug"",""lifecycle"":true,""stress"":false,""native_jab"":true,""adapter_assertion"":false,""backend"":""profile-default"",""dol_sha1"":""604630d94d7befcd31693eb1a266f4cb5827e5fb"",""evidence"":""docs/evidence/aerials/current/aerials-debug-current-0-130.json"",""log_sha256"":""597f02082e720fadd72b8e1874c731b11b7274f5b7cf4cc22185e848c0777424""},{""status"":""runtime-tested"",""profile"":""debug"",""lifecycle"":true,""stress"":true,""native_jab"":false,""adapter_assertion"":false,""backend"":""profile-default"",""dol_sha1"":""81533ece59d729a3aef5495e6185c60b616e27b3"",""evidence"":""docs/evidence/aerials/current/aerials-debug-stress-0-130.json"",""log_sha256"":""49529f3c79e4d63320368cef9d60b49620a7ac6fd09d26c7e7aec9afcdfd6dca""},{""status"":""runtime-tested"",""profile"":""release"",""lifecycle"":true,""stress"":false,""native_jab"":true,""adapter_assertion"":false,""backend"":""profile-default"",""dol_sha1"":""701391db058943f42300ca97846a0f2156b4a084"",""evidence"":""docs/evidence/aerials/current/aerials-release-extended-0-130.json"",""log_sha256"":""da69f533920989144323b3e2836413d7abcfcfdd2f45b1f4361bdb30f6d54ba5""},{""status"":""runtime-tested"",""profile"":""release"",""lifecycle"":true,""stress"":true,""native_jab"":true,""adapter_assertion"":false,""backend"":""profile-default"",""dol_sha1"":""36c24894da8b0649624bd1277c126c7533e46b54"",""evidence"":""docs/evidence/aerials/current/aerials-release-stress-0-130.json"",""log_sha256"":""fbc9a3bcc32b3f6ab77bd81ee710a8f2fa5e8c5773149e6da91736b32a1de458""}]"
79,captain_falcon,jigglypuff,dair,implemented,runtime-tested,True,common-aerial,,"[{""status"":""runtime-tested"",""profile"":""debug"",""lifecycle"":true,""stress"":false,""native_jab"":true,""adapter_assertion"":false,""backend"":""profile-default"",""dol_sha1"":""604630d94d7befcd31693eb1a266f4cb5827e5fb"",""evidence"":""docs/evidence/aerials/current/aerials-debug-current-0-130.json"",""log_sha256"":""597f02082e720fadd72b8e1874c731b11b7274f5b7cf4cc22185e848c0777424""},{""status"":""runtime-tested"",""profile"":""release"",""lifecycle"":true,""stress"":false,""native_jab"":true,""adapter_assertion"":false,""backend"":""profile-default"",""dol_sha1"":""701391db058943f42300ca97846a0f2156b4a084"",""evidence"":""docs/evidence/aerials/current/aerials-release-extended-0-130.json"",""log_sha256"":""da69f533920989144323b3e2836413d7abcfcfdd2f45b1f4361bdb30f6d54ba5""}]"
80,captain_falcon,samus,nair,implemented,runtime-tested,True,common-aerial,,"[{""status"":""runtime-tested"",""profile"":""debug"",""lifecycle"":true,""stress"":false,""native_jab"":true,""adapter_assertion"":false,""backend"":""profile-default"",""dol_sha1"":""604630d94d7befcd31693eb1a266f4cb5827e5fb"",""evidence"":""docs/evidence/aerials/current/aerials-debug-current-0-130.json"",""log_sha256"":""597f02082e720fadd72b8e1874c731b11b7274f5b7cf4cc22185e848c0777424""},{""status"":""runtime-tested"",""profile"":""release"",""lifecycle"":true,""stress"":false,""native_jab"":true,""adapter_assertion"":false,""backend"":""profile-default"",""dol_sha1"":""701391db058943f42300ca97846a0f2156b4a084"",""evidence"":""docs/evidence/aerials/current/aerials-release-extended-0-130.json"",""log_sha256"":""da69f533920989144323b3e2836413d7abcfcfdd2f45b1f4361bdb30f6d54ba5""}]"
81,captain_falcon,samus,fair,implemented,runtime-tested,True,common-aerial,,"[{""status"":""runtime-tested"",""profile"":""debug"",""lifecycle"":true,""stress"":false,""native_jab"":true,""adapter_assertion"":false,""backend"":""profile-default"",""dol_sha1"":""604630d94d7befcd31693eb1a266f4cb5827e5fb"",""evidence"":""docs/evidence/aerials/current/aerials-debug-current-0-130.json"",""log_sha256"":""597f02082e720fadd72b8e1874c731b11b7274f5b7cf4cc22185e848c0777424""},{""status"":""runtime-tested"",""profile"":""release"",""lifecycle"":true,""stress"":false,""native_jab"":true,""adapter_assertion"":false,""backend"":""profile-default"",""dol_sha1"":""701391db058943f42300ca97846a0f2156b4a084"",""evidence"":""docs/evidence/aerials/current/aerials-release-extended-0-130.json"",""log_sha256"":""da69f533920989144323b3e2836413d7abcfcfdd2f45b1f4361bdb30f6d54ba5""}]"
82,captain_falcon,samus,bair,implemented,runtime-tested,True,common-aerial,,"[{""status"":""runtime-tested"",""profile"":""debug"",""lifecycle"":true,""stress"":false,""native_jab"":true,""adapter_assertion"":false,""backend"":""profile-default"",""dol_sha1"":""604630d94d7befcd31693eb1a266f4cb5827e5fb"",""evidence"":""docs/evidence/aerials/current/aerials-debug-current-0-130.json"",""log_sha256"":""597f02082e720fadd72b8e1874c731b11b7274f5b7cf4cc22185e848c0777424""},{""status"":""runtime-tested"",""profile"":""release"",""lifecycle"":true,""stress"":false,""native_jab"":true,""adapter_assertion"":false,""backend"":""profile-default"",""dol_sha1"":""701391db058943f42300ca97846a0f2156b4a084"",""evidence"":""docs/evidence/aerials/current/aerials-release-extended-0-130.json"",""log_sha256"":""da69f533920989144323b3e2836413d7abcfcfdd2f45b1f4361bdb30f6d54ba5""}]"
83,captain_falcon,samus,uair,implemented,runtime-tested,True,common-aerial,,"[{""status"":""runtime-tested"",""profile"":""debug"",""lifecycle"":true,""stress"":false,""native_jab"":true,""adapter_assertion"":false,""backend"":""profile-default"",""dol_sha1"":""604630d94d7befcd31693eb1a266f4cb5827e5fb"",""evidence"":""docs/evidence/aerials/current/aerials-debug-current-0-130.json"",""log_sha256"":""597f02082e720fadd72b8e1874c731b11b7274f5b7cf4cc22185e848c0777424""},{""status"":""runtime-tested"",""profile"":""release"",""lifecycle"":true,""stress"":false,""native_jab"":true,""adapter_assertion"":false,""backend"":""profile-default"",""dol_sha1"":""701391db058943f42300ca97846a0f2156b4a084"",""evidence"":""docs/evidence/aerials/current/aerials-release-extended-0-130.json"",""log_sha256"":""da69f533920989144323b3e2836413d7abcfcfdd2f45b1f4361bdb30f6d54ba5""}]"
84,captain_falcon,samus,dair,implemented,runtime-tested,True,common-aerial,,"[{""status"":""runtime-tested"",""profile"":""debug"",""lifecycle"":true,""stress"":false,""native_jab"":true,""adapter_assertion"":false,""backend"":""profile-default"",""dol_sha1"":""604630d94d7befcd31693eb1a266f4cb5827e5fb"",""evidence"":""docs/evidence/aerials/current/aerials-debug-current-0-130.json"",""log_sha256"":""597f02082e720fadd72b8e1874c731b11b7274f5b7cf4cc22185e848c0777424""},{""status"":""runtime-tested"",""profile"":""release"",""lifecycle"":true,""stress"":false,""native_jab"":true,""adapter_assertion"":false,""backend"":""profile-default"",""dol_sha1"":""701391db058943f42300ca97846a0f2156b4a084"",""evidence"":""docs/evidence/aerials/current/aerials-release-extended-0-130.json"",""log_sha256"":""da69f533920989144323b3e2836413d7abcfcfdd2f45b1f4361bdb30f6d54ba5""}]"
85,captain_falcon,yoshi,nair,implemented,runtime-tested,True,common-aerial,,"[{""status"":""runtime-tested"",""profile"":""debug"",""lifecycle"":true,""stress"":false,""native_jab"":true,""adapter_assertion"":false,""backend"":""profile-default"",""dol_sha1"":""604630d94d7befcd31693eb1a266f4cb5827e5fb"",""evidence"":""docs/evidence/aerials/current/aerials-debug-current-0-130.json"",""log_sha256"":""597f02082e720fadd72b8e1874c731b11b7274f5b7cf4cc22185e848c0777424""},{""status"":""runtime-tested"",""profile"":""release"",""lifecycle"":true,""stress"":false,""native_jab"":true,""adapter_assertion"":false,""backend"":""profile-default"",""dol_sha1"":""701391db058943f42300ca97846a0f2156b4a084"",""evidence"":""docs/evidence/aerials/current/aerials-release-extended-0-130.json"",""log_sha256"":""da69f533920989144323b3e2836413d7abcfcfdd2f45b1f4361bdb30f6d54ba5""}]"
86,captain_falcon,yoshi,fair,implemented,runtime-tested,True,common-aerial,,"[{""status"":""runtime-tested"",""profile"":""debug"",""lifecycle"":true,""stress"":false,""native_jab"":true,""adapter_assertion"":false,""backend"":""profile-default"",""dol_sha1"":""604630d94d7befcd31693eb1a266f4cb5827e5fb"",""evidence"":""docs/evidence/aerials/current/aerials-debug-current-0-130.json"",""log_sha256"":""597f02082e720fadd72b8e1874c731b11b7274f5b7cf4cc22185e848c0777424""},{""status"":""runtime-tested"",""profile"":""release"",""lifecycle"":true,""stress"":false,""native_jab"":true,""adapter_assertion"":false,""backend"":""profile-default"",""dol_sha1"":""701391db058943f42300ca97846a0f2156b4a084"",""evidence"":""docs/evidence/aerials/current/aerials-release-extended-0-130.json"",""log_sha256"":""da69f533920989144323b3e2836413d7abcfcfdd2f45b1f4361bdb30f6d54ba5""}]"
87,captain_falcon,yoshi,bair,implemented,runtime-tested,True,common-aerial,,"[{""status"":""runtime-tested"",""profile"":""debug"",""lifecycle"":true,""stress"":false,""native_jab"":true,""adapter_assertion"":false,""backend"":""profile-default"",""dol_sha1"":""604630d94d7befcd31693eb1a266f4cb5827e5fb"",""evidence"":""docs/evidence/aerials/current/aerials-debug-current-0-130.json"",""log_sha256"":""597f02082e720fadd72b8e1874c731b11b7274f5b7cf4cc22185e848c0777424""},{""status"":""runtime-tested"",""profile"":""release"",""lifecycle"":true,""stress"":false,""native_jab"":true,""adapter_assertion"":false,""backend"":""profile-default"",""dol_sha1"":""701391db058943f42300ca97846a0f2156b4a084"",""evidence"":""docs/evidence/aerials/current/aerials-release-extended-0-130.json"",""log_sha256"":""da69f533920989144323b3e2836413d7abcfcfdd2f45b1f4361bdb30f6d54ba5""}]"
88,captain_falcon,yoshi,uair,implemented,runtime-tested,True,common-aerial,,"[{""status"":""runtime-tested"",""profile"":""debug"",""lifecycle"":true,""stress"":false,""native_jab"":true,""adapter_assertion"":false,""backend"":""profile-default"",""dol_sha1"":""604630d94d7befcd31693eb1a266f4cb5827e5fb"",""evidence"":""docs/evidence/aerials/current/aerials-debug-current-0-130.json"",""log_sha256"":""597f02082e720fadd72b8e1874c731b11b7274f5b7cf4cc22185e848c0777424""},{""status"":""runtime-tested"",""profile"":""release"",""lifecycle"":true,""stress"":false,""native_jab"":true,""adapter_assertion"":false,""backend"":""profile-default"",""dol_sha1"":""701391db058943f42300ca97846a0f2156b4a084"",""evidence"":""docs/evidence/aerials/current/aerials-release-extended-0-130.json"",""log_sha256"":""da69f533920989144323b3e2836413d7abcfcfdd2f45b1f4361bdb30f6d54ba5""}]"
89,captain_falcon,yoshi,dair,implemented,runtime-tested,True,common-aerial,,"[{""status"":""runtime-tested"",""profile"":""debug"",""lifecycle"":true,""stress"":false,""native_jab"":true,""adapter_assertion"":false,""backend"":""profile-default"",""dol_sha1"":""604630d94d7befcd31693eb1a266f4cb5827e5fb"",""evidence"":""docs/evidence/aerials/current/aerials-debug-current-0-130.json"",""log_sha256"":""597f02082e720fadd72b8e1874c731b11b7274f5b7cf4cc22185e848c0777424""},{""status"":""runtime-tested"",""profile"":""release"",""lifecycle"":true,""stress"":false,""native_jab"":true,""adapter_assertion"":false,""backend"":""profile-default"",""dol_sha1"":""701391db058943f42300ca97846a0f2156b4a084"",""evidence"":""docs/evidence/aerials/current/aerials-release-extended-0-130.json"",""log_sha256"":""da69f533920989144323b3e2836413d7abcfcfdd2f45b1f4361bdb30f6d54ba5""}]"
90,captain_falcon,zelda,nair,implemented,runtime-tested,True,common-aerial,,"[{""status"":""runtime-tested"",""profile"":""debug"",""lifecycle"":true,""stress"":false,""native_jab"":true,""adapter_assertion"":false,""backend"":""profile-default"",""dol_sha1"":""604630d94d7befcd31693eb1a266f4cb5827e5fb"",""evidence"":""docs/evidence/aerials/current/aerials-debug-current-0-130.json"",""log_sha256"":""597f02082e720fadd72b8e1874c731b11b7274f5b7cf4cc22185e848c0777424""},{""status"":""runtime-tested"",""profile"":""release"",""lifecycle"":true,""stress"":false,""native_jab"":true,""adapter_assertion"":false,""backend"":""profile-default"",""dol_sha1"":""701391db058943f42300ca97846a0f2156b4a084"",""evidence"":""docs/evidence/aerials/current/aerials-release-extended-0-130.json"",""log_sha256"":""da69f533920989144323b3e2836413d7abcfcfdd2f45b1f4361bdb30f6d54ba5""}]"
91,captain_falcon,zelda,fair,implemented,runtime-tested,True,common-aerial,,"[{""status"":""runtime-tested"",""profile"":""debug"",""lifecycle"":true,""stress"":false,""native_jab"":true,""adapter_assertion"":false,""backend"":""profile-default"",""dol_sha1"":""604630d94d7befcd31693eb1a266f4cb5827e5fb"",""evidence"":""docs/evidence/aerials/current/aerials-debug-current-0-130.json"",""log_sha256"":""597f02082e720fadd72b8e1874c731b11b7274f5b7cf4cc22185e848c0777424""},{""status"":""runtime-tested"",""profile"":""release"",""lifecycle"":true,""stress"":false,""native_jab"":true,""adapter_assertion"":false,""backend"":""profile-default"",""dol_sha1"":""701391db058943f42300ca97846a0f2156b4a084"",""evidence"":""docs/evidence/aerials/current/aerials-release-extended-0-130.json"",""log_sha256"":""da69f533920989144323b3e2836413d7abcfcfdd2f45b1f4361bdb30f6d54ba5""}]"
92,captain_falcon,zelda,bair,implemented,runtime-tested,True,common-aerial,,"[{""status"":""runtime-tested"",""profile"":""debug"",""lifecycle"":true,""stress"":false,""native_jab"":true,""adapter_assertion"":false,""backend"":""profile-default"",""dol_sha1"":""604630d94d7befcd31693eb1a266f4cb5827e5fb"",""evidence"":""docs/evidence/aerials/current/aerials-debug-current-0-130.json"",""log_sha256"":""597f02082e720fadd72b8e1874c731b11b7274f5b7cf4cc22185e848c0777424""},{""status"":""runtime-tested"",""profile"":""release"",""lifecycle"":true,""stress"":false,""native_jab"":true,""adapter_assertion"":false,""backend"":""profile-default"",""dol_sha1"":""701391db058943f42300ca97846a0f2156b4a084"",""evidence"":""docs/evidence/aerials/current/aerials-release-extended-0-130.json"",""log_sha256"":""da69f533920989144323b3e2836413d7abcfcfdd2f45b1f4361bdb30f6d54ba5""}]"
93,captain_falcon,zelda,uair,implemented,runtime-tested,True,common-aerial,,"[{""status"":""runtime-tested"",""profile"":""debug"",""lifecycle"":true,""stress"":false,""native_jab"":true,""adapter_assertion"":false,""backend"":""profile-default"",""dol_sha1"":""604630d94d7befcd31693eb1a266f4cb5827e5fb"",""evidence"":""docs/evidence/aerials/current/aerials-debug-current-0-130.json"",""log_sha256"":""597f02082e720fadd72b8e1874c731b11b7274f5b7cf4cc22185e848c0777424""},{""status"":""runtime-tested"",""profile"":""release"",""lifecycle"":true,""stress"":false,""native_jab"":true,""adapter_assertion"":false,""backend"":""profile-default"",""dol_sha1"":""701391db058943f42300ca97846a0f2156b4a084"",""evidence"":""docs/evidence/aerials/current/aerials-release-extended-0-130.json"",""log_sha256"":""da69f533920989144323b3e2836413d7abcfcfdd2f45b1f4361bdb30f6d54ba5""}]"
94,captain_falcon,zelda,dair,implemented,runtime-tested,True,common-aerial,,"[{""status"":""runtime-tested"",""profile"":""debug"",""lifecycle"":true,""stress"":false,""native_jab"":true,""adapter_assertion"":false,""backend"":""profile-default"",""dol_sha1"":""604630d94d7befcd31693eb1a266f4cb5827e5fb"",""evidence"":""docs/evidence/aerials/current/aerials-debug-current-0-130.json"",""log_sha256"":""597f02082e720fadd72b8e1874c731b11b7274f5b7cf4cc22185e848c0777424""},{""status"":""runtime-tested"",""profile"":""release"",""lifecycle"":true,""stress"":false,""native_jab"":true,""adapter_assertion"":false,""backend"":""profile-default"",""dol_sha1"":""701391db058943f42300ca97846a0f2156b4a084"",""evidence"":""docs/evidence/aerials/current/aerials-release-extended-0-130.json"",""log_sha256"":""da69f533920989144323b3e2836413d7abcfcfdd2f45b1f4361bdb30f6d54ba5""}]"
95,captain_falcon,sheik,nair,implemented,runtime-tested,True,common-aerial,,"[{""status"":""runtime-tested"",""profile"":""debug"",""lifecycle"":true,""stress"":false,""native_jab"":true,""adapter_assertion"":false,""backend"":""profile-default"",""dol_sha1"":""604630d94d7befcd31693eb1a266f4cb5827e5fb"",""evidence"":""docs/evidence/aerials/current/aerials-debug-current-0-130.json"",""log_sha256"":""597f02082e720fadd72b8e1874c731b11b7274f5b7cf4cc22185e848c0777424""},{""status"":""runtime-tested"",""profile"":""release"",""lifecycle"":true,""stress"":false,""native_jab"":true,""adapter_assertion"":false,""backend"":""profile-default"",""dol_sha1"":""701391db058943f42300ca97846a0f2156b4a084"",""evidence"":""docs/evidence/aerials/current/aerials-release-extended-0-130.json"",""log_sha256"":""da69f533920989144323b3e2836413d7abcfcfdd2f45b1f4361bdb30f6d54ba5""}]"
96,captain_falcon,sheik,fair,implemented,runtime-tested,True,common-aerial,,"[{""status"":""runtime-tested"",""profile"":""debug"",""lifecycle"":true,""stress"":false,""native_jab"":true,""adapter_assertion"":false,""backend"":""profile-default"",""dol_sha1"":""604630d94d7befcd31693eb1a266f4cb5827e5fb"",""evidence"":""docs/evidence/aerials/current/aerials-debug-current-0-130.json"",""log_sha256"":""597f02082e720fadd72b8e1874c731b11b7274f5b7cf4cc22185e848c0777424""},{""status"":""runtime-tested"",""profile"":""release"",""lifecycle"":true,""stress"":false,""native_jab"":true,""adapter_assertion"":false,""backend"":""profile-default"",""dol_sha1"":""701391db058943f42300ca97846a0f2156b4a084"",""evidence"":""docs/evidence/aerials/current/aerials-release-extended-0-130.json"",""log_sha256"":""da69f533920989144323b3e2836413d7abcfcfdd2f45b1f4361bdb30f6d54ba5""}]"
97,captain_falcon,sheik,bair,implemented,runtime-tested,True,common-aerial,,"[{""status"":""runtime-tested"",""profile"":""debug"",""lifecycle"":true,""stress"":false,""native_jab"":true,""adapter_assertion"":false,""backend"":""profile-default"",""dol_sha1"":""604630d94d7befcd31693eb1a266f4cb5827e5fb"",""evidence"":""docs/evidence/aerials/current/aerials-debug-current-0-130.json"",""log_sha256"":""597f02082e720fadd72b8e1874c731b11b7274f5b7cf4cc22185e848c0777424""},{""status"":""runtime-tested"",""profile"":""release"",""lifecycle"":true,""stress"":false,""native_jab"":true,""adapter_assertion"":false,""backend"":""profile-default"",""dol_sha1"":""701391db058943f42300ca97846a0f2156b4a084"",""evidence"":""docs/evidence/aerials/current/aerials-release-extended-0-130.json"",""log_sha256"":""da69f533920989144323b3e2836413d7abcfcfdd2f45b1f4361bdb30f6d54ba5""}]"
98,captain_falcon,sheik,uair,implemented,runtime-tested,True,common-aerial,,"[{""status"":""runtime-tested"",""profile"":""debug"",""lifecycle"":true,""stress"":false,""native_jab"":true,""adapter_assertion"":false,""backend"":""profile-default"",""dol_sha1"":""604630d94d7befcd31693eb1a266f4cb5827e5fb"",""evidence"":""docs/evidence/aerials/current/aerials-debug-current-0-130.json"",""log_sha256"":""597f02082e720fadd72b8e1874c731b11b7274f5b7cf4cc22185e848c0777424""},{""status"":""runtime-tested"",""profile"":""release"",""lifecycle"":true,""stress"":false,""native_jab"":true,""adapter_assertion"":false,""backend"":""profile-default"",""dol_sha1"":""701391db058943f42300ca97846a0f2156b4a084"",""evidence"":""docs/evidence/aerials/current/aerials-release-extended-0-130.json"",""log_sha256"":""da69f533920989144323b3e2836413d7abcfcfdd2f45b1f4361bdb30f6d54ba5""}]"
99,captain_falcon,sheik,dair,implemented,runtime-tested,True,common-aerial,,"[{""status"":""runtime-tested"",""profile"":""debug"",""lifecycle"":true,""stress"":false,""native_jab"":true,""adapter_assertion"":false,""backend"":""profile-default"",""dol_sha1"":""604630d94d7befcd31693eb1a266f4cb5827e5fb"",""evidence"":""docs/evidence/aerials/current/aerials-debug-current-0-130.json"",""log_sha256"":""597f02082e720fadd72b8e1874c731b11b7274f5b7cf4cc22185e848c0777424""},{""status"":""runtime-tested"",""profile"":""release"",""lifecycle"":true,""stress"":false,""native_jab"":true,""adapter_assertion"":false,""backend"":""profile-default"",""dol_sha1"":""701391db058943f42300ca97846a0f2156b4a084"",""evidence"":""docs/evidence/aerials/current/aerials-release-extended-0-130.json"",""log_sha256"":""da69f533920989144323b3e2836413d7abcfcfdd2f45b1f4361bdb30f6d54ba5""}]"
100,captain_falcon,falco,nair,implemented,runtime-tested,True,common-aerial,,"[{""status"":""runtime-tested"",""profile"":""debug"",""lifecycle"":true,""stress"":false,""native_jab"":true,""adapter_assertion"":false,""backend"":""profile-default"",""dol_sha1"":""604630d94d7befcd31693eb1a266f4cb5827e5fb"",""evidence"":""docs/evidence/aerials/current/aerials-debug-current-0-130.json"",""log_sha256"":""597f02082e720fadd72b8e1874c731b11b7274f5b7cf4cc22185e848c0777424""},{""status"":""runtime-tested"",""profile"":""release"",""lifecycle"":true,""stress"":false,""native_jab"":true,""adapter_assertion"":false,""backend"":""profile-default"",""dol_sha1"":""701391db058943f42300ca97846a0f2156b4a084"",""evidence"":""docs/evidence/aerials/current/aerials-release-extended-0-130.json"",""log_sha256"":""da69f533920989144323b3e2836413d7abcfcfdd2f45b1f4361bdb30f6d54ba5""}]"
101,captain_falcon,falco,fair,implemented,runtime-tested,True,common-aerial,,"[{""status"":""runtime-tested"",""profile"":""debug"",""lifecycle"":true,""stress"":false,""native_jab"":true,""adapter_assertion"":false,""backend"":""profile-default"",""dol_sha1"":""604630d94d7befcd31693eb1a266f4cb5827e5fb"",""evidence"":""docs/evidence/aerials/current/aerials-debug-current-0-130.json"",""log_sha256"":""597f02082e720fadd72b8e1874c731b11b7274f5b7cf4cc22185e848c0777424""},{""status"":""runtime-tested"",""profile"":""release"",""lifecycle"":true,""stress"":false,""native_jab"":true,""adapter_assertion"":false,""backend"":""profile-default"",""dol_sha1"":""701391db058943f42300ca97846a0f2156b4a084"",""evidence"":""docs/evidence/aerials/current/aerials-release-extended-0-130.json"",""log_sha256"":""da69f533920989144323b3e2836413d7abcfcfdd2f45b1f4361bdb30f6d54ba5""}]"
102,captain_falcon,falco,bair,implemented,runtime-tested,True,common-aerial,,"[{""status"":""runtime-tested"",""profile"":""debug"",""lifecycle"":true,""stress"":false,""native_jab"":true,""adapter_assertion"":false,""backend"":""profile-default"",""dol_sha1"":""604630d94d7befcd31693eb1a266f4cb5827e5fb"",""evidence"":""docs/evidence/aerials/current/aerials-debug-current-0-130.json"",""log_sha256"":""597f02082e720fadd72b8e1874c731b11b7274f5b7cf4cc22185e848c0777424""},{""status"":""runtime-tested"",""profile"":""release"",""lifecycle"":true,""stress"":false,""native_jab"":true,""adapter_assertion"":false,""backend"":""profile-default"",""dol_sha1"":""701391db058943f42300ca97846a0f2156b4a084"",""evidence"":""docs/evidence/aerials/current/aerials-release-extended-0-130.json"",""log_sha256"":""da69f533920989144323b3e2836413d7abcfcfdd2f45b1f4361bdb30f6d54ba5""}]"
103,captain_falcon,falco,uair,implemented,runtime-tested,True,common-aerial,,"[{""status"":""runtime-tested"",""profile"":""debug"",""lifecycle"":true,""stress"":false,""native_jab"":true,""adapter_assertion"":false,""backend"":""profile-default"",""dol_sha1"":""604630d94d7befcd31693eb1a266f4cb5827e5fb"",""evidence"":""docs/evidence/aerials/current/aerials-debug-current-0-130.json"",""log_sha256"":""597f02082e720fadd72b8e1874c731b11b7274f5b7cf4cc22185e848c0777424""},{""status"":""runtime-tested"",""profile"":""release"",""lifecycle"":true,""stress"":false,""native_jab"":true,""adapter_assertion"":false,""backend"":""profile-default"",""dol_sha1"":""701391db058943f42300ca97846a0f2156b4a084"",""evidence"":""docs/evidence/aerials/current/aerials-release-extended-0-130.json"",""log_sha256"":""da69f533920989144323b3e2836413d7abcfcfdd2f45b1f4361bdb30f6d54ba5""}]"
104,captain_falcon,falco,dair,implemented,runtime-tested,True,common-aerial,,"[{""status"":""runtime-tested"",""profile"":""debug"",""lifecycle"":true,""stress"":false,""native_jab"":true,""adapter_assertion"":false,""backend"":""profile-default"",""dol_sha1"":""604630d94d7befcd31693eb1a266f4cb5827e5fb"",""evidence"":""docs/evidence/aerials/current/aerials-debug-current-0-130.json"",""log_sha256"":""597f02082e720fadd72b8e1874c731b11b7274f5b7cf4cc22185e848c0777424""},{""status"":""runtime-tested"",""profile"":""debug"",""lifecycle"":true,""stress"":true,""native_jab"":false,""adapter_assertion"":false,""backend"":""profile-default"",""dol_sha1"":""81533ece59d729a3aef5495e6185c60b616e27b3"",""evidence"":""docs/evidence/aerials/current/aerials-debug-stress-0-130.json"",""log_sha256"":""49529f3c79e4d63320368cef9d60b49620a7ac6fd09d26c7e7aec9afcdfd6dca""},{""status"":""runtime-tested"",""profile"":""release"",""lifecycle"":true,""stress"":false,""native_jab"":true,""adapter_assertion"":false,""backend"":""profile-default"",""dol_sha1"":""701391db058943f42300ca97846a0f2156b4a084"",""evidence"":""docs/evidence/aerials/current/aerials-release-extended-0-130.json"",""log_sha256"":""da69f533920989144323b3e2836413d7abcfcfdd2f45b1f4361bdb30f6d54ba5""},{""status"":""runtime-tested"",""profile"":""release"",""lifecycle"":true,""stress"":true,""native_jab"":true,""adapter_assertion"":false,""backend"":""profile-default"",""dol_sha1"":""36c24894da8b0649624bd1277c126c7533e46b54"",""evidence"":""docs/evidence/aerials/current/aerials-release-stress-0-130.json"",""log_sha256"":""fbc9a3bcc32b3f6ab77bd81ee710a8f2fa5e8c5773149e6da91736b32a1de458""}]"
105,captain_falcon,young_link,nair,implemented,runtime-tested,True,common-aerial,,"[{""status"":""runtime-tested"",""profile"":""debug"",""lifecycle"":true,""stress"":false,""native_jab"":true,""adapter_assertion"":false,""backend"":""profile-default"",""dol_sha1"":""604630d94d7befcd31693eb1a266f4cb5827e5fb"",""evidence"":""docs/evidence/aerials/current/aerials-debug-current-0-130.json"",""log_sha256"":""597f02082e720fadd72b8e1874c731b11b7274f5b7cf4cc22185e848c0777424""},{""status"":""runtime-tested"",""profile"":""release"",""lifecycle"":true,""stress"":false,""native_jab"":true,""adapter_assertion"":false,""backend"":""profile-default"",""dol_sha1"":""701391db058943f42300ca97846a0f2156b4a084"",""evidence"":""docs/evidence/aerials/current/aerials-release-extended-0-130.json"",""log_sha256"":""da69f533920989144323b3e2836413d7abcfcfdd2f45b1f4361bdb30f6d54ba5""}]"
106,captain_falcon,young_link,fair,implemented,runtime-tested,True,common-aerial,,"[{""status"":""runtime-tested"",""profile"":""debug"",""lifecycle"":true,""stress"":false,""native_jab"":true,""adapter_assertion"":false,""backend"":""profile-default"",""dol_sha1"":""604630d94d7befcd31693eb1a266f4cb5827e5fb"",""evidence"":""docs/evidence/aerials/current/aerials-debug-current-0-130.json"",""log_sha256"":""597f02082e720fadd72b8e1874c731b11b7274f5b7cf4cc22185e848c0777424""},{""status"":""runtime-tested"",""profile"":""release"",""lifecycle"":true,""stress"":false,""native_jab"":true,""adapter_assertion"":false,""backend"":""profile-default"",""dol_sha1"":""701391db058943f42300ca97846a0f2156b4a084"",""evidence"":""docs/evidence/aerials/current/aerials-release-extended-0-130.json"",""log_sha256"":""da69f533920989144323b3e2836413d7abcfcfdd2f45b1f4361bdb30f6d54ba5""}]"
107,captain_falcon,young_link,bair,implemented,runtime-tested,True,common-aerial,,"[{""status"":""runtime-tested"",""profile"":""debug"",""lifecycle"":true,""stress"":false,""native_jab"":true,""adapter_assertion"":false,""backend"":""profile-default"",""dol_sha1"":""604630d94d7befcd31693eb1a266f4cb5827e5fb"",""evidence"":""docs/evidence/aerials/current/aerials-debug-current-0-130.json"",""log_sha256"":""597f02082e720fadd72b8e1874c731b11b7274f5b7cf4cc22185e848c0777424""},{""status"":""runtime-tested"",""profile"":""release"",""lifecycle"":true,""stress"":false,""native_jab"":true,""adapter_assertion"":false,""backend"":""profile-default"",""dol_sha1"":""701391db058943f42300ca97846a0f2156b4a084"",""evidence"":""docs/evidence/aerials/current/aerials-release-extended-0-130.json"",""log_sha256"":""da69f533920989144323b3e2836413d7abcfcfdd2f45b1f4361bdb30f6d54ba5""}]"
108,captain_falcon,young_link,uair,implemented,runtime-tested,True,common-aerial,,"[{""status"":""runtime-tested"",""profile"":""debug"",""lifecycle"":true,""stress"":false,""native_jab"":true,""adapter_assertion"":false,""backend"":""profile-default"",""dol_sha1"":""604630d94d7befcd31693eb1a266f4cb5827e5fb"",""evidence"":""docs/evidence/aerials/current/aerials-debug-current-0-130.json"",""log_sha256"":""597f02082e720fadd72b8e1874c731b11b7274f5b7cf4cc22185e848c0777424""},{""status"":""runtime-tested"",""profile"":""release"",""lifecycle"":true,""stress"":false,""native_jab"":true,""adapter_assertion"":false,""backend"":""profile-default"",""dol_sha1"":""701391db058943f42300ca97846a0f2156b4a084"",""evidence"":""docs/evidence/aerials/current/aerials-release-extended-0-130.json"",""log_sha256"":""da69f533920989144323b3e2836413d7abcfcfdd2f45b1f4361bdb30f6d54ba5""}]"
109,captain_falcon,young_link,dair,implemented,runtime-tested,True,link-down-bounce,,"[{""status"":""runtime-tested"",""profile"":""debug"",""lifecycle"":true,""stress"":false,""native_jab"":true,""adapter_assertion"":true,""backend"":""profile-default"",""dol_sha1"":""604630d94d7befcd31693eb1a266f4cb5827e5fb"",""evidence"":""docs/evidence/aerials/current/aerials-debug-current-0-130.json"",""log_sha256"":""597f02082e720fadd72b8e1874c731b11b7274f5b7cf4cc22185e848c0777424""},{""status"":""runtime-tested"",""profile"":""release"",""lifecycle"":true,""stress"":false,""native_jab"":true,""adapter_assertion"":false,""backend"":""profile-default"",""dol_sha1"":""701391db058943f42300ca97846a0f2156b4a084"",""evidence"":""docs/evidence/aerials/current/aerials-release-extended-0-130.json"",""log_sha256"":""da69f533920989144323b3e2836413d7abcfcfdd2f45b1f4361bdb30f6d54ba5""}]"
110,captain_falcon,dr_mario,nair,implemented,runtime-tested,True,common-aerial,,"[{""status"":""runtime-tested"",""profile"":""debug"",""lifecycle"":true,""stress"":false,""native_jab"":true,""adapter_assertion"":false,""backend"":""profile-default"",""dol_sha1"":""604630d94d7befcd31693eb1a266f4cb5827e5fb"",""evidence"":""docs/evidence/aerials/current/aerials-debug-current-0-130.json"",""log_sha256"":""597f02082e720fadd72b8e1874c731b11b7274f5b7cf4cc22185e848c0777424""},{""status"":""runtime-tested"",""profile"":""release"",""lifecycle"":true,""stress"":false,""native_jab"":true,""adapter_assertion"":false,""backend"":""profile-default"",""dol_sha1"":""701391db058943f42300ca97846a0f2156b4a084"",""evidence"":""docs/evidence/aerials/current/aerials-release-extended-0-130.json"",""log_sha256"":""da69f533920989144323b3e2836413d7abcfcfdd2f45b1f4361bdb30f6d54ba5""}]"
111,captain_falcon,dr_mario,fair,implemented,runtime-tested,True,common-aerial,,"[{""status"":""runtime-tested"",""profile"":""debug"",""lifecycle"":true,""stress"":false,""native_jab"":true,""adapter_assertion"":false,""backend"":""profile-default"",""dol_sha1"":""604630d94d7befcd31693eb1a266f4cb5827e5fb"",""evidence"":""docs/evidence/aerials/current/aerials-debug-current-0-130.json"",""log_sha256"":""597f02082e720fadd72b8e1874c731b11b7274f5b7cf4cc22185e848c0777424""},{""status"":""runtime-tested"",""profile"":""release"",""lifecycle"":true,""stress"":false,""native_jab"":true,""adapter_assertion"":false,""backend"":""profile-default"",""dol_sha1"":""701391db058943f42300ca97846a0f2156b4a084"",""evidence"":""docs/evidence/aerials/current/aerials-release-extended-0-130.json"",""log_sha256"":""da69f533920989144323b3e2836413d7abcfcfdd2f45b1f4361bdb30f6d54ba5""}]"
112,captain_falcon,dr_mario,bair,implemented,runtime-tested,True,common-aerial,,"[{""status"":""runtime-tested"",""profile"":""debug"",""lifecycle"":true,""stress"":false,""native_jab"":true,""adapter_assertion"":false,""backend"":""profile-default"",""dol_sha1"":""604630d94d7befcd31693eb1a266f4cb5827e5fb"",""evidence"":""docs/evidence/aerials/current/aerials-debug-current-0-130.json"",""log_sha256"":""597f02082e720fadd72b8e1874c731b11b7274f5b7cf4cc22185e848c0777424""},{""status"":""runtime-tested"",""profile"":""release"",""lifecycle"":true,""stress"":false,""native_jab"":true,""adapter_assertion"":false,""backend"":""profile-default"",""dol_sha1"":""701391db058943f42300ca97846a0f2156b4a084"",""evidence"":""docs/evidence/aerials/current/aerials-release-extended-0-130.json"",""log_sha256"":""da69f533920989144323b3e2836413d7abcfcfdd2f45b1f4361bdb30f6d54ba5""}]"
113,captain_falcon,dr_mario,uair,implemented,runtime-tested,True,common-aerial,,"[{""status"":""runtime-tested"",""profile"":""debug"",""lifecycle"":true,""stress"":false,""native_jab"":true,""adapter_assertion"":false,""backend"":""profile-default"",""dol_sha1"":""604630d94d7befcd31693eb1a266f4cb5827e5fb"",""evidence"":""docs/evidence/aerials/current/aerials-debug-current-0-130.json"",""log_sha256"":""597f02082e720fadd72b8e1874c731b11b7274f5b7cf4cc22185e848c0777424""},{""status"":""runtime-tested"",""profile"":""release"",""lifecycle"":true,""stress"":false,""native_jab"":true,""adapter_assertion"":false,""backend"":""profile-default"",""dol_sha1"":""701391db058943f42300ca97846a0f2156b4a084"",""evidence"":""docs/evidence/aerials/current/aerials-release-extended-0-130.json"",""log_sha256"":""da69f533920989144323b3e2836413d7abcfcfdd2f45b1f4361bdb30f6d54ba5""}]"
114,captain_falcon,dr_mario,dair,implemented,runtime-tested,True,common-aerial,,"[{""status"":""runtime-tested"",""profile"":""debug"",""lifecycle"":true,""stress"":false,""native_jab"":true,""adapter_assertion"":false,""backend"":""profile-default"",""dol_sha1"":""604630d94d7befcd31693eb1a266f4cb5827e5fb"",""evidence"":""docs/evidence/aerials/current/aerials-debug-current-0-130.json"",""log_sha256"":""597f02082e720fadd72b8e1874c731b11b7274f5b7cf4cc22185e848c0777424""},{""status"":""runtime-tested"",""profile"":""release"",""lifecycle"":true,""stress"":false,""native_jab"":true,""adapter_assertion"":false,""backend"":""profile-default"",""dol_sha1"":""701391db058943f42300ca97846a0f2156b4a084"",""evidence"":""docs/evidence/aerials/current/aerials-release-extended-0-130.json"",""log_sha256"":""da69f533920989144323b3e2836413d7abcfcfdd2f45b1f4361bdb30f6d54ba5""}]"
115,captain_falcon,roy,nair,implemented,runtime-tested,True,common-aerial,,"[{""status"":""runtime-tested"",""profile"":""debug"",""lifecycle"":true,""stress"":false,""native_jab"":true,""adapter_assertion"":false,""backend"":""profile-default"",""dol_sha1"":""604630d94d7befcd31693eb1a266f4cb5827e5fb"",""evidence"":""docs/evidence/aerials/current/aerials-debug-current-0-130.json"",""log_sha256"":""597f02082e720fadd72b8e1874c731b11b7274f5b7cf4cc22185e848c0777424""},{""status"":""runtime-tested"",""profile"":""release"",""lifecycle"":true,""stress"":false,""native_jab"":true,""adapter_assertion"":false,""backend"":""profile-default"",""dol_sha1"":""701391db058943f42300ca97846a0f2156b4a084"",""evidence"":""docs/evidence/aerials/current/aerials-release-extended-0-130.json"",""log_sha256"":""da69f533920989144323b3e2836413d7abcfcfdd2f45b1f4361bdb30f6d54ba5""}]"
116,captain_falcon,roy,fair,implemented,runtime-tested,True,common-aerial,,"[{""status"":""runtime-tested"",""profile"":""debug"",""lifecycle"":true,""stress"":false,""native_jab"":true,""adapter_assertion"":false,""backend"":""profile-default"",""dol_sha1"":""604630d94d7befcd31693eb1a266f4cb5827e5fb"",""evidence"":""docs/evidence/aerials/current/aerials-debug-current-0-130.json"",""log_sha256"":""597f02082e720fadd72b8e1874c731b11b7274f5b7cf4cc22185e848c0777424""},{""status"":""runtime-tested"",""profile"":""release"",""lifecycle"":true,""stress"":false,""native_jab"":true,""adapter_assertion"":false,""backend"":""profile-default"",""dol_sha1"":""701391db058943f42300ca97846a0f2156b4a084"",""evidence"":""docs/evidence/aerials/current/aerials-release-extended-0-130.json"",""log_sha256"":""da69f533920989144323b3e2836413d7abcfcfdd2f45b1f4361bdb30f6d54ba5""}]"
117,captain_falcon,roy,bair,implemented,runtime-tested,True,common-aerial,,"[{""status"":""runtime-tested"",""profile"":""debug"",""lifecycle"":true,""stress"":false,""native_jab"":true,""adapter_assertion"":false,""backend"":""profile-default"",""dol_sha1"":""604630d94d7befcd31693eb1a266f4cb5827e5fb"",""evidence"":""docs/evidence/aerials/current/aerials-debug-current-0-130.json"",""log_sha256"":""597f02082e720fadd72b8e1874c731b11b7274f5b7cf4cc22185e848c0777424""},{""status"":""runtime-tested"",""profile"":""release"",""lifecycle"":true,""stress"":false,""native_jab"":true,""adapter_assertion"":false,""backend"":""profile-default"",""dol_sha1"":""701391db058943f42300ca97846a0f2156b4a084"",""evidence"":""docs/evidence/aerials/current/aerials-release-extended-0-130.json"",""log_sha256"":""da69f533920989144323b3e2836413d7abcfcfdd2f45b1f4361bdb30f6d54ba5""}]"
118,captain_falcon,roy,uair,implemented,runtime-tested,True,common-aerial,,"[{""status"":""runtime-tested"",""profile"":""debug"",""lifecycle"":true,""stress"":false,""native_jab"":true,""adapter_assertion"":false,""backend"":""profile-default"",""dol_sha1"":""604630d94d7befcd31693eb1a266f4cb5827e5fb"",""evidence"":""docs/evidence/aerials/current/aerials-debug-current-0-130.json"",""log_sha256"":""597f02082e720fadd72b8e1874c731b11b7274f5b7cf4cc22185e848c0777424""},{""status"":""runtime-tested"",""profile"":""release"",""lifecycle"":true,""stress"":false,""native_jab"":true,""adapter_assertion"":false,""backend"":""profile-default"",""dol_sha1"":""701391db058943f42300ca97846a0f2156b4a084"",""evidence"":""docs/evidence/aerials/current/aerials-release-extended-0-130.json"",""log_sha256"":""da69f533920989144323b3e2836413d7abcfcfdd2f45b1f4361bdb30f6d54ba5""}]"
119,captain_falcon,roy,dair,implemented,runtime-tested,True,common-aerial,,"[{""status"":""runtime-tested"",""profile"":""debug"",""lifecycle"":true,""stress"":false,""native_jab"":true,""adapter_assertion"":false,""backend"":""profile-default"",""dol_sha1"":""604630d94d7befcd31693eb1a266f4cb5827e5fb"",""evidence"":""docs/evidence/aerials/current/aerials-debug-current-0-130.json"",""log_sha256"":""597f02082e720fadd72b8e1874c731b11b7274f5b7cf4cc22185e848c0777424""},{""status"":""runtime-tested"",""profile"":""release"",""lifecycle"":true,""stress"":false,""native_jab"":true,""adapter_assertion"":false,""backend"":""profile-default"",""dol_sha1"":""701391db058943f42300ca97846a0f2156b4a084"",""evidence"":""docs/evidence/aerials/current/aerials-release-extended-0-130.json"",""log_sha256"":""da69f533920989144323b3e2836413d7abcfcfdd2f45b1f4361bdb30f6d54ba5""}]"
120,captain_falcon,pichu,nair,implemented,runtime-tested,True,common-aerial,,"[{""status"":""runtime-tested"",""profile"":""debug"",""lifecycle"":true,""stress"":false,""native_jab"":true,""adapter_assertion"":false,""backend"":""profile-default"",""dol_sha1"":""604630d94d7befcd31693eb1a266f4cb5827e5fb"",""evidence"":""docs/evidence/aerials/current/aerials-debug-current-0-130.json"",""log_sha256"":""597f02082e720fadd72b8e1874c731b11b7274f5b7cf4cc22185e848c0777424""},{""status"":""runtime-tested"",""profile"":""release"",""lifecycle"":true,""stress"":false,""native_jab"":true,""adapter_assertion"":false,""backend"":""profile-default"",""dol_sha1"":""701391db058943f42300ca97846a0f2156b4a084"",""evidence"":""docs/evidence/aerials/current/aerials-release-extended-0-130.json"",""log_sha256"":""da69f533920989144323b3e2836413d7abcfcfdd2f45b1f4361bdb30f6d54ba5""}]"
121,captain_falcon,pichu,fair,implemented,runtime-tested,True,common-aerial,,"[{""status"":""runtime-tested"",""profile"":""debug"",""lifecycle"":true,""stress"":false,""native_jab"":true,""adapter_assertion"":false,""backend"":""profile-default"",""dol_sha1"":""604630d94d7befcd31693eb1a266f4cb5827e5fb"",""evidence"":""docs/evidence/aerials/current/aerials-debug-current-0-130.json"",""log_sha256"":""597f02082e720fadd72b8e1874c731b11b7274f5b7cf4cc22185e848c0777424""},{""status"":""runtime-tested"",""profile"":""release"",""lifecycle"":true,""stress"":false,""native_jab"":true,""adapter_assertion"":false,""backend"":""profile-default"",""dol_sha1"":""701391db058943f42300ca97846a0f2156b4a084"",""evidence"":""docs/evidence/aerials/current/aerials-release-extended-0-130.json"",""log_sha256"":""da69f533920989144323b3e2836413d7abcfcfdd2f45b1f4361bdb30f6d54ba5""}]"
122,captain_falcon,pichu,bair,implemented,runtime-tested,True,common-aerial,,"[{""status"":""runtime-tested"",""profile"":""debug"",""lifecycle"":true,""stress"":false,""native_jab"":true,""adapter_assertion"":false,""backend"":""profile-default"",""dol_sha1"":""604630d94d7befcd31693eb1a266f4cb5827e5fb"",""evidence"":""docs/evidence/aerials/current/aerials-debug-current-0-130.json"",""log_sha256"":""597f02082e720fadd72b8e1874c731b11b7274f5b7cf4cc22185e848c0777424""},{""status"":""runtime-tested"",""profile"":""release"",""lifecycle"":true,""stress"":false,""native_jab"":true,""adapter_assertion"":false,""backend"":""profile-default"",""dol_sha1"":""701391db058943f42300ca97846a0f2156b4a084"",""evidence"":""docs/evidence/aerials/current/aerials-release-extended-0-130.json"",""log_sha256"":""da69f533920989144323b3e2836413d7abcfcfdd2f45b1f4361bdb30f6d54ba5""}]"
123,captain_falcon,pichu,uair,implemented,runtime-tested,True,common-aerial,,"[{""status"":""runtime-tested"",""profile"":""debug"",""lifecycle"":true,""stress"":false,""native_jab"":true,""adapter_assertion"":false,""backend"":""profile-default"",""dol_sha1"":""604630d94d7befcd31693eb1a266f4cb5827e5fb"",""evidence"":""docs/evidence/aerials/current/aerials-debug-current-0-130.json"",""log_sha256"":""597f02082e720fadd72b8e1874c731b11b7274f5b7cf4cc22185e848c0777424""},{""status"":""runtime-tested"",""profile"":""release"",""lifecycle"":true,""stress"":false,""native_jab"":true,""adapter_assertion"":false,""backend"":""profile-default"",""dol_sha1"":""701391db058943f42300ca97846a0f2156b4a084"",""evidence"":""docs/evidence/aerials/current/aerials-release-extended-0-130.json"",""log_sha256"":""da69f533920989144323b3e2836413d7abcfcfdd2f45b1f4361bdb30f6d54ba5""}]"
124,captain_falcon,pichu,dair,implemented,runtime-tested,True,common-aerial,,"[{""status"":""runtime-tested"",""profile"":""debug"",""lifecycle"":true,""stress"":false,""native_jab"":true,""adapter_assertion"":false,""backend"":""profile-default"",""dol_sha1"":""604630d94d7befcd31693eb1a266f4cb5827e5fb"",""evidence"":""docs/evidence/aerials/current/aerials-debug-current-0-130.json"",""log_sha256"":""597f02082e720fadd72b8e1874c731b11b7274f5b7cf4cc22185e848c0777424""},{""status"":""runtime-tested"",""profile"":""release"",""lifecycle"":true,""stress"":false,""native_jab"":true,""adapter_assertion"":false,""backend"":""profile-default"",""dol_sha1"":""701391db058943f42300ca97846a0f2156b4a084"",""evidence"":""docs/evidence/aerials/current/aerials-release-extended-0-130.json"",""log_sha256"":""da69f533920989144323b3e2836413d7abcfcfdd2f45b1f4361bdb30f6d54ba5""}]"
125,captain_falcon,ganondorf,nair,implemented,runtime-tested,True,common-aerial,,"[{""status"":""runtime-tested"",""profile"":""debug"",""lifecycle"":true,""stress"":false,""native_jab"":true,""adapter_assertion"":false,""backend"":""profile-default"",""dol_sha1"":""604630d94d7befcd31693eb1a266f4cb5827e5fb"",""evidence"":""docs/evidence/aerials/current/aerials-debug-current-0-130.json"",""log_sha256"":""597f02082e720fadd72b8e1874c731b11b7274f5b7cf4cc22185e848c0777424""},{""status"":""runtime-tested"",""profile"":""release"",""lifecycle"":true,""stress"":false,""native_jab"":true,""adapter_assertion"":false,""backend"":""profile-default"",""dol_sha1"":""701391db058943f42300ca97846a0f2156b4a084"",""evidence"":""docs/evidence/aerials/current/aerials-release-extended-0-130.json"",""log_sha256"":""da69f533920989144323b3e2836413d7abcfcfdd2f45b1f4361bdb30f6d54ba5""}]"
126,captain_falcon,ganondorf,fair,implemented,runtime-tested,True,common-aerial,,"[{""status"":""runtime-tested"",""profile"":""debug"",""lifecycle"":true,""stress"":false,""native_jab"":true,""adapter_assertion"":false,""backend"":""profile-default"",""dol_sha1"":""604630d94d7befcd31693eb1a266f4cb5827e5fb"",""evidence"":""docs/evidence/aerials/current/aerials-debug-current-0-130.json"",""log_sha256"":""597f02082e720fadd72b8e1874c731b11b7274f5b7cf4cc22185e848c0777424""},{""status"":""runtime-tested"",""profile"":""release"",""lifecycle"":true,""stress"":false,""native_jab"":true,""adapter_assertion"":false,""backend"":""profile-default"",""dol_sha1"":""701391db058943f42300ca97846a0f2156b4a084"",""evidence"":""docs/evidence/aerials/current/aerials-release-extended-0-130.json"",""log_sha256"":""da69f533920989144323b3e2836413d7abcfcfdd2f45b1f4361bdb30f6d54ba5""}]"
127,captain_falcon,ganondorf,bair,implemented,runtime-tested,True,common-aerial,,"[{""status"":""runtime-tested"",""profile"":""debug"",""lifecycle"":true,""stress"":false,""native_jab"":true,""adapter_assertion"":false,""backend"":""profile-default"",""dol_sha1"":""604630d94d7befcd31693eb1a266f4cb5827e5fb"",""evidence"":""docs/evidence/aerials/current/aerials-debug-current-0-130.json"",""log_sha256"":""597f02082e720fadd72b8e1874c731b11b7274f5b7cf4cc22185e848c0777424""},{""status"":""runtime-tested"",""profile"":""release"",""lifecycle"":true,""stress"":false,""native_jab"":true,""adapter_assertion"":false,""backend"":""profile-default"",""dol_sha1"":""701391db058943f42300ca97846a0f2156b4a084"",""evidence"":""docs/evidence/aerials/current/aerials-release-extended-0-130.json"",""log_sha256"":""da69f533920989144323b3e2836413d7abcfcfdd2f45b1f4361bdb30f6d54ba5""}]"
128,captain_falcon,ganondorf,uair,implemented,runtime-tested,True,common-aerial,,"[{""status"":""runtime-tested"",""profile"":""debug"",""lifecycle"":true,""stress"":false,""native_jab"":true,""adapter_assertion"":false,""backend"":""profile-default"",""dol_sha1"":""604630d94d7befcd31693eb1a266f4cb5827e5fb"",""evidence"":""docs/evidence/aerials/current/aerials-debug-current-0-130.json"",""log_sha256"":""597f02082e720fadd72b8e1874c731b11b7274f5b7cf4cc22185e848c0777424""},{""status"":""runtime-tested"",""profile"":""release"",""lifecycle"":true,""stress"":false,""native_jab"":true,""adapter_assertion"":false,""backend"":""profile-default"",""dol_sha1"":""701391db058943f42300ca97846a0f2156b4a084"",""evidence"":""docs/evidence/aerials/current/aerials-release-extended-0-130.json"",""log_sha256"":""da69f533920989144323b3e2836413d7abcfcfdd2f45b1f4361bdb30f6d54ba5""}]"
129,captain_falcon,ganondorf,dair,implemented,runtime-tested,True,common-aerial,,"[{""status"":""runtime-tested"",""profile"":""debug"",""lifecycle"":true,""stress"":false,""native_jab"":true,""adapter_assertion"":false,""backend"":""profile-default"",""dol_sha1"":""604630d94d7befcd31693eb1a266f4cb5827e5fb"",""evidence"":""docs/evidence/aerials/current/aerials-debug-current-0-130.json"",""log_sha256"":""597f02082e720fadd72b8e1874c731b11b7274f5b7cf4cc22185e848c0777424""},{""status"":""runtime-tested"",""profile"":""release"",""lifecycle"":true,""stress"":false,""native_jab"":true,""adapter_assertion"":false,""backend"":""profile-default"",""dol_sha1"":""701391db058943f42300ca97846a0f2156b4a084"",""evidence"":""docs/evidence/aerials/current/aerials-release-extended-0-130.json"",""log_sha256"":""da69f533920989144323b3e2836413d7abcfcfdd2f45b1f4361bdb30f6d54ba5""}]"
130,donkey_kong,captain_falcon,nair,implemented,untested,True,common-aerial,,[]
131,donkey_kong,captain_falcon,fair,implemented,runtime-tested,True,common-aerial,,"[{""status"":""runtime-tested"",""profile"":""debug"",""lifecycle"":true,""stress"":true,""native_jab"":false,""adapter_assertion"":false,""backend"":""profile-default"",""dol_sha1"":""81533ece59d729a3aef5495e6185c60b616e27b3"",""evidence"":""docs/evidence/aerials/current/aerials-debug-stress-0-130.json"",""log_sha256"":""49529f3c79e4d63320368cef9d60b49620a7ac6fd09d26c7e7aec9afcdfd6dca""},{""status"":""runtime-tested"",""profile"":""release"",""lifecycle"":true,""stress"":true,""native_jab"":true,""adapter_assertion"":false,""backend"":""profile-default"",""dol_sha1"":""36c24894da8b0649624bd1277c126c7533e46b54"",""evidence"":""docs/evidence/aerials/current/aerials-release-stress-0-130.json"",""log_sha256"":""fbc9a3bcc32b3f6ab77bd81ee710a8f2fa5e8c5773149e6da91736b32a1de458""}]"
132,donkey_kong,captain_falcon,bair,implemented,untested,True,common-aerial,,[]
133,donkey_kong,captain_falcon,uair,implemented,untested,True,common-aerial,,[]
134,donkey_kong,captain_falcon,dair,implemented,untested,True,common-aerial,,[]
135,donkey_kong,donkey_kong,nair,implemented,untested,False,common-aerial,Identical donor: keep the native slot,[]
136,donkey_kong,donkey_kong,fair,implemented,untested,False,common-aerial,Identical donor: keep the native slot,[]
137,donkey_kong,donkey_kong,bair,implemented,untested,False,common-aerial,Identical donor: keep the native slot,[]
138,donkey_kong,donkey_kong,uair,implemented,untested,False,common-aerial,Identical donor: keep the native slot,[]
139,donkey_kong,donkey_kong,dair,implemented,untested,False,common-aerial,Identical donor: keep the native slot,[]
140,donkey_kong,fox,nair,implemented,untested,True,common-aerial,,[]
141,donkey_kong,fox,fair,implemented,untested,True,common-aerial,,[]
142,donkey_kong,fox,bair,implemented,untested,True,common-aerial,,[]
143,donkey_kong,fox,uair,implemented,untested,True,common-aerial,,[]
144,donkey_kong,fox,dair,implemented,untested,True,common-aerial,,[]
145,donkey_kong,game_and_watch,nair,implemented,untested,True,gamewatch-articles,,[]
146,donkey_kong,game_and_watch,fair,implemented,untested,True,common-aerial,,[]
147,donkey_kong,game_and_watch,bair,implemented,untested,True,gamewatch-articles,,[]
148,donkey_kong,game_and_watch,uair,implemented,untested,True,gamewatch-articles,,[]
149,donkey_kong,game_and_watch,dair,implemented,untested,True,common-aerial,,[]
150,donkey_kong,kirby,nair,implemented,untested,True,common-aerial,,[]
151,donkey_kong,kirby,fair,implemented,untested,True,common-aerial,,[]
152,donkey_kong,kirby,bair,implemented,untested,True,common-aerial,,[]
153,donkey_kong,kirby,uair,implemented,untested,True,common-aerial,,[]
154,donkey_kong,kirby,dair,implemented,untested,True,common-aerial,,[]
155,donkey_kong,bowser,nair,implemented,untested,True,common-aerial,,[]
156,donkey_kong,bowser,fair,implemented,untested,True,common-aerial,,[]
157,donkey_kong,bowser,bair,implemented,runtime-tested,True,common-aerial,,"[{""status"":""runtime-tested"",""profile"":""debug"",""lifecycle"":true,""stress"":true,""native_jab"":false,""adapter_assertion"":false,""backend"":""profile-default"",""dol_sha1"":""81533ece59d729a3aef5495e6185c60b616e27b3"",""evidence"":""docs/evidence/aerials/current/aerials-debug-stress-0-130.json"",""log_sha256"":""49529f3c79e4d63320368cef9d60b49620a7ac6fd09d26c7e7aec9afcdfd6dca""},{""status"":""runtime-tested"",""profile"":""release"",""lifecycle"":true,""stress"":true,""native_jab"":true,""adapter_assertion"":false,""backend"":""profile-default"",""dol_sha1"":""36c24894da8b0649624bd1277c126c7533e46b54"",""evidence"":""docs/evidence/aerials/current/aerials-release-stress-0-130.json"",""log_sha256"":""fbc9a3bcc32b3f6ab77bd81ee710a8f2fa5e8c5773149e6da91736b32a1de458""}]"
158,donkey_kong,bowser,uair,implemented,untested,True,common-aerial,,[]
159,donkey_kong,bowser,dair,implemented,untested,True,common-aerial,,[]
160,donkey_kong,link,nair,implemented,untested,True,common-aerial,,[]
161,donkey_kong,link,fair,implemented,untested,True,common-aerial,,[]
162,donkey_kong,link,bair,implemented,untested,True,common-aerial,,[]
163,donkey_kong,link,uair,implemented,untested,True,common-aerial,,[]
164,donkey_kong,link,dair,implemented,untested,True,link-down-bounce,,[]
165,donkey_kong,luigi,nair,implemented,untested,True,common-aerial,,[]
166,donkey_kong,luigi,fair,implemented,untested,True,common-aerial,,[]
167,donkey_kong,luigi,bair,implemented,untested,True,common-aerial,,[]
168,donkey_kong,luigi,uair,implemented,untested,True,common-aerial,,[]
169,donkey_kong,luigi,dair,implemented,untested,True,common-aerial,,[]
170,donkey_kong,mario,nair,implemented,untested,True,common-aerial,,[]
171,donkey_kong,mario,fair,implemented,untested,True,common-aerial,,[]
172,donkey_kong,mario,bair,implemented,untested,True,common-aerial,,[]
173,donkey_kong,mario,uair,implemented,untested,True,common-aerial,,[]
174,donkey_kong,mario,dair,implemented,untested,True,common-aerial,,[]
175,donkey_kong,marth,nair,implemented,untested,True,common-aerial,,[]
176,donkey_kong,marth,fair,implemented,untested,True,common-aerial,,[]
177,donkey_kong,marth,bair,implemented,untested,True,common-aerial,,[]
178,donkey_kong,marth,uair,implemented,untested,True,common-aerial,,[]
179,donkey_kong,marth,dair,implemented,untested,True,common-aerial,,[]
180,donkey_kong,mewtwo,nair,implemented,untested,True,common-aerial,,[]
181,donkey_kong,mewtwo,fair,implemented,untested,True,common-aerial,,[]
182,donkey_kong,mewtwo,bair,implemented,untested,True,common-aerial,,[]
183,donkey_kong,mewtwo,uair,implemented,runtime-tested,True,common-aerial,,"[{""status"":""runtime-tested"",""profile"":""debug"",""lifecycle"":true,""stress"":true,""native_jab"":false,""adapter_assertion"":false,""backend"":""profile-default"",""dol_sha1"":""81533ece59d729a3aef5495e6185c60b616e27b3"",""evidence"":""docs/evidence/aerials/current/aerials-debug-stress-0-130.json"",""log_sha256"":""49529f3c79e4d63320368cef9d60b49620a7ac6fd09d26c7e7aec9afcdfd6dca""},{""status"":""runtime-tested"",""profile"":""release"",""lifecycle"":true,""stress"":true,""native_jab"":true,""adapter_assertion"":false,""backend"":""profile-default"",""dol_sha1"":""36c24894da8b0649624bd1277c126c7533e46b54"",""evidence"":""docs/evidence/aerials/current/aerials-release-stress-0-130.json"",""log_sha256"":""fbc9a3bcc32b3f6ab77bd81ee710a8f2fa5e8c5773149e6da91736b32a1de458""}]"
184,donkey_kong,mewtwo,dair,implemented,untested,True,common-aerial,,[]
185,donkey_kong,ness,nair,implemented,untested,True,common-aerial,,[]
186,donkey_kong,ness,fair,implemented,untested,True,common-aerial,,[]
187,donkey_kong,ness,bair,implemented,untested,True,common-aerial,,[]
188,donkey_kong,ness,uair,implemented,untested,True,common-aerial,,[]
189,donkey_kong,ness,dair,implemented,untested,True,common-aerial,,[]
190,donkey_kong,peach,nair,implemented,untested,True,common-aerial,,[]
191,donkey_kong,peach,fair,implemented,untested,True,common-aerial,,[]
192,donkey_kong,peach,bair,implemented,untested,True,common-aerial,,[]
193,donkey_kong,peach,uair,implemented,untested,True,common-aerial,,[]
194,donkey_kong,peach,dair,implemented,untested,True,common-aerial,,[]
195,donkey_kong,pikachu,nair,implemented,untested,True,common-aerial,,[]
196,donkey_kong,pikachu,fair,implemented,untested,True,common-aerial,,[]
197,donkey_kong,pikachu,bair,implemented,untested,True,common-aerial,,[]
198,donkey_kong,pikachu,uair,implemented,untested,True,common-aerial,,[]
199,donkey_kong,pikachu,dair,implemented,untested,True,common-aerial,,[]
200,donkey_kong,ice_climbers,nair,implemented,untested,True,common-aerial,,[]
201,donkey_kong,ice_climbers,fair,implemented,untested,True,common-aerial,,[]
202,donkey_kong,ice_climbers,bair,implemented,untested,True,common-aerial,,[]
203,donkey_kong,ice_climbers,uair,implemented,untested,True,common-aerial,,[]
204,donkey_kong,ice_climbers,dair,implemented,untested,True,common-aerial,,[]
205,donkey_kong,jigglypuff,nair,implemented,untested,True,common-aerial,,[]
206,donkey_kong,jigglypuff,fair,implemented,untested,True,common-aerial,,[]
207,donkey_kong,jigglypuff,bair,implemented,untested,True,common-aerial,,[]
208,donkey_kong,jigglypuff,uair,implemented,untested,True,common-aerial,,[]
209,donkey_kong,jigglypuff,dair,implemented,runtime-tested,True,common-aerial,,"[{""status"":""runtime-tested"",""profile"":""debug"",""lifecycle"":true,""stress"":true,""native_jab"":false,""adapter_assertion"":false,""backend"":""profile-default"",""dol_sha1"":""81533ece59d729a3aef5495e6185c60b616e27b3"",""evidence"":""docs/evidence/aerials/current/aerials-debug-stress-0-130.json"",""log_sha256"":""49529f3c79e4d63320368cef9d60b49620a7ac6fd09d26c7e7aec9afcdfd6dca""},{""status"":""runtime-tested"",""profile"":""release"",""lifecycle"":true,""stress"":true,""native_jab"":true,""adapter_assertion"":false,""backend"":""profile-default"",""dol_sha1"":""36c24894da8b0649624bd1277c126c7533e46b54"",""evidence"":""docs/evidence/aerials/current/aerials-release-stress-0-130.json"",""log_sha256"":""fbc9a3bcc32b3f6ab77bd81ee710a8f2fa5e8c5773149e6da91736b32a1de458""}]"
210,donkey_kong,samus,nair,implemented,untested,True,common-aerial,,[]
211,donkey_kong,samus,fair,implemented,untested,True,common-aerial,,[]
212,donkey_kong,samus,bair,implemented,untested,True,common-aerial,,[]
213,donkey_kong,samus,uair,implemented,untested,True,common-aerial,,[]
214,donkey_kong,samus,dair,implemented,untested,True,common-aerial,,[]
215,donkey_kong,yoshi,nair,implemented,untested,True,common-aerial,,[]
216,donkey_kong,yoshi,fair,implemented,untested,True,common-aerial,,[]
217,donkey_kong,yoshi,bair,implemented,untested,True,common-aerial,,[]
218,donkey_kong,yoshi,uair,implemented,untested,True,common-aerial,,[]
219,donkey_kong,yoshi,dair,implemented,untested,True,common-aerial,,[]
220,donkey_kong,zelda,nair,implemented,untested,True,common-aerial,,[]
221,donkey_kong,zelda,fair,implemented,untested,True,common-aerial,,[]
222,donkey_kong,zelda,bair,implemented,untested,True,common-aerial,,[]
223,donkey_kong,zelda,uair,implemented,untested,True,common-aerial,,[]
224,donkey_kong,zelda,dair,implemented,untested,True,common-aerial,,[]
225,donkey_kong,sheik,nair,implemented,untested,True,common-aerial,,[]
226,donkey_kong,sheik,fair,implemented,untested,True,common-aerial,,[]
227,donkey_kong,sheik,bair,implemented,untested,True,common-aerial,,[]
228,donkey_kong,sheik,uair,implemented,untested,True,common-aerial,,[]
229,donkey_kong,sheik,dair,implemented,untested,True,common-aerial,,[]
230,donkey_kong,falco,nair,implemented,untested,True,common-aerial,,[]
231,donkey_kong,falco,fair,implemented,untested,True,common-aerial,,[]
232,donkey_kong,falco,bair,implemented,untested,True,common-aerial,,[]
233,donkey_kong,falco,uair,implemented,untested,True,common-aerial,,[]
234,donkey_kong,falco,dair,implemented,untested,True,common-aerial,,[]
235,donkey_kong,young_link,nair,implemented,runtime-tested,True,common-aerial,,"[{""status"":""runtime-tested"",""profile"":""debug"",""lifecycle"":true,""stress"":true,""native_jab"":false,""adapter_assertion"":false,""backend"":""profile-default"",""dol_sha1"":""81533ece59d729a3aef5495e6185c60b616e27b3"",""evidence"":""docs/evidence/aerials/current/aerials-debug-stress-0-130.json"",""log_sha256"":""49529f3c79e4d63320368cef9d60b49620a7ac6fd09d26c7e7aec9afcdfd6dca""},{""status"":""runtime-tested"",""profile"":""release"",""lifecycle"":true,""stress"":true,""native_jab"":true,""adapter_assertion"":false,""backend"":""profile-default"",""dol_sha1"":""36c24894da8b0649624bd1277c126c7533e46b54"",""evidence"":""docs/evidence/aerials/current/aerials-release-stress-0-130.json"",""log_sha256"":""fbc9a3bcc32b3f6ab77bd81ee710a8f2fa5e8c5773149e6da91736b32a1de458""}]"
236,donkey_kong,young_link,fair,implemented,untested,True,common-aerial,,[]
237,donkey_kong,young_link,bair,implemented,untested,True,common-aerial,,[]
238,donkey_kong,young_link,uair,implemented,untested,True,common-aerial,,[]
239,donkey_kong,young_link,dair,implemented,untested,True,link-down-bounce,,[]
240,donkey_kong,dr_mario,nair,implemented,untested,True,common-aerial,,[]
241,donkey_kong,dr_mario,fair,implemented,untested,True,common-aerial,,[]
242,donkey_kong,dr_mario,bair,implemented,untested,True,common-aerial,,[]
243,donkey_kong,dr_mario,uair,implemented,untested,True,common-aerial,,[]
244,donkey_kong,dr_mario,dair,implemented,untested,True,common-aerial,,[]
245,donkey_kong,roy,nair,implemented,untested,True,common-aerial,,[]
246,donkey_kong,roy,fair,implemented,untested,True,common-aerial,,[]
247,donkey_kong,roy,bair,implemented,untested,True,common-aerial,,[]
248,donkey_kong,roy,uair,implemented,untested,True,common-aerial,,[]
249,donkey_kong,roy,dair,implemented,untested,True,common-aerial,,[]
250,donkey_kong,pichu,nair,implemented,untested,True,common-aerial,,[]
251,donkey_kong,pichu,fair,implemented,untested,True,common-aerial,,[]
252,donkey_kong,pichu,bair,implemented,untested,True,common-aerial,,[]
253,donkey_kong,pichu,uair,implemented,untested,True,common-aerial,,[]
254,donkey_kong,pichu,dair,implemented,untested,True,common-aerial,,[]
255,donkey_kong,ganondorf,nair,implemented,untested,True,common-aerial,,[]
256,donkey_kong,ganondorf,fair,implemented,untested,True,common-aerial,,[]
257,donkey_kong,ganondorf,bair,implemented,untested,True,common-aerial,,[]
258,donkey_kong,ganondorf,uair,implemented,untested,True,common-aerial,,[]
259,donkey_kong,ganondorf,dair,implemented,untested,True,common-aerial,,[]
260,fox,captain_falcon,nair,implemented,untested,True,common-aerial,,[]
261,fox,captain_falcon,fair,implemented,untested,True,common-aerial,,[]
262,fox,captain_falcon,bair,implemented,runtime-tested,True,common-aerial,,"[{""status"":""runtime-tested"",""profile"":""debug"",""lifecycle"":true,""stress"":true,""native_jab"":false,""adapter_assertion"":false,""backend"":""profile-default"",""dol_sha1"":""81533ece59d729a3aef5495e6185c60b616e27b3"",""evidence"":""docs/evidence/aerials/current/aerials-debug-stress-0-130.json"",""log_sha256"":""49529f3c79e4d63320368cef9d60b49620a7ac6fd09d26c7e7aec9afcdfd6dca""},{""status"":""runtime-tested"",""profile"":""release"",""lifecycle"":true,""stress"":true,""native_jab"":true,""adapter_assertion"":false,""backend"":""profile-default"",""dol_sha1"":""36c24894da8b0649624bd1277c126c7533e46b54"",""evidence"":""docs/evidence/aerials/current/aerials-release-stress-0-130.json"",""log_sha256"":""fbc9a3bcc32b3f6ab77bd81ee710a8f2fa5e8c5773149e6da91736b32a1de458""}]"
263,fox,captain_falcon,uair,implemented,untested,True,common-aerial,,[]
264,fox,captain_falcon,dair,implemented,untested,True,common-aerial,,[]
265,fox,donkey_kong,nair,implemented,untested,True,common-aerial,,[]
266,fox,donkey_kong,fair,implemented,untested,True,common-aerial,,[]
267,fox,donkey_kong,bair,implemented,untested,True,common-aerial,,[]
268,fox,donkey_kong,uair,implemented,untested,True,common-aerial,,[]
269,fox,donkey_kong,dair,implemented,untested,True,common-aerial,,[]
270,fox,fox,nair,implemented,untested,False,common-aerial,Identical donor: keep the native slot,[]
271,fox,fox,fair,implemented,untested,False,common-aerial,Identical donor: keep the native slot,[]
272,fox,fox,bair,implemented,untested,False,common-aerial,Identical donor: keep the native slot,[]
273,fox,fox,uair,implemented,untested,False,common-aerial,Identical donor: keep the native slot,[]
274,fox,fox,dair,implemented,untested,False,common-aerial,Identical donor: keep the native slot,[]
275,fox,game_and_watch,nair,implemented,untested,True,gamewatch-articles,,[]
276,fox,game_and_watch,fair,implemented,untested,True,common-aerial,,[]
277,fox,game_and_watch,bair,implemented,untested,True,gamewatch-articles,,[]
278,fox,game_and_watch,uair,implemented,untested,True,gamewatch-articles,,[]
279,fox,game_and_watch,dair,implemented,untested,True,common-aerial,,[]
280,fox,kirby,nair,implemented,untested,True,common-aerial,,[]
281,fox,kirby,fair,implemented,untested,True,common-aerial,,[]
282,fox,kirby,bair,implemented,untested,True,common-aerial,,[]
283,fox,kirby,uair,implemented,untested,True,common-aerial,,[]
284,fox,kirby,dair,implemented,untested,True,common-aerial,,[]
285,fox,bowser,nair,implemented,untested,True,common-aerial,,[]
286,fox,bowser,fair,implemented,untested,True,common-aerial,,[]
287,fox,bowser,bair,implemented,untested,True,common-aerial,,[]
288,fox,bowser,uair,implemented,runtime-tested,True,common-aerial,,"[{""status"":""runtime-tested"",""profile"":""debug"",""lifecycle"":true,""stress"":true,""native_jab"":false,""adapter_assertion"":false,""backend"":""profile-default"",""dol_sha1"":""81533ece59d729a3aef5495e6185c60b616e27b3"",""evidence"":""docs/evidence/aerials/current/aerials-debug-stress-0-130.json"",""log_sha256"":""49529f3c79e4d63320368cef9d60b49620a7ac6fd09d26c7e7aec9afcdfd6dca""},{""status"":""runtime-tested"",""profile"":""release"",""lifecycle"":true,""stress"":true,""native_jab"":true,""adapter_assertion"":false,""backend"":""profile-default"",""dol_sha1"":""36c24894da8b0649624bd1277c126c7533e46b54"",""evidence"":""docs/evidence/aerials/current/aerials-release-stress-0-130.json"",""log_sha256"":""fbc9a3bcc32b3f6ab77bd81ee710a8f2fa5e8c5773149e6da91736b32a1de458""}]"
289,fox,bowser,dair,implemented,untested,True,common-aerial,,[]
290,fox,link,nair,implemented,untested,True,common-aerial,,[]
291,fox,link,fair,implemented,untested,True,common-aerial,,[]
292,fox,link,bair,implemented,untested,True,common-aerial,,[]
293,fox,link,uair,implemented,untested,True,common-aerial,,[]
294,fox,link,dair,implemented,untested,True,link-down-bounce,,[]
295,fox,luigi,nair,implemented,untested,True,common-aerial,,[]
296,fox,luigi,fair,implemented,untested,True,common-aerial,,[]
297,fox,luigi,bair,implemented,untested,True,common-aerial,,[]
298,fox,luigi,uair,implemented,untested,True,common-aerial,,[]
299,fox,luigi,dair,implemented,untested,True,common-aerial,,[]
300,fox,mario,nair,implemented,untested,True,common-aerial,,[]
301,fox,mario,fair,implemented,untested,True,common-aerial,,[]
302,fox,mario,bair,implemented,untested,True,common-aerial,,[]
303,fox,mario,uair,implemented,untested,True,common-aerial,,[]
304,fox,mario,dair,implemented,untested,True,common-aerial,,[]
305,fox,marth,nair,implemented,untested,True,common-aerial,,[]
306,fox,marth,fair,implemented,untested,True,common-aerial,,[]
307,fox,marth,bair,implemented,untested,True,common-aerial,,[]
308,fox,marth,uair,implemented,untested,True,common-aerial,,[]
309,fox,marth,dair,implemented,untested,True,common-aerial,,[]
310,fox,mewtwo,nair,implemented,untested,True,common-aerial,,[]
311,fox,mewtwo,fair,implemented,untested,True,common-aerial,,[]
312,fox,mewtwo,bair,implemented,untested,True,common-aerial,,[]
313,fox,mewtwo,uair,implemented,untested,True,common-aerial,,[]
314,fox,mewtwo,dair,implemented,runtime-tested,True,common-aerial,,"[{""status"":""runtime-tested"",""profile"":""debug"",""lifecycle"":true,""stress"":true,""native_jab"":false,""adapter_assertion"":false,""backend"":""profile-default"",""dol_sha1"":""81533ece59d729a3aef5495e6185c60b616e27b3"",""evidence"":""docs/evidence/aerials/current/aerials-debug-stress-0-130.json"",""log_sha256"":""49529f3c79e4d63320368cef9d60b49620a7ac6fd09d26c7e7aec9afcdfd6dca""},{""status"":""runtime-tested"",""profile"":""release"",""lifecycle"":true,""stress"":true,""native_jab"":true,""adapter_assertion"":false,""backend"":""profile-default"",""dol_sha1"":""36c24894da8b0649624bd1277c126c7533e46b54"",""evidence"":""docs/evidence/aerials/current/aerials-release-stress-0-130.json"",""log_sha256"":""fbc9a3bcc32b3f6ab77bd81ee710a8f2fa5e8c5773149e6da91736b32a1de458""}]"
315,fox,ness,nair,implemented,untested,True,common-aerial,,[]
316,fox,ness,fair,implemented,untested,True,common-aerial,,[]
317,fox,ness,bair,implemented,untested,True,common-aerial,,[]
318,fox,ness,uair,implemented,untested,True,common-aerial,,[]
319,fox,ness,dair,implemented,untested,True,common-aerial,,[]
320,fox,peach,nair,implemented,untested,True,common-aerial,,[]
321,fox,peach,fair,implemented,untested,True,common-aerial,,[]
322,fox,peach,bair,implemented,untested,True,common-aerial,,[]
323,fox,peach,uair,implemented,untested,True,common-aerial,,[]
324,fox,peach,dair,implemented,untested,True,common-aerial,,[]
325,fox,pikachu,nair,implemented,untested,True,common-aerial,,[]
326,fox,pikachu,fair,implemented,untested,True,common-aerial,,[]
327,fox,pikachu,bair,implemented,untested,True,common-aerial,,[]
328,fox,pikachu,uair,implemented,untested,True,common-aerial,,[]
329,fox,pikachu,dair,implemented,untested,True,common-aerial,,[]
330,fox,ice_climbers,nair,implemented,untested,True,common-aerial,,[]
331,fox,ice_climbers,fair,implemented,untested,True,common-aerial,,[]
332,fox,ice_climbers,bair,implemented,untested,True,common-aerial,,[]
333,fox,ice_climbers,uair,implemented,untested,True,common-aerial,,[]
334,fox,ice_climbers,dair,implemented,untested,True,common-aerial,,[]
335,fox,jigglypuff,nair,implemented,untested,True,common-aerial,,[]
336,fox,jigglypuff,fair,implemented,untested,True,common-aerial,,[]
337,fox,jigglypuff,bair,implemented,untested,True,common-aerial,,[]
338,fox,jigglypuff,uair,implemented,untested,True,common-aerial,,[]
339,fox,jigglypuff,dair,implemented,untested,True,common-aerial,,[]
340,fox,samus,nair,implemented,runtime-tested,True,common-aerial,,"[{""status"":""runtime-tested"",""profile"":""debug"",""lifecycle"":true,""stress"":true,""native_jab"":false,""adapter_assertion"":false,""backend"":""profile-default"",""dol_sha1"":""81533ece59d729a3aef5495e6185c60b616e27b3"",""evidence"":""docs/evidence/aerials/current/aerials-debug-stress-0-130.json"",""log_sha256"":""49529f3c79e4d63320368cef9d60b49620a7ac6fd09d26c7e7aec9afcdfd6dca""},{""status"":""runtime-tested"",""profile"":""release"",""lifecycle"":true,""stress"":true,""native_jab"":true,""adapter_assertion"":false,""backend"":""profile-default"",""dol_sha1"":""36c24894da8b0649624bd1277c126c7533e46b54"",""evidence"":""docs/evidence/aerials/current/aerials-release-stress-0-130.json"",""log_sha256"":""fbc9a3bcc32b3f6ab77bd81ee710a8f2fa5e8c5773149e6da91736b32a1de458""}]"
341,fox,samus,fair,implemented,untested,True,common-aerial,,[]
342,fox,samus,bair,implemented,untested,True,common-aerial,,[]
343,fox,samus,uair,implemented,untested,True,common-aerial,,[]
344,fox,samus,dair,implemented,untested,True,common-aerial,,[]
345,fox,yoshi,nair,implemented,untested,True,common-aerial,,[]
346,fox,yoshi,fair,implemented,untested,True,common-aerial,,[]
347,fox,yoshi,bair,implemented,untested,True,common-aerial,,[]
348,fox,yoshi,uair,implemented,untested,True,common-aerial,,[]
349,fox,yoshi,dair,implemented,untested,True,common-aerial,,[]
350,fox,zelda,nair,implemented,untested,True,common-aerial,,[]
351,fox,zelda,fair,implemented,untested,True,common-aerial,,[]
352,fox,zelda,bair,implemented,untested,True,common-aerial,,[]
353,fox,zelda,uair,implemented,untested,True,common-aerial,,[]
354,fox,zelda,dair,implemented,untested,True,common-aerial,,[]
355,fox,sheik,nair,implemented,untested,True,common-aerial,,[]
356,fox,sheik,fair,implemented,untested,True,common-aerial,,[]
357,fox,sheik,bair,implemented,untested,True,common-aerial,,[]
358,fox,sheik,uair,implemented,untested,True,common-aerial,,[]
359,fox,sheik,dair,implemented,untested,True,common-aerial,,[]
360,fox,falco,nair,implemented,untested,True,common-aerial,,[]
361,fox,falco,fair,implemented,untested,True,common-aerial,,[]
362,fox,falco,bair,implemented,untested,True,common-aerial,,[]
363,fox,falco,uair,implemented,untested,True,common-aerial,,[]
364,fox,falco,dair,implemented,untested,True,common-aerial,,[]
365,fox,young_link,nair,implemented,untested,True,common-aerial,,[]
366,fox,young_link,fair,implemented,runtime-tested,True,common-aerial,,"[{""status"":""runtime-tested"",""profile"":""debug"",""lifecycle"":true,""stress"":true,""native_jab"":false,""adapter_assertion"":false,""backend"":""profile-default"",""dol_sha1"":""81533ece59d729a3aef5495e6185c60b616e27b3"",""evidence"":""docs/evidence/aerials/current/aerials-debug-stress-0-130.json"",""log_sha256"":""49529f3c79e4d63320368cef9d60b49620a7ac6fd09d26c7e7aec9afcdfd6dca""},{""status"":""runtime-tested"",""profile"":""release"",""lifecycle"":true,""stress"":true,""native_jab"":true,""adapter_assertion"":false,""backend"":""profile-default"",""dol_sha1"":""36c24894da8b0649624bd1277c126c7533e46b54"",""evidence"":""docs/evidence/aerials/current/aerials-release-stress-0-130.json"",""log_sha256"":""fbc9a3bcc32b3f6ab77bd81ee710a8f2fa5e8c5773149e6da91736b32a1de458""}]"
367,fox,young_link,bair,implemented,untested,True,common-aerial,,[]
368,fox,young_link,uair,implemented,untested,True,common-aerial,,[]
369,fox,young_link,dair,implemented,untested,True,link-down-bounce,,[]
370,fox,dr_mario,nair,implemented,untested,True,common-aerial,,[]
371,fox,dr_mario,fair,implemented,untested,True,common-aerial,,[]
372,fox,dr_mario,bair,implemented,untested,True,common-aerial,,[]
373,fox,dr_mario,uair,implemented,untested,True,common-aerial,,[]
374,fox,dr_mario,dair,implemented,untested,True,common-aerial,,[]
375,fox,roy,nair,implemented,untested,True,common-aerial,,[]
376,fox,roy,fair,implemented,untested,True,common-aerial,,[]
377,fox,roy,bair,implemented,untested,True,common-aerial,,[]
378,fox,roy,uair,implemented,untested,True,common-aerial,,[]
379,fox,roy,dair,implemented,untested,True,common-aerial,,[]
380,fox,pichu,nair,implemented,untested,True,common-aerial,,[]
381,fox,pichu,fair,implemented,untested,True,common-aerial,,[]
382,fox,pichu,bair,implemented,untested,True,common-aerial,,[]
383,fox,pichu,uair,implemented,untested,True,common-aerial,,[]
384,fox,pichu,dair,implemented,untested,True,common-aerial,,[]
385,fox,ganondorf,nair,implemented,untested,True,common-aerial,,[]
386,fox,ganondorf,fair,implemented,untested,True,common-aerial,,[]
387,fox,ganondorf,bair,implemented,untested,True,common-aerial,,[]
388,fox,ganondorf,uair,implemented,untested,True,common-aerial,,[]
389,fox,ganondorf,dair,implemented,untested,True,common-aerial,,[]
390,game_and_watch,captain_falcon,nair,implemented,untested,True,common-aerial,,[]
391,game_and_watch,captain_falcon,fair,implemented,untested,True,common-aerial,,[]
392,game_and_watch,captain_falcon,bair,implemented,untested,True,common-aerial,,[]
393,game_and_watch,captain_falcon,uair,implemented,runtime-tested,True,common-aerial,,"[{""status"":""runtime-tested"",""profile"":""debug"",""lifecycle"":true,""stress"":true,""native_jab"":false,""adapter_assertion"":false,""backend"":""profile-default"",""dol_sha1"":""81533ece59d729a3aef5495e6185c60b616e27b3"",""evidence"":""docs/evidence/aerials/current/aerials-debug-stress-0-130.json"",""log_sha256"":""49529f3c79e4d63320368cef9d60b49620a7ac6fd09d26c7e7aec9afcdfd6dca""},{""status"":""runtime-tested"",""profile"":""release"",""lifecycle"":true,""stress"":true,""native_jab"":true,""adapter_assertion"":false,""backend"":""profile-default"",""dol_sha1"":""36c24894da8b0649624bd1277c126c7533e46b54"",""evidence"":""docs/evidence/aerials/current/aerials-release-stress-0-130.json"",""log_sha256"":""fbc9a3bcc32b3f6ab77bd81ee710a8f2fa5e8c5773149e6da91736b32a1de458""}]"
394,game_and_watch,captain_falcon,dair,implemented,untested,True,common-aerial,,[]
395,game_and_watch,donkey_kong,nair,implemented,untested,True,common-aerial,,[]
396,game_and_watch,donkey_kong,fair,implemented,untested,True,common-aerial,,[]
397,game_and_watch,donkey_kong,bair,implemented,untested,True,common-aerial,,[]
398,game_and_watch,donkey_kong,uair,implemented,untested,True,common-aerial,,[]
399,game_and_watch,donkey_kong,dair,implemented,untested,True,common-aerial,,[]
400,game_and_watch,fox,nair,implemented,untested,True,common-aerial,,[]
401,game_and_watch,fox,fair,implemented,untested,True,common-aerial,,[]
402,game_and_watch,fox,bair,implemented,untested,True,common-aerial,,[]
403,game_and_watch,fox,uair,implemented,untested,True,common-aerial,,[]
404,game_and_watch,fox,dair,implemented,untested,True,common-aerial,,[]
405,game_and_watch,game_and_watch,nair,implemented,untested,False,gamewatch-articles,Identical donor: keep the native slot,[]
406,game_and_watch,game_and_watch,fair,implemented,untested,False,common-aerial,Identical donor: keep the native slot,[]
407,game_and_watch,game_and_watch,bair,implemented,untested,False,gamewatch-articles,Identical donor: keep the native slot,[]
408,game_and_watch,game_and_watch,uair,implemented,untested,False,gamewatch-articles,Identical donor: keep the native slot,[]
409,game_and_watch,game_and_watch,dair,implemented,untested,False,common-aerial,Identical donor: keep the native slot,[]
410,game_and_watch,kirby,nair,implemented,untested,True,common-aerial,,[]
411,game_and_watch,kirby,fair,implemented,untested,True,common-aerial,,[]
412,game_and_watch,kirby,bair,implemented,untested,True,common-aerial,,[]
413,game_and_watch,kirby,uair,implemented,untested,True,common-aerial,,[]
414,game_and_watch,kirby,dair,implemented,untested,True,common-aerial,,[]
415,game_and_watch,bowser,nair,implemented,untested,True,common-aerial,,[]
416,game_and_watch,bowser,fair,implemented,untested,True,common-aerial,,[]
417,game_and_watch,bowser,bair,implemented,untested,True,common-aerial,,[]
418,game_and_watch,bowser,uair,implemented,untested,True,common-aerial,,[]
419,game_and_watch,bowser,dair,implemented,runtime-tested,True,common-aerial,,"[{""status"":""runtime-tested"",""profile"":""debug"",""lifecycle"":true,""stress"":true,""native_jab"":false,""adapter_assertion"":false,""backend"":""profile-default"",""dol_sha1"":""81533ece59d729a3aef5495e6185c60b616e27b3"",""evidence"":""docs/evidence/aerials/current/aerials-debug-stress-0-130.json"",""log_sha256"":""49529f3c79e4d63320368cef9d60b49620a7ac6fd09d26c7e7aec9afcdfd6dca""},{""status"":""runtime-tested"",""profile"":""release"",""lifecycle"":true,""stress"":true,""native_jab"":true,""adapter_assertion"":false,""backend"":""profile-default"",""dol_sha1"":""36c24894da8b0649624bd1277c126c7533e46b54"",""evidence"":""docs/evidence/aerials/current/aerials-release-stress-0-130.json"",""log_sha256"":""fbc9a3bcc32b3f6ab77bd81ee710a8f2fa5e8c5773149e6da91736b32a1de458""}]"
420,game_and_watch,link,nair,implemented,untested,True,common-aerial,,[]
421,game_and_watch,link,fair,implemented,untested,True,common-aerial,,[]
422,game_and_watch,link,bair,implemented,untested,True,common-aerial,,[]
423,game_and_watch,link,uair,implemented,untested,True,common-aerial,,[]
424,game_and_watch,link,dair,implemented,untested,True,link-down-bounce,,[]
425,game_and_watch,luigi,nair,implemented,untested,True,common-aerial,,[]
426,game_and_watch,luigi,fair,implemented,untested,True,common-aerial,,[]
427,game_and_watch,luigi,bair,implemented,untested,True,common-aerial,,[]
428,game_and_watch,luigi,uair,implemented,untested,True,common-aerial,,[]
429,game_and_watch,luigi,dair,implemented,untested,True,common-aerial,,[]
430,game_and_watch,mario,nair,implemented,untested,True,common-aerial,,[]
431,game_and_watch,mario,fair,implemented,untested,True,common-aerial,,[]
432,game_and_watch,mario,bair,implemented,untested,True,common-aerial,,[]
433,game_and_watch,mario,uair,implemented,untested,True,common-aerial,,[]
434,game_and_watch,mario,dair,implemented,untested,True,common-aerial,,[]
435,game_and_watch,marth,nair,implemented,untested,True,common-aerial,,[]
436,game_and_watch,marth,fair,implemented,untested,True,common-aerial,,[]
437,game_and_watch,marth,bair,implemented,untested,True,common-aerial,,[]
438,game_and_watch,marth,uair,implemented,untested,True,common-aerial,,[]
439,game_and_watch,marth,dair,implemented,untested,True,common-aerial,,[]
440,game_and_watch,mewtwo,nair,implemented,untested,True,common-aerial,,[]
441,game_and_watch,mewtwo,fair,implemented,untested,True,common-aerial,,[]
442,game_and_watch,mewtwo,bair,implemented,untested,True,common-aerial,,[]
443,game_and_watch,mewtwo,uair,implemented,untested,True,common-aerial,,[]
444,game_and_watch,mewtwo,dair,implemented,untested,True,common-aerial,,[]
445,game_and_watch,ness,nair,implemented,runtime-tested,True,common-aerial,,"[{""status"":""runtime-tested"",""profile"":""debug"",""lifecycle"":true,""stress"":true,""native_jab"":false,""adapter_assertion"":false,""backend"":""profile-default"",""dol_sha1"":""81533ece59d729a3aef5495e6185c60b616e27b3"",""evidence"":""docs/evidence/aerials/current/aerials-debug-stress-0-130.json"",""log_sha256"":""49529f3c79e4d63320368cef9d60b49620a7ac6fd09d26c7e7aec9afcdfd6dca""},{""status"":""runtime-tested"",""profile"":""release"",""lifecycle"":true,""stress"":true,""native_jab"":true,""adapter_assertion"":false,""backend"":""profile-default"",""dol_sha1"":""36c24894da8b0649624bd1277c126c7533e46b54"",""evidence"":""docs/evidence/aerials/current/aerials-release-stress-0-130.json"",""log_sha256"":""fbc9a3bcc32b3f6ab77bd81ee710a8f2fa5e8c5773149e6da91736b32a1de458""}]"
446,game_and_watch,ness,fair,implemented,untested,True,common-aerial,,[]
447,game_and_watch,ness,bair,implemented,untested,True,common-aerial,,[]
448,game_and_watch,ness,uair,implemented,untested,True,common-aerial,,[]
449,game_and_watch,ness,dair,implemented,untested,True,common-aerial,,[]
450,game_and_watch,peach,nair,implemented,untested,True,common-aerial,,[]
451,game_and_watch,peach,fair,implemented,untested,True,common-aerial,,[]
452,game_and_watch,peach,bair,implemented,untested,True,common-aerial,,[]
453,game_and_watch,peach,uair,implemented,untested,True,common-aerial,,[]
454,game_and_watch,peach,dair,implemented,untested,True,common-aerial,,[]
455,game_and_watch,pikachu,nair,implemented,untested,True,common-aerial,,[]
456,game_and_watch,pikachu,fair,implemented,untested,True,common-aerial,,[]
457,game_and_watch,pikachu,bair,implemented,untested,True,common-aerial,,[]
458,game_and_watch,pikachu,uair,implemented,untested,True,common-aerial,,[]
459,game_and_watch,pikachu,dair,implemented,untested,True,common-aerial,,[]
460,game_and_watch,ice_climbers,nair,implemented,untested,True,common-aerial,,[]
461,game_and_watch,ice_climbers,fair,implemented,untested,True,common-aerial,,[]
462,game_and_watch,ice_climbers,bair,implemented,untested,True,common-aerial,,[]
463,game_and_watch,ice_climbers,uair,implemented,untested,True,common-aerial,,[]
464,game_and_watch,ice_climbers,dair,implemented,untested,True,common-aerial,,[]
465,game_and_watch,jigglypuff,nair,implemented,untested,True,common-aerial,,[]
466,game_and_watch,jigglypuff,fair,implemented,untested,True,common-aerial,,[]
467,game_and_watch,jigglypuff,bair,implemented,untested,True,common-aerial,,[]
468,game_and_watch,jigglypuff,uair,implemented,untested,True,common-aerial,,[]
469,game_and_watch,jigglypuff,dair,implemented,untested,True,common-aerial,,[]
470,game_and_watch,samus,nair,implemented,untested,True,common-aerial,,[]
471,game_and_watch,samus,fair,implemented,runtime-tested,True,common-aerial,,"[{""status"":""runtime-tested"",""profile"":""debug"",""lifecycle"":true,""stress"":true,""native_jab"":false,""adapter_assertion"":false,""backend"":""profile-default"",""dol_sha1"":""81533ece59d729a3aef5495e6185c60b616e27b3"",""evidence"":""docs/evidence/aerials/current/aerials-debug-stress-0-130.json"",""log_sha256"":""49529f3c79e4d63320368cef9d60b49620a7ac6fd09d26c7e7aec9afcdfd6dca""},{""status"":""runtime-tested"",""profile"":""release"",""lifecycle"":true,""stress"":true,""native_jab"":true,""adapter_assertion"":false,""backend"":""profile-default"",""dol_sha1"":""36c24894da8b0649624bd1277c126c7533e46b54"",""evidence"":""docs/evidence/aerials/current/aerials-release-stress-0-130.json"",""log_sha256"":""fbc9a3bcc32b3f6ab77bd81ee710a8f2fa5e8c5773149e6da91736b32a1de458""}]"
472,game_and_watch,samus,bair,implemented,untested,True,common-aerial,,[]
473,game_and_watch,samus,uair,implemented,untested,True,common-aerial,,[]
474,game_and_watch,samus,dair,implemented,untested,True,common-aerial,,[]
475,game_and_watch,yoshi,nair,implemented,untested,True,common-aerial,,[]
476,game_and_watch,yoshi,fair,implemented,untested,True,common-aerial,,[]
477,game_and_watch,yoshi,bair,implemented,untested,True,common-aerial,,[]
478,game_and_watch,yoshi,uair,implemented,untested,True,common-aerial,,[]
479,game_and_watch,yoshi,dair,implemented,untested,True,common-aerial,,[]
480,game_and_watch,zelda,nair,implemented,untested,True,common-aerial,,[]
481,game_and_watch,zelda,fair,implemented,untested,True,common-aerial,,[]
482,game_and_watch,zelda,bair,implemented,untested,True,common-aerial,,[]
483,game_and_watch,zelda,uair,implemented,untested,True,common-aerial,,[]
484,game_and_watch,zelda,dair,implemented,untested,True,common-aerial,,[]
485,game_and_watch,sheik,nair,implemented,untested,True,common-aerial,,[]
486,game_and_watch,sheik,fair,implemented,untested,True,common-aerial,,[]
487,game_and_watch,sheik,bair,implemented,untested,True,common-aerial,,[]
488,game_and_watch,sheik,uair,implemented,untested,True,common-aerial,,[]
489,game_and_watch,sheik,dair,implemented,untested,True,common-aerial,,[]
490,game_and_watch,falco,nair,implemented,untested,True,common-aerial,,[]
491,game_and_watch,falco,fair,implemented,untested,True,common-aerial,,[]
492,game_and_watch,falco,bair,implemented,untested,True,common-aerial,,[]
493,game_and_watch,falco,uair,implemented,untested,True,common-aerial,,[]
494,game_and_watch,falco,dair,implemented,untested,True,common-aerial,,[]
495,game_and_watch,young_link,nair,implemented,untested,True,common-aerial,,[]
496,game_and_watch,young_link,fair,implemented,untested,True,common-aerial,,[]
497,game_and_watch,young_link,bair,implemented,runtime-tested,True,common-aerial,,"[{""status"":""runtime-tested"",""profile"":""debug"",""lifecycle"":true,""stress"":true,""native_jab"":false,""adapter_assertion"":false,""backend"":""profile-default"",""dol_sha1"":""81533ece59d729a3aef5495e6185c60b616e27b3"",""evidence"":""docs/evidence/aerials/current/aerials-debug-stress-0-130.json"",""log_sha256"":""49529f3c79e4d63320368cef9d60b49620a7ac6fd09d26c7e7aec9afcdfd6dca""},{""status"":""runtime-tested"",""profile"":""release"",""lifecycle"":true,""stress"":true,""native_jab"":true,""adapter_assertion"":false,""backend"":""profile-default"",""dol_sha1"":""36c24894da8b0649624bd1277c126c7533e46b54"",""evidence"":""docs/evidence/aerials/current/aerials-release-stress-0-130.json"",""log_sha256"":""fbc9a3bcc32b3f6ab77bd81ee710a8f2fa5e8c5773149e6da91736b32a1de458""}]"
498,game_and_watch,young_link,uair,implemented,untested,True,common-aerial,,[]
499,game_and_watch,young_link,dair,implemented,untested,True,link-down-bounce,,[]
500,game_and_watch,dr_mario,nair,implemented,untested,True,common-aerial,,[]
501,game_and_watch,dr_mario,fair,implemented,untested,True,common-aerial,,[]
502,game_and_watch,dr_mario,bair,implemented,untested,True,common-aerial,,[]
503,game_and_watch,dr_mario,uair,implemented,untested,True,common-aerial,,[]
504,game_and_watch,dr_mario,dair,implemented,untested,True,common-aerial,,[]
505,game_and_watch,roy,nair,implemented,untested,True,common-aerial,,[]
506,game_and_watch,roy,fair,implemented,untested,True,common-aerial,,[]
507,game_and_watch,roy,bair,implemented,untested,True,common-aerial,,[]
508,game_and_watch,roy,uair,implemented,untested,True,common-aerial,,[]
509,game_and_watch,roy,dair,implemented,untested,True,common-aerial,,[]
510,game_and_watch,pichu,nair,implemented,untested,True,common-aerial,,[]
511,game_and_watch,pichu,fair,implemented,untested,True,common-aerial,,[]
512,game_and_watch,pichu,bair,implemented,untested,True,common-aerial,,[]
513,game_and_watch,pichu,uair,implemented,untested,True,common-aerial,,[]
514,game_and_watch,pichu,dair,implemented,untested,True,common-aerial,,[]
515,game_and_watch,ganondorf,nair,implemented,untested,True,common-aerial,,[]
516,game_and_watch,ganondorf,fair,implemented,untested,True,common-aerial,,[]
517,game_and_watch,ganondorf,bair,implemented,untested,True,common-aerial,,[]
518,game_and_watch,ganondorf,uair,implemented,untested,True,common-aerial,,[]
519,game_and_watch,ganondorf,dair,implemented,untested,True,common-aerial,,[]
520,kirby,captain_falcon,nair,implemented,untested,True,common-aerial,,[]
521,kirby,captain_falcon,fair,implemented,untested,True,common-aerial,,[]
522,kirby,captain_falcon,bair,implemented,untested,True,common-aerial,,[]
523,kirby,captain_falcon,uair,implemented,untested,True,common-aerial,,[]
524,kirby,captain_falcon,dair,implemented,runtime-tested,True,common-aerial,,"[{""status"":""runtime-tested"",""profile"":""debug"",""lifecycle"":true,""stress"":true,""native_jab"":false,""adapter_assertion"":false,""backend"":""profile-default"",""dol_sha1"":""81533ece59d729a3aef5495e6185c60b616e27b3"",""evidence"":""docs/evidence/aerials/current/aerials-debug-stress-0-130.json"",""log_sha256"":""49529f3c79e4d63320368cef9d60b49620a7ac6fd09d26c7e7aec9afcdfd6dca""},{""status"":""runtime-tested"",""profile"":""release"",""lifecycle"":true,""stress"":true,""native_jab"":true,""adapter_assertion"":false,""backend"":""profile-default"",""dol_sha1"":""36c24894da8b0649624bd1277c126c7533e46b54"",""evidence"":""docs/evidence/aerials/current/aerials-release-stress-0-130.json"",""log_sha256"":""fbc9a3bcc32b3f6ab77bd81ee710a8f2fa5e8c5773149e6da91736b32a1de458""}]"
525,kirby,donkey_kong,nair,implemented,untested,True,common-aerial,,[]
526,kirby,donkey_kong,fair,implemented,untested,True,common-aerial,,[]
527,kirby,donkey_kong,bair,implemented,untested,True,common-aerial,,[]
528,kirby,donkey_kong,uair,implemented,untested,True,common-aerial,,[]
529,kirby,donkey_kong,dair,implemented,untested,True,common-aerial,,[]
530,kirby,fox,nair,implemented,untested,True,common-aerial,,[]
531,kirby,fox,fair,implemented,untested,True,common-aerial,,[]
532,kirby,fox,bair,implemented,untested,True,common-aerial,,[]
533,kirby,fox,uair,implemented,untested,True,common-aerial,,[]
534,kirby,fox,dair,implemented,untested,True,common-aerial,,[]
535,kirby,game_and_watch,nair,implemented,untested,True,gamewatch-articles,,[]
536,kirby,game_and_watch,fair,implemented,untested,True,common-aerial,,[]
537,kirby,game_and_watch,bair,implemented,untested,True,gamewatch-articles,,[]
538,kirby,game_and_watch,uair,implemented,untested,True,gamewatch-articles,,[]
539,kirby,game_and_watch,dair,implemented,untested,True,common-aerial,,[]
540,kirby,kirby,nair,implemented,untested,False,common-aerial,Identical donor: keep the native slot,[]
541,kirby,kirby,fair,implemented,untested,False,common-aerial,Identical donor: keep the native slot,[]
542,kirby,kirby,bair,implemented,untested,False,common-aerial,Identical donor: keep the native slot,[]
543,kirby,kirby,uair,implemented,untested,False,common-aerial,Identical donor: keep the native slot,[]
544,kirby,kirby,dair,implemented,untested,False,common-aerial,Identical donor: keep the native slot,[]
545,kirby,bowser,nair,implemented,untested,True,common-aerial,,[]
546,kirby,bowser,fair,implemented,untested,True,common-aerial,,[]
547,kirby,bowser,bair,implemented,untested,True,common-aerial,,[]
548,kirby,bowser,uair,implemented,untested,True,common-aerial,,[]
549,kirby,bowser,dair,implemented,untested,True,common-aerial,,[]
550,kirby,link,nair,implemented,runtime-tested,True,common-aerial,,"[{""status"":""runtime-tested"",""profile"":""debug"",""lifecycle"":true,""stress"":true,""native_jab"":false,""adapter_assertion"":false,""backend"":""profile-default"",""dol_sha1"":""81533ece59d729a3aef5495e6185c60b616e27b3"",""evidence"":""docs/evidence/aerials/current/aerials-debug-stress-0-130.json"",""log_sha256"":""49529f3c79e4d63320368cef9d60b49620a7ac6fd09d26c7e7aec9afcdfd6dca""},{""status"":""runtime-tested"",""profile"":""release"",""lifecycle"":true,""stress"":true,""native_jab"":true,""adapter_assertion"":false,""backend"":""profile-default"",""dol_sha1"":""36c24894da8b0649624bd1277c126c7533e46b54"",""evidence"":""docs/evidence/aerials/current/aerials-release-stress-0-130.json"",""log_sha256"":""fbc9a3bcc32b3f6ab77bd81ee710a8f2fa5e8c5773149e6da91736b32a1de458""}]"
551,kirby,link,fair,implemented,untested,True,common-aerial,,[]
552,kirby,link,bair,implemented,untested,True,common-aerial,,[]
553,kirby,link,uair,implemented,untested,True,common-aerial,,[]
554,kirby,link,dair,implemented,untested,True,link-down-bounce,,[]
555,kirby,luigi,nair,implemented,untested,True,common-aerial,,[]
556,kirby,luigi,fair,implemented,untested,True,common-aerial,,[]
557,kirby,luigi,bair,implemented,untested,True,common-aerial,,[]
558,kirby,luigi,uair,implemented,untested,True,common-aerial,,[]
559,kirby,luigi,dair,implemented,untested,True,common-aerial,,[]
560,kirby,mario,nair,implemented,untested,True,common-aerial,,[]
561,kirby,mario,fair,implemented,untested,True,common-aerial,,[]
562,kirby,mario,bair,implemented,untested,True,common-aerial,,[]
563,kirby,mario,uair,implemented,untested,True,common-aerial,,[]
564,kirby,mario,dair,implemented,untested,True,common-aerial,,[]
565,kirby,marth,nair,implemented,untested,True,common-aerial,,[]
566,kirby,marth,fair,implemented,untested,True,common-aerial,,[]
567,kirby,marth,bair,implemented,untested,True,common-aerial,,[]
568,kirby,marth,uair,implemented,untested,True,common-aerial,,[]
569,kirby,marth,dair,implemented,untested,True,common-aerial,,[]
570,kirby,mewtwo,nair,implemented,untested,True,common-aerial,,[]
571,kirby,mewtwo,fair,implemented,untested,True,common-aerial,,[]
572,kirby,mewtwo,bair,implemented,untested,True,common-aerial,,[]
573,kirby,mewtwo,uair,implemented,untested,True,common-aerial,,[]
574,kirby,mewtwo,dair,implemented,untested,True,common-aerial,,[]
575,kirby,ness,nair,implemented,untested,True,common-aerial,,[]
576,kirby,ness,fair,implemented,runtime-tested,True,common-aerial,,"[{""status"":""runtime-tested"",""profile"":""debug"",""lifecycle"":true,""stress"":true,""native_jab"":false,""adapter_assertion"":false,""backend"":""profile-default"",""dol_sha1"":""81533ece59d729a3aef5495e6185c60b616e27b3"",""evidence"":""docs/evidence/aerials/current/aerials-debug-stress-0-130.json"",""log_sha256"":""49529f3c79e4d63320368cef9d60b49620a7ac6fd09d26c7e7aec9afcdfd6dca""},{""status"":""runtime-tested"",""profile"":""release"",""lifecycle"":true,""stress"":true,""native_jab"":true,""adapter_assertion"":false,""backend"":""profile-default"",""dol_sha1"":""36c24894da8b0649624bd1277c126c7533e46b54"",""evidence"":""docs/evidence/aerials/current/aerials-release-stress-0-130.json"",""log_sha256"":""fbc9a3bcc32b3f6ab77bd81ee710a8f2fa5e8c5773149e6da91736b32a1de458""}]"
577,kirby,ness,bair,implemented,untested,True,common-aerial,,[]
578,kirby,ness,uair,implemented,untested,True,common-aerial,,[]
579,kirby,ness,dair,implemented,untested,True,common-aerial,,[]
580,kirby,peach,nair,implemented,untested,True,common-aerial,,[]
581,kirby,peach,fair,implemented,untested,True,common-aerial,,[]
582,kirby,peach,bair,implemented,untested,True,common-aerial,,[]
583,kirby,peach,uair,implemented,untested,True,common-aerial,,[]
584,kirby,peach,dair,implemented,untested,True,common-aerial,,[]
585,kirby,pikachu,nair,implemented,untested,True,common-aerial,,[]
586,kirby,pikachu,fair,implemented,untested,True,common-aerial,,[]
587,kirby,pikachu,bair,implemented,untested,True,common-aerial,,[]
588,kirby,pikachu,uair,implemented,untested,True,common-aerial,,[]
589,kirby,pikachu,dair,implemented,untested,True,common-aerial,,[]
590,kirby,ice_climbers,nair,implemented,untested,True,common-aerial,,[]
591,kirby,ice_climbers,fair,implemented,untested,True,common-aerial,,[]
592,kirby,ice_climbers,bair,implemented,untested,True,common-aerial,,[]
593,kirby,ice_climbers,uair,implemented,untested,True,common-aerial,,[]
594,kirby,ice_climbers,dair,implemented,untested,True,common-aerial,,[]
595,kirby,jigglypuff,nair,implemented,untested,True,common-aerial,,[]
596,kirby,jigglypuff,fair,implemented,untested,True,common-aerial,,[]
597,kirby,jigglypuff,bair,implemented,untested,True,common-aerial,,[]
598,kirby,jigglypuff,uair,implemented,untested,True,common-aerial,,[]
599,kirby,jigglypuff,dair,implemented,untested,True,common-aerial,,[]
600,kirby,samus,nair,implemented,untested,True,common-aerial,,[]
601,kirby,samus,fair,implemented,untested,True,common-aerial,,[]
602,kirby,samus,bair,implemented,runtime-tested,True,common-aerial,,"[{""status"":""runtime-tested"",""profile"":""debug"",""lifecycle"":true,""stress"":true,""native_jab"":false,""adapter_assertion"":false,""backend"":""profile-default"",""dol_sha1"":""81533ece59d729a3aef5495e6185c60b616e27b3"",""evidence"":""docs/evidence/aerials/current/aerials-debug-stress-0-130.json"",""log_sha256"":""49529f3c79e4d63320368cef9d60b49620a7ac6fd09d26c7e7aec9afcdfd6dca""},{""status"":""runtime-tested"",""profile"":""release"",""lifecycle"":true,""stress"":true,""native_jab"":true,""adapter_assertion"":false,""backend"":""profile-default"",""dol_sha1"":""36c24894da8b0649624bd1277c126c7533e46b54"",""evidence"":""docs/evidence/aerials/current/aerials-release-stress-0-130.json"",""log_sha256"":""fbc9a3bcc32b3f6ab77bd81ee710a8f2fa5e8c5773149e6da91736b32a1de458""}]"
603,kirby,samus,uair,implemented,untested,True,common-aerial,,[]
604,kirby,samus,dair,implemented,untested,True,common-aerial,,[]
605,kirby,yoshi,nair,implemented,untested,True,common-aerial,,[]
606,kirby,yoshi,fair,implemented,untested,True,common-aerial,,[]
607,kirby,yoshi,bair,implemented,untested,True,common-aerial,,[]
608,kirby,yoshi,uair,implemented,untested,True,common-aerial,,[]
609,kirby,yoshi,dair,implemented,untested,True,common-aerial,,[]
610,kirby,zelda,nair,implemented,untested,True,common-aerial,,[]
611,kirby,zelda,fair,implemented,untested,True,common-aerial,,[]
612,kirby,zelda,bair,implemented,untested,True,common-aerial,,[]
613,kirby,zelda,uair,implemented,untested,True,common-aerial,,[]
614,kirby,zelda,dair,implemented,untested,True,common-aerial,,[]
615,kirby,sheik,nair,implemented,untested,True,common-aerial,,[]
616,kirby,sheik,fair,implemented,untested,True,common-aerial,,[]
617,kirby,sheik,bair,implemented,untested,True,common-aerial,,[]
618,kirby,sheik,uair,implemented,untested,True,common-aerial,,[]
619,kirby,sheik,dair,implemented,untested,True,common-aerial,,[]
620,kirby,falco,nair,implemented,untested,True,common-aerial,,[]
621,kirby,falco,fair,implemented,untested,True,common-aerial,,[]
622,kirby,falco,bair,implemented,untested,True,common-aerial,,[]
623,kirby,falco,uair,implemented,untested,True,common-aerial,,[]
624,kirby,falco,dair,implemented,untested,True,common-aerial,,[]
625,kirby,young_link,nair,implemented,untested,True,common-aerial,,[]
626,kirby,young_link,fair,implemented,untested,True,common-aerial,,[]
627,kirby,young_link,bair,implemented,untested,True,common-aerial,,[]
628,kirby,young_link,uair,implemented,runtime-tested,True,common-aerial,,"[{""status"":""runtime-tested"",""profile"":""debug"",""lifecycle"":true,""stress"":true,""native_jab"":false,""adapter_assertion"":false,""backend"":""profile-default"",""dol_sha1"":""81533ece59d729a3aef5495e6185c60b616e27b3"",""evidence"":""docs/evidence/aerials/current/aerials-debug-stress-0-130.json"",""log_sha256"":""49529f3c79e4d63320368cef9d60b49620a7ac6fd09d26c7e7aec9afcdfd6dca""},{""status"":""runtime-tested"",""profile"":""release"",""lifecycle"":true,""stress"":true,""native_jab"":true,""adapter_assertion"":false,""backend"":""profile-default"",""dol_sha1"":""36c24894da8b0649624bd1277c126c7533e46b54"",""evidence"":""docs/evidence/aerials/current/aerials-release-stress-0-130.json"",""log_sha256"":""fbc9a3bcc32b3f6ab77bd81ee710a8f2fa5e8c5773149e6da91736b32a1de458""}]"
629,kirby,young_link,dair,implemented,untested,True,link-down-bounce,,[]
630,kirby,dr_mario,nair,implemented,untested,True,common-aerial,,[]
631,kirby,dr_mario,fair,implemented,untested,True,common-aerial,,[]
632,kirby,dr_mario,bair,implemented,untested,True,common-aerial,,[]
633,kirby,dr_mario,uair,implemented,untested,True,common-aerial,,[]
634,kirby,dr_mario,dair,implemented,untested,True,common-aerial,,[]
635,kirby,roy,nair,implemented,untested,True,common-aerial,,[]
636,kirby,roy,fair,implemented,untested,True,common-aerial,,[]
637,kirby,roy,bair,implemented,untested,True,common-aerial,,[]
638,kirby,roy,uair,implemented,untested,True,common-aerial,,[]
639,kirby,roy,dair,implemented,untested,True,common-aerial,,[]
640,kirby,pichu,nair,implemented,untested,True,common-aerial,,[]
641,kirby,pichu,fair,implemented,untested,True,common-aerial,,[]
642,kirby,pichu,bair,implemented,untested,True,common-aerial,,[]
643,kirby,pichu,uair,implemented,untested,True,common-aerial,,[]
644,kirby,pichu,dair,implemented,untested,True,common-aerial,,[]
645,kirby,ganondorf,nair,implemented,untested,True,common-aerial,,[]
646,kirby,ganondorf,fair,implemented,untested,True,common-aerial,,[]
647,kirby,ganondorf,bair,implemented,untested,True,common-aerial,,[]
648,kirby,ganondorf,uair,implemented,untested,True,common-aerial,,[]
649,kirby,ganondorf,dair,implemented,untested,True,common-aerial,,[]
650,bowser,captain_falcon,nair,implemented,untested,True,common-aerial,,[]
651,bowser,captain_falcon,fair,implemented,untested,True,common-aerial,,[]
652,bowser,captain_falcon,bair,implemented,untested,True,common-aerial,,[]
653,bowser,captain_falcon,uair,implemented,untested,True,common-aerial,,[]
654,bowser,captain_falcon,dair,implemented,untested,True,common-aerial,,[]
655,bowser,donkey_kong,nair,implemented,runtime-tested,True,common-aerial,,"[{""status"":""runtime-tested"",""profile"":""debug"",""lifecycle"":true,""stress"":true,""native_jab"":false,""adapter_assertion"":false,""backend"":""profile-default"",""dol_sha1"":""81533ece59d729a3aef5495e6185c60b616e27b3"",""evidence"":""docs/evidence/aerials/current/aerials-debug-stress-0-130.json"",""log_sha256"":""49529f3c79e4d63320368cef9d60b49620a7ac6fd09d26c7e7aec9afcdfd6dca""},{""status"":""runtime-tested"",""profile"":""release"",""lifecycle"":true,""stress"":true,""native_jab"":true,""adapter_assertion"":false,""backend"":""profile-default"",""dol_sha1"":""36c24894da8b0649624bd1277c126c7533e46b54"",""evidence"":""docs/evidence/aerials/current/aerials-release-stress-0-130.json"",""log_sha256"":""fbc9a3bcc32b3f6ab77bd81ee710a8f2fa5e8c5773149e6da91736b32a1de458""}]"
656,bowser,donkey_kong,fair,implemented,untested,True,common-aerial,,[]
657,bowser,donkey_kong,bair,implemented,untested,True,common-aerial,,[]
658,bowser,donkey_kong,uair,implemented,untested,True,common-aerial,,[]
659,bowser,donkey_kong,dair,implemented,untested,True,common-aerial,,[]
660,bowser,fox,nair,implemented,untested,True,common-aerial,,[]
661,bowser,fox,fair,implemented,untested,True,common-aerial,,[]
662,bowser,fox,bair,implemented,untested,True,common-aerial,,[]
663,bowser,fox,uair,implemented,untested,True,common-aerial,,[]
664,bowser,fox,dair,implemented,untested,True,common-aerial,,[]
665,bowser,game_and_watch,nair,implemented,untested,True,gamewatch-articles,,[]
666,bowser,game_and_watch,fair,implemented,untested,True,common-aerial,,[]
667,bowser,game_and_watch,bair,implemented,untested,True,gamewatch-articles,,[]
668,bowser,game_and_watch,uair,implemented,untested,True,gamewatch-articles,,[]
669,bowser,game_and_watch,dair,implemented,untested,True,common-aerial,,[]
670,bowser,kirby,nair,implemented,untested,True,common-aerial,,[]
671,bowser,kirby,fair,implemented,untested,True,common-aerial,,[]
672,bowser,kirby,bair,implemented,untested,True,common-aerial,,[]
673,bowser,kirby,uair,implemented,untested,True,common-aerial,,[]
674,bowser,kirby,dair,implemented,untested,True,common-aerial,,[]
675,bowser,bowser,nair,implemented,untested,False,common-aerial,Identical donor: keep the native slot,[]
676,bowser,bowser,fair,implemented,untested,False,common-aerial,Identical donor: keep the native slot,[]
677,bowser,bowser,bair,implemented,untested,False,common-aerial,Identical donor: keep the native slot,[]
678,bowser,bowser,uair,implemented,untested,False,common-aerial,Identical donor: keep the native slot,[]
679,bowser,bowser,dair,implemented,untested,False,common-aerial,Identical donor: keep the native slot,[]
680,bowser,link,nair,implemented,untested,True,common-aerial,,[]
681,bowser,link,fair,implemented,runtime-tested,True,common-aerial,,"[{""status"":""runtime-tested"",""profile"":""debug"",""lifecycle"":true,""stress"":true,""native_jab"":false,""adapter_assertion"":false,""backend"":""profile-default"",""dol_sha1"":""81533ece59d729a3aef5495e6185c60b616e27b3"",""evidence"":""docs/evidence/aerials/current/aerials-debug-stress-0-130.json"",""log_sha256"":""49529f3c79e4d63320368cef9d60b49620a7ac6fd09d26c7e7aec9afcdfd6dca""},{""status"":""runtime-tested"",""profile"":""release"",""lifecycle"":true,""stress"":true,""native_jab"":true,""adapter_assertion"":false,""backend"":""profile-default"",""dol_sha1"":""36c24894da8b0649624bd1277c126c7533e46b54"",""evidence"":""docs/evidence/aerials/current/aerials-release-stress-0-130.json"",""log_sha256"":""fbc9a3bcc32b3f6ab77bd81ee710a8f2fa5e8c5773149e6da91736b32a1de458""}]"
682,bowser,link,bair,implemented,untested,True,common-aerial,,[]
683,bowser,link,uair,implemented,untested,True,common-aerial,,[]
684,bowser,link,dair,implemented,untested,True,link-down-bounce,,[]
685,bowser,luigi,nair,implemented,untested,True,common-aerial,,[]
686,bowser,luigi,fair,implemented,untested,True,common-aerial,,[]
687,bowser,luigi,bair,implemented,untested,True,common-aerial,,[]
688,bowser,luigi,uair,implemented,untested,True,common-aerial,,[]
689,bowser,luigi,dair,implemented,untested,True,common-aerial,,[]
690,bowser,mario,nair,implemented,untested,True,common-aerial,,[]
691,bowser,mario,fair,implemented,untested,True,common-aerial,,[]
692,bowser,mario,bair,implemented,untested,True,common-aerial,,[]
693,bowser,mario,uair,implemented,untested,True,common-aerial,,[]
694,bowser,mario,dair,implemented,untested,True,common-aerial,,[]
695,bowser,marth,nair,implemented,untested,True,common-aerial,,[]
696,bowser,marth,fair,implemented,untested,True,common-aerial,,[]
697,bowser,marth,bair,implemented,untested,True,common-aerial,,[]
698,bowser,marth,uair,implemented,untested,True,common-aerial,,[]
699,bowser,marth,dair,implemented,untested,True,common-aerial,,[]
700,bowser,mewtwo,nair,implemented,untested,True,common-aerial,,[]
701,bowser,mewtwo,fair,implemented,untested,True,common-aerial,,[]
702,bowser,mewtwo,bair,implemented,untested,True,common-aerial,,[]
703,bowser,mewtwo,uair,implemented,untested,True,common-aerial,,[]
704,bowser,mewtwo,dair,implemented,untested,True,common-aerial,,[]
705,bowser,ness,nair,implemented,untested,True,common-aerial,,[]
706,bowser,ness,fair,implemented,untested,True,common-aerial,,[]
707,bowser,ness,bair,implemented,runtime-tested,True,common-aerial,,"[{""status"":""runtime-tested"",""profile"":""debug"",""lifecycle"":true,""stress"":true,""native_jab"":false,""adapter_assertion"":false,""backend"":""profile-default"",""dol_sha1"":""81533ece59d729a3aef5495e6185c60b616e27b3"",""evidence"":""docs/evidence/aerials/current/aerials-debug-stress-0-130.json"",""log_sha256"":""49529f3c79e4d63320368cef9d60b49620a7ac6fd09d26c7e7aec9afcdfd6dca""},{""status"":""runtime-tested"",""profile"":""release"",""lifecycle"":true,""stress"":true,""native_jab"":true,""adapter_assertion"":false,""backend"":""profile-default"",""dol_sha1"":""36c24894da8b0649624bd1277c126c7533e46b54"",""evidence"":""docs/evidence/aerials/current/aerials-release-stress-0-130.json"",""log_sha256"":""fbc9a3bcc32b3f6ab77bd81ee710a8f2fa5e8c5773149e6da91736b32a1de458""}]"
708,bowser,ness,uair,implemented,untested,True,common-aerial,,[]
709,bowser,ness,dair,implemented,untested,True,common-aerial,,[]
710,bowser,peach,nair,implemented,untested,True,common-aerial,,[]
711,bowser,peach,fair,implemented,untested,True,common-aerial,,[]
712,bowser,peach,bair,implemented,untested,True,common-aerial,,[]
713,bowser,peach,uair,implemented,untested,True,common-aerial,,[]
714,bowser,peach,dair,implemented,untested,True,common-aerial,,[]
715,bowser,pikachu,nair,implemented,untested,True,common-aerial,,[]
716,bowser,pikachu,fair,implemented,untested,True,common-aerial,,[]
717,bowser,pikachu,bair,implemented,untested,True,common-aerial,,[]
718,bowser,pikachu,uair,implemented,untested,True,common-aerial,,[]
719,bowser,pikachu,dair,implemented,untested,True,common-aerial,,[]
720,bowser,ice_climbers,nair,implemented,untested,True,common-aerial,,[]
721,bowser,ice_climbers,fair,implemented,untested,True,common-aerial,,[]
722,bowser,ice_climbers,bair,implemented,untested,True,common-aerial,,[]
723,bowser,ice_climbers,uair,implemented,untested,True,common-aerial,,[]
724,bowser,ice_climbers,dair,implemented,untested,True,common-aerial,,[]
725,bowser,jigglypuff,nair,implemented,untested,True,common-aerial,,[]
726,bowser,jigglypuff,fair,implemented,untested,True,common-aerial,,[]
727,bowser,jigglypuff,bair,implemented,untested,True,common-aerial,,[]
728,bowser,jigglypuff,uair,implemented,untested,True,common-aerial,,[]
729,bowser,jigglypuff,dair,implemented,untested,True,common-aerial,,[]
730,bowser,samus,nair,implemented,untested,True,common-aerial,,[]
731,bowser,samus,fair,implemented,untested,True,common-aerial,,[]
732,bowser,samus,bair,implemented,untested,True,common-aerial,,[]
733,bowser,samus,uair,implemented,runtime-tested,True,common-aerial,,"[{""status"":""runtime-tested"",""profile"":""debug"",""lifecycle"":true,""stress"":true,""native_jab"":false,""adapter_assertion"":false,""backend"":""profile-default"",""dol_sha1"":""81533ece59d729a3aef5495e6185c60b616e27b3"",""evidence"":""docs/evidence/aerials/current/aerials-debug-stress-0-130.json"",""log_sha256"":""49529f3c79e4d63320368cef9d60b49620a7ac6fd09d26c7e7aec9afcdfd6dca""},{""status"":""runtime-tested"",""profile"":""release"",""lifecycle"":true,""stress"":true,""native_jab"":true,""adapter_assertion"":false,""backend"":""profile-default"",""dol_sha1"":""36c24894da8b0649624bd1277c126c7533e46b54"",""evidence"":""docs/evidence/aerials/current/aerials-release-stress-0-130.json"",""log_sha256"":""fbc9a3bcc32b3f6ab77bd81ee710a8f2fa5e8c5773149e6da91736b32a1de458""}]"
734,bowser,samus,dair,implemented,untested,True,common-aerial,,[]
735,bowser,yoshi,nair,implemented,untested,True,common-aerial,,[]
736,bowser,yoshi,fair,implemented,untested,True,common-aerial,,[]
737,bowser,yoshi,bair,implemented,untested,True,common-aerial,,[]
738,bowser,yoshi,uair,implemented,untested,True,common-aerial,,[]
739,bowser,yoshi,dair,implemented,untested,True,common-aerial,,[]
740,bowser,zelda,nair,implemented,untested,True,common-aerial,,[]
741,bowser,zelda,fair,implemented,untested,True,common-aerial,,[]
742,bowser,zelda,bair,implemented,untested,True,common-aerial,,[]
743,bowser,zelda,uair,implemented,untested,True,common-aerial,,[]
744,bowser,zelda,dair,implemented,untested,True,common-aerial,,[]
745,bowser,sheik,nair,implemented,untested,True,common-aerial,,[]
746,bowser,sheik,fair,implemented,untested,True,common-aerial,,[]
747,bowser,sheik,bair,implemented,untested,True,common-aerial,,[]
748,bowser,sheik,uair,implemented,untested,True,common-aerial,,[]
749,bowser,sheik,dair,implemented,untested,True,common-aerial,,[]
750,bowser,falco,nair,implemented,untested,True,common-aerial,,[]
751,bowser,falco,fair,implemented,untested,True,common-aerial,,[]
752,bowser,falco,bair,implemented,untested,True,common-aerial,,[]
753,bowser,falco,uair,implemented,untested,True,common-aerial,,[]
754,bowser,falco,dair,implemented,untested,True,common-aerial,,[]
755,bowser,young_link,nair,implemented,untested,True,common-aerial,,[]
756,bowser,young_link,fair,implemented,untested,True,common-aerial,,[]
757,bowser,young_link,bair,implemented,untested,True,common-aerial,,[]
758,bowser,young_link,uair,implemented,untested,True,common-aerial,,[]
759,bowser,young_link,dair,implemented,runtime-tested,True,link-down-bounce,,"[{""status"":""runtime-tested"",""profile"":""debug"",""lifecycle"":true,""stress"":true,""native_jab"":false,""adapter_assertion"":false,""backend"":""profile-default"",""dol_sha1"":""81533ece59d729a3aef5495e6185c60b616e27b3"",""evidence"":""docs/evidence/aerials/current/aerials-debug-stress-0-130.json"",""log_sha256"":""49529f3c79e4d63320368cef9d60b49620a7ac6fd09d26c7e7aec9afcdfd6dca""},{""status"":""runtime-tested"",""profile"":""release"",""lifecycle"":true,""stress"":true,""native_jab"":true,""adapter_assertion"":true,""backend"":""profile-default"",""dol_sha1"":""36c24894da8b0649624bd1277c126c7533e46b54"",""evidence"":""docs/evidence/aerials/current/aerials-release-stress-0-130.json"",""log_sha256"":""fbc9a3bcc32b3f6ab77bd81ee710a8f2fa5e8c5773149e6da91736b32a1de458""}]"
760,bowser,dr_mario,nair,implemented,untested,True,common-aerial,,[]
761,bowser,dr_mario,fair,implemented,untested,True,common-aerial,,[]
762,bowser,dr_mario,bair,implemented,untested,True,common-aerial,,[]
763,bowser,dr_mario,uair,implemented,untested,True,common-aerial,,[]
764,bowser,dr_mario,dair,implemented,untested,True,common-aerial,,[]
765,bowser,roy,nair,implemented,untested,True,common-aerial,,[]
766,bowser,roy,fair,implemented,untested,True,common-aerial,,[]
767,bowser,roy,bair,implemented,untested,True,common-aerial,,[]
768,bowser,roy,uair,implemented,untested,True,common-aerial,,[]
769,bowser,roy,dair,implemented,untested,True,common-aerial,,[]
770,bowser,pichu,nair,implemented,untested,True,common-aerial,,[]
771,bowser,pichu,fair,implemented,untested,True,common-aerial,,[]
772,bowser,pichu,bair,implemented,untested,True,common-aerial,,[]
773,bowser,pichu,uair,implemented,untested,True,common-aerial,,[]
774,bowser,pichu,dair,implemented,untested,True,common-aerial,,[]
775,bowser,ganondorf,nair,implemented,untested,True,common-aerial,,[]
776,bowser,ganondorf,fair,implemented,untested,True,common-aerial,,[]
777,bowser,ganondorf,bair,implemented,untested,True,common-aerial,,[]
778,bowser,ganondorf,uair,implemented,untested,True,common-aerial,,[]
779,bowser,ganondorf,dair,implemented,untested,True,common-aerial,,[]
780,link,captain_falcon,nair,implemented,untested,True,common-aerial,,[]
781,link,captain_falcon,fair,implemented,untested,True,common-aerial,,[]
782,link,captain_falcon,bair,implemented,untested,True,common-aerial,,[]
783,link,captain_falcon,uair,implemented,untested,True,common-aerial,,[]
784,link,captain_falcon,dair,implemented,untested,True,common-aerial,,[]
785,link,donkey_kong,nair,implemented,untested,True,common-aerial,,[]
786,link,donkey_kong,fair,implemented,runtime-tested,True,common-aerial,,"[{""status"":""runtime-tested"",""profile"":""debug"",""lifecycle"":true,""stress"":true,""native_jab"":false,""adapter_assertion"":false,""backend"":""profile-default"",""dol_sha1"":""81533ece59d729a3aef5495e6185c60b616e27b3"",""evidence"":""docs/evidence/aerials/current/aerials-debug-stress-0-130.json"",""log_sha256"":""49529f3c79e4d63320368cef9d60b49620a7ac6fd09d26c7e7aec9afcdfd6dca""},{""status"":""runtime-tested"",""profile"":""release"",""lifecycle"":true,""stress"":true,""native_jab"":true,""adapter_assertion"":false,""backend"":""profile-default"",""dol_sha1"":""36c24894da8b0649624bd1277c126c7533e46b54"",""evidence"":""docs/evidence/aerials/current/aerials-release-stress-0-130.json"",""log_sha256"":""fbc9a3bcc32b3f6ab77bd81ee710a8f2fa5e8c5773149e6da91736b32a1de458""}]"
787,link,donkey_kong,bair,implemented,untested,True,common-aerial,,[]
788,link,donkey_kong,uair,implemented,untested,True,common-aerial,,[]
789,link,donkey_kong,dair,implemented,untested,True,common-aerial,,[]
790,link,fox,nair,implemented,untested,True,common-aerial,,[]
791,link,fox,fair,implemented,untested,True,common-aerial,,[]
792,link,fox,bair,implemented,untested,True,common-aerial,,[]
793,link,fox,uair,implemented,untested,True,common-aerial,,[]
794,link,fox,dair,implemented,untested,True,common-aerial,,[]
795,link,game_and_watch,nair,implemented,untested,True,gamewatch-articles,,[]
796,link,game_and_watch,fair,implemented,untested,True,common-aerial,,[]
797,link,game_and_watch,bair,implemented,untested,True,gamewatch-articles,,[]
798,link,game_and_watch,uair,implemented,untested,True,gamewatch-articles,,[]
799,link,game_and_watch,dair,implemented,untested,True,common-aerial,,[]
800,link,kirby,nair,implemented,untested,True,common-aerial,,[]
801,link,kirby,fair,implemented,untested,True,common-aerial,,[]
802,link,kirby,bair,implemented,untested,True,common-aerial,,[]
803,link,kirby,uair,implemented,untested,True,common-aerial,,[]
804,link,kirby,dair,implemented,untested,True,common-aerial,,[]
805,link,bowser,nair,implemented,untested,True,common-aerial,,[]
806,link,bowser,fair,implemented,untested,True,common-aerial,,[]
807,link,bowser,bair,implemented,untested,True,common-aerial,,[]
808,link,bowser,uair,implemented,untested,True,common-aerial,,[]
809,link,bowser,dair,implemented,untested,True,common-aerial,,[]
810,link,link,nair,implemented,untested,False,common-aerial,Identical donor: keep the native slot,[]
811,link,link,fair,implemented,untested,False,common-aerial,Identical donor: keep the native slot,[]
812,link,link,bair,implemented,runtime-tested,False,common-aerial,Identical donor: keep the native slot,"[{""status"":""runtime-tested"",""profile"":""debug"",""lifecycle"":true,""stress"":true,""native_jab"":false,""adapter_assertion"":false,""backend"":""profile-default"",""dol_sha1"":""81533ece59d729a3aef5495e6185c60b616e27b3"",""evidence"":""docs/evidence/aerials/current/aerials-debug-stress-0-130.json"",""log_sha256"":""49529f3c79e4d63320368cef9d60b49620a7ac6fd09d26c7e7aec9afcdfd6dca""},{""status"":""runtime-tested"",""profile"":""release"",""lifecycle"":true,""stress"":true,""native_jab"":true,""adapter_assertion"":false,""backend"":""profile-default"",""dol_sha1"":""36c24894da8b0649624bd1277c126c7533e46b54"",""evidence"":""docs/evidence/aerials/current/aerials-release-stress-0-130.json"",""log_sha256"":""fbc9a3bcc32b3f6ab77bd81ee710a8f2fa5e8c5773149e6da91736b32a1de458""}]"
813,link,link,uair,implemented,untested,False,common-aerial,Identical donor: keep the native slot,[]
814,link,link,dair,implemented,untested,False,link-down-bounce,Identical donor: keep the native slot,[]
815,link,luigi,nair,implemented,untested,True,common-aerial,,[]
816,link,luigi,fair,implemented,untested,True,common-aerial,,[]
817,link,luigi,bair,implemented,untested,True,common-aerial,,[]
818,link,luigi,uair,implemented,untested,True,common-aerial,,[]
819,link,luigi,dair,implemented,untested,True,common-aerial,,[]
820,link,mario,nair,implemented,untested,True,common-aerial,,[]
821,link,mario,fair,implemented,untested,True,common-aerial,,[]
822,link,mario,bair,implemented,untested,True,common-aerial,,[]
823,link,mario,uair,implemented,untested,True,common-aerial,,[]
824,link,mario,dair,implemented,untested,True,common-aerial,,[]
825,link,marth,nair,implemented,untested,True,common-aerial,,[]
826,link,marth,fair,implemented,untested,True,common-aerial,,[]
827,link,marth,bair,implemented,untested,True,common-aerial,,[]
828,link,marth,uair,implemented,untested,True,common-aerial,,[]
829,link,marth,dair,implemented,untested,True,common-aerial,,[]
830,link,mewtwo,nair,implemented,untested,True,common-aerial,,[]
831,link,mewtwo,fair,implemented,untested,True,common-aerial,,[]
832,link,mewtwo,bair,implemented,untested,True,common-aerial,,[]
833,link,mewtwo,uair,implemented,untested,True,common-aerial,,[]
834,link,mewtwo,dair,implemented,untested,True,common-aerial,,[]
835,link,ness,nair,implemented,untested,True,common-aerial,,[]
836,link,ness,fair,implemented,untested,True,common-aerial,,[]
837,link,ness,bair,implemented,untested,True,common-aerial,,[]
838,link,ness,uair,implemented,runtime-tested,True,common-aerial,,"[{""status"":""runtime-tested"",""profile"":""debug"",""lifecycle"":true,""stress"":true,""native_jab"":false,""adapter_assertion"":false,""backend"":""profile-default"",""dol_sha1"":""81533ece59d729a3aef5495e6185c60b616e27b3"",""evidence"":""docs/evidence/aerials/current/aerials-debug-stress-0-130.json"",""log_sha256"":""49529f3c79e4d63320368cef9d60b49620a7ac6fd09d26c7e7aec9afcdfd6dca""},{""status"":""runtime-tested"",""profile"":""release"",""lifecycle"":true,""stress"":true,""native_jab"":true,""adapter_assertion"":false,""backend"":""profile-default"",""dol_sha1"":""36c24894da8b0649624bd1277c126c7533e46b54"",""evidence"":""docs/evidence/aerials/current/aerials-release-stress-0-130.json"",""log_sha256"":""fbc9a3bcc32b3f6ab77bd81ee710a8f2fa5e8c5773149e6da91736b32a1de458""}]"
839,link,ness,dair,implemented,untested,True,common-aerial,,[]
840,link,peach,nair,implemented,untested,True,common-aerial,,[]
841,link,peach,fair,implemented,untested,True,common-aerial,,[]
842,link,peach,bair,implemented,untested,True,common-aerial,,[]
843,link,peach,uair,implemented,untested,True,common-aerial,,[]
844,link,peach,dair,implemented,untested,True,common-aerial,,[]
845,link,pikachu,nair,implemented,untested,True,common-aerial,,[]
846,link,pikachu,fair,implemented,untested,True,common-aerial,,[]
847,link,pikachu,bair,implemented,untested,True,common-aerial,,[]
848,link,pikachu,uair,implemented,untested,True,common-aerial,,[]
849,link,pikachu,dair,implemented,untested,True,common-aerial,,[]
850,link,ice_climbers,nair,implemented,untested,True,common-aerial,,[]
851,link,ice_climbers,fair,implemented,untested,True,common-aerial,,[]
852,link,ice_climbers,bair,implemented,untested,True,common-aerial,,[]
853,link,ice_climbers,uair,implemented,untested,True,common-aerial,,[]
854,link,ice_climbers,dair,implemented,untested,True,common-aerial,,[]
855,link,jigglypuff,nair,implemented,untested,True,common-aerial,,[]
856,link,jigglypuff,fair,implemented,untested,True,common-aerial,,[]
857,link,jigglypuff,bair,implemented,untested,True,common-aerial,,[]
858,link,jigglypuff,uair,implemented,untested,True,common-aerial,,[]
859,link,jigglypuff,dair,implemented,untested,True,common-aerial,,[]
860,link,samus,nair,implemented,untested,True,common-aerial,,[]
861,link,samus,fair,implemented,untested,True,common-aerial,,[]
862,link,samus,bair,implemented,untested,True,common-aerial,,[]
863,link,samus,uair,implemented,untested,True,common-aerial,,[]
864,link,samus,dair,implemented,runtime-tested,True,common-aerial,,"[{""status"":""runtime-tested"",""profile"":""debug"",""lifecycle"":true,""stress"":true,""native_jab"":false,""adapter_assertion"":false,""backend"":""profile-default"",""dol_sha1"":""81533ece59d729a3aef5495e6185c60b616e27b3"",""evidence"":""docs/evidence/aerials/current/aerials-debug-stress-0-130.json"",""log_sha256"":""49529f3c79e4d63320368cef9d60b49620a7ac6fd09d26c7e7aec9afcdfd6dca""},{""status"":""runtime-tested"",""profile"":""release"",""lifecycle"":true,""stress"":true,""native_jab"":true,""adapter_assertion"":false,""backend"":""profile-default"",""dol_sha1"":""36c24894da8b0649624bd1277c126c7533e46b54"",""evidence"":""docs/evidence/aerials/current/aerials-release-stress-0-130.json"",""log_sha256"":""fbc9a3bcc32b3f6ab77bd81ee710a8f2fa5e8c5773149e6da91736b32a1de458""}]"
865,link,yoshi,nair,implemented,untested,True,common-aerial,,[]
866,link,yoshi,fair,implemented,untested,True,common-aerial,,[]
867,link,yoshi,bair,implemented,untested,True,common-aerial,,[]
868,link,yoshi,uair,implemented,untested,True,common-aerial,,[]
869,link,yoshi,dair,implemented,untested,True,common-aerial,,[]
870,link,zelda,nair,implemented,untested,True,common-aerial,,[]
871,link,zelda,fair,implemented,untested,True,common-aerial,,[]
872,link,zelda,bair,implemented,untested,True,common-aerial,,[]
873,link,zelda,uair,implemented,untested,True,common-aerial,,[]
874,link,zelda,dair,implemented,untested,True,common-aerial,,[]
875,link,sheik,nair,implemented,untested,True,common-aerial,,[]
876,link,sheik,fair,implemented,untested,True,common-aerial,,[]
877,link,sheik,bair,implemented,untested,True,common-aerial,,[]
878,link,sheik,uair,implemented,untested,True,common-aerial,,[]
879,link,sheik,dair,implemented,untested,True,common-aerial,,[]
880,link,falco,nair,implemented,untested,True,common-aerial,,[]
881,link,falco,fair,implemented,untested,True,common-aerial,,[]
882,link,falco,bair,implemented,untested,True,common-aerial,,[]
883,link,falco,uair,implemented,untested,True,common-aerial,,[]
884,link,falco,dair,implemented,untested,True,common-aerial,,[]
885,link,young_link,nair,implemented,untested,True,common-aerial,,[]
886,link,young_link,fair,implemented,untested,True,common-aerial,,[]
887,link,young_link,bair,implemented,untested,True,common-aerial,,[]
888,link,young_link,uair,implemented,untested,True,common-aerial,,[]
889,link,young_link,dair,implemented,untested,True,link-down-bounce,,[]
890,link,dr_mario,nair,implemented,runtime-tested,True,common-aerial,,"[{""status"":""runtime-tested"",""profile"":""debug"",""lifecycle"":true,""stress"":true,""native_jab"":false,""adapter_assertion"":false,""backend"":""profile-default"",""dol_sha1"":""81533ece59d729a3aef5495e6185c60b616e27b3"",""evidence"":""docs/evidence/aerials/current/aerials-debug-stress-0-130.json"",""log_sha256"":""49529f3c79e4d63320368cef9d60b49620a7ac6fd09d26c7e7aec9afcdfd6dca""},{""status"":""runtime-tested"",""profile"":""release"",""lifecycle"":true,""stress"":true,""native_jab"":true,""adapter_assertion"":false,""backend"":""profile-default"",""dol_sha1"":""36c24894da8b0649624bd1277c126c7533e46b54"",""evidence"":""docs/evidence/aerials/current/aerials-release-stress-0-130.json"",""log_sha256"":""fbc9a3bcc32b3f6ab77bd81ee710a8f2fa5e8c5773149e6da91736b32a1de458""}]"
891,link,dr_mario,fair,implemented,untested,True,common-aerial,,[]
892,link,dr_mario,bair,implemented,untested,True,common-aerial,,[]
893,link,dr_mario,uair,implemented,untested,True,common-aerial,,[]
894,link,dr_mario,dair,implemented,untested,True,common-aerial,,[]
895,link,roy,nair,implemented,untested,True,common-aerial,,[]
896,link,roy,fair,implemented,untested,True,common-aerial,,[]
897,link,roy,bair,implemented,untested,True,common-aerial,,[]
898,link,roy,uair,implemented,untested,True,common-aerial,,[]
899,link,roy,dair,implemented,untested,True,common-aerial,,[]
900,link,pichu,nair,implemented,untested,True,common-aerial,,[]
901,link,pichu,fair,implemented,untested,True,common-aerial,,[]
902,link,pichu,bair,implemented,untested,True,common-aerial,,[]
903,link,pichu,uair,implemented,untested,True,common-aerial,,[]
904,link,pichu,dair,implemented,untested,True,common-aerial,,[]
905,link,ganondorf,nair,implemented,untested,True,common-aerial,,[]
906,link,ganondorf,fair,implemented,untested,True,common-aerial,,[]
907,link,ganondorf,bair,implemented,untested,True,common-aerial,,[]
908,link,ganondorf,uair,implemented,untested,True,common-aerial,,[]
909,link,ganondorf,dair,implemented,untested,True,common-aerial,,[]
910,luigi,captain_falcon,nair,implemented,untested,True,common-aerial,,[]
911,luigi,captain_falcon,fair,implemented,untested,True,common-aerial,,[]
912,luigi,captain_falcon,bair,implemented,untested,True,common-aerial,,[]
913,luigi,captain_falcon,uair,implemented,untested,True,common-aerial,,[]
914,luigi,captain_falcon,dair,implemented,untested,True,common-aerial,,[]
915,luigi,donkey_kong,nair,implemented,untested,True,common-aerial,,[]
916,luigi,donkey_kong,fair,implemented,untested,True,common-aerial,,[]
917,luigi,donkey_kong,bair,implemented,runtime-tested,True,common-aerial,,"[{""status"":""runtime-tested"",""profile"":""debug"",""lifecycle"":true,""stress"":true,""native_jab"":false,""adapter_assertion"":false,""backend"":""profile-default"",""dol_sha1"":""81533ece59d729a3aef5495e6185c60b616e27b3"",""evidence"":""docs/evidence/aerials/current/aerials-debug-stress-0-130.json"",""log_sha256"":""49529f3c79e4d63320368cef9d60b49620a7ac6fd09d26c7e7aec9afcdfd6dca""},{""status"":""runtime-tested"",""profile"":""release"",""lifecycle"":true,""stress"":true,""native_jab"":true,""adapter_assertion"":false,""backend"":""profile-default"",""dol_sha1"":""36c24894da8b0649624bd1277c126c7533e46b54"",""evidence"":""docs/evidence/aerials/current/aerials-release-stress-0-130.json"",""log_sha256"":""fbc9a3bcc32b3f6ab77bd81ee710a8f2fa5e8c5773149e6da91736b32a1de458""}]"
918,luigi,donkey_kong,uair,implemented,untested,True,common-aerial,,[]
919,luigi,donkey_kong,dair,implemented,untested,True,common-aerial,,[]
920,luigi,fox,nair,implemented,untested,True,common-aerial,,[]
921,luigi,fox,fair,implemented,untested,True,common-aerial,,[]
922,luigi,fox,bair,implemented,untested,True,common-aerial,,[]
923,luigi,fox,uair,implemented,untested,True,common-aerial,,[]
924,luigi,fox,dair,implemented,untested,True,common-aerial,,[]
925,luigi,game_and_watch,nair,implemented,untested,True,gamewatch-articles,,[]
926,luigi,game_and_watch,fair,implemented,untested,True,common-aerial,,[]
927,luigi,game_and_watch,bair,implemented,untested,True,gamewatch-articles,,[]
928,luigi,game_and_watch,uair,implemented,untested,True,gamewatch-articles,,[]
929,luigi,game_and_watch,dair,implemented,untested,True,common-aerial,,[]
930,luigi,kirby,nair,implemented,untested,True,common-aerial,,[]
931,luigi,kirby,fair,implemented,untested,True,common-aerial,,[]
932,luigi,kirby,bair,implemented,untested,True,common-aerial,,[]
933,luigi,kirby,uair,implemented,untested,True,common-aerial,,[]
934,luigi,kirby,dair,implemented,untested,True,common-aerial,,[]
935,luigi,bowser,nair,implemented,untested,True,common-aerial,,[]
936,luigi,bowser,fair,implemented,untested,True,common-aerial,,[]
937,luigi,bowser,bair,implemented,untested,True,common-aerial,,[]
938,luigi,bowser,uair,implemented,untested,True,common-aerial,,[]
939,luigi,bowser,dair,implemented,untested,True,common-aerial,,[]
940,luigi,link,nair,implemented,untested,True,common-aerial,,[]
941,luigi,link,fair,implemented,untested,True,common-aerial,,[]
942,luigi,link,bair,implemented,untested,True,common-aerial,,[]
943,luigi,link,uair,implemented,runtime-tested,True,common-aerial,,"[{""status"":""runtime-tested"",""profile"":""debug"",""lifecycle"":true,""stress"":true,""native_jab"":false,""adapter_assertion"":false,""backend"":""profile-default"",""dol_sha1"":""81533ece59d729a3aef5495e6185c60b616e27b3"",""evidence"":""docs/evidence/aerials/current/aerials-debug-stress-0-130.json"",""log_sha256"":""49529f3c79e4d63320368cef9d60b49620a7ac6fd09d26c7e7aec9afcdfd6dca""},{""status"":""runtime-tested"",""profile"":""release"",""lifecycle"":true,""stress"":true,""native_jab"":true,""adapter_assertion"":false,""backend"":""profile-default"",""dol_sha1"":""36c24894da8b0649624bd1277c126c7533e46b54"",""evidence"":""docs/evidence/aerials/current/aerials-release-stress-0-130.json"",""log_sha256"":""fbc9a3bcc32b3f6ab77bd81ee710a8f2fa5e8c5773149e6da91736b32a1de458""}]"
944,luigi,link,dair,implemented,untested,True,link-down-bounce,,[]
945,luigi,luigi,nair,implemented,untested,False,common-aerial,Identical donor: keep the native slot,[]
946,luigi,luigi,fair,implemented,untested,False,common-aerial,Identical donor: keep the native slot,[]
947,luigi,luigi,bair,implemented,untested,False,common-aerial,Identical donor: keep the native slot,[]
948,luigi,luigi,uair,implemented,untested,False,common-aerial,Identical donor: keep the native slot,[]
949,luigi,luigi,dair,implemented,untested,False,common-aerial,Identical donor: keep the native slot,[]
950,luigi,mario,nair,implemented,untested,True,common-aerial,,[]
951,luigi,mario,fair,implemented,untested,True,common-aerial,,[]
952,luigi,mario,bair,implemented,untested,True,common-aerial,,[]
953,luigi,mario,uair,implemented,untested,True,common-aerial,,[]
954,luigi,mario,dair,implemented,untested,True,common-aerial,,[]
955,luigi,marth,nair,implemented,untested,True,common-aerial,,[]
956,luigi,marth,fair,implemented,untested,True,common-aerial,,[]
957,luigi,marth,bair,implemented,untested,True,common-aerial,,[]
958,luigi,marth,uair,implemented,untested,True,common-aerial,,[]
959,luigi,marth,dair,implemented,untested,True,common-aerial,,[]
960,luigi,mewtwo,nair,implemented,untested,True,common-aerial,,[]
961,luigi,mewtwo,fair,implemented,untested,True,common-aerial,,[]
962,luigi,mewtwo,bair,implemented,untested,True,common-aerial,,[]
963,luigi,mewtwo,uair,implemented,untested,True,common-aerial,,[]
964,luigi,mewtwo,dair,implemented,untested,True,common-aerial,,[]
965,luigi,ness,nair,implemented,untested,True,common-aerial,,[]
966,luigi,ness,fair,implemented,untested,True,common-aerial,,[]
967,luigi,ness,bair,implemented,untested,True,common-aerial,,[]
968,luigi,ness,uair,implemented,untested,True,common-aerial,,[]
969,luigi,ness,dair,implemented,runtime-tested,True,common-aerial,,"[{""status"":""runtime-tested"",""profile"":""debug"",""lifecycle"":true,""stress"":true,""native_jab"":false,""adapter_assertion"":false,""backend"":""profile-default"",""dol_sha1"":""81533ece59d729a3aef5495e6185c60b616e27b3"",""evidence"":""docs/evidence/aerials/current/aerials-debug-stress-0-130.json"",""log_sha256"":""49529f3c79e4d63320368cef9d60b49620a7ac6fd09d26c7e7aec9afcdfd6dca""},{""status"":""runtime-tested"",""profile"":""release"",""lifecycle"":true,""stress"":true,""native_jab"":true,""adapter_assertion"":false,""backend"":""profile-default"",""dol_sha1"":""36c24894da8b0649624bd1277c126c7533e46b54"",""evidence"":""docs/evidence/aerials/current/aerials-release-stress-0-130.json"",""log_sha256"":""fbc9a3bcc32b3f6ab77bd81ee710a8f2fa5e8c5773149e6da91736b32a1de458""}]"
970,luigi,peach,nair,implemented,untested,True,common-aerial,,[]
971,luigi,peach,fair,implemented,untested,True,common-aerial,,[]
972,luigi,peach,bair,implemented,untested,True,common-aerial,,[]
973,luigi,peach,uair,implemented,untested,True,common-aerial,,[]
974,luigi,peach,dair,implemented,untested,True,common-aerial,,[]
975,luigi,pikachu,nair,implemented,untested,True,common-aerial,,[]
976,luigi,pikachu,fair,implemented,untested,True,common-aerial,,[]
977,luigi,pikachu,bair,implemented,untested,True,common-aerial,,[]
978,luigi,pikachu,uair,implemented,untested,True,common-aerial,,[]
979,luigi,pikachu,dair,implemented,untested,True,common-aerial,,[]
980,luigi,ice_climbers,nair,implemented,untested,True,common-aerial,,[]
981,luigi,ice_climbers,fair,implemented,untested,True,common-aerial,,[]
982,luigi,ice_climbers,bair,implemented,untested,True,common-aerial,,[]
983,luigi,ice_climbers,uair,implemented,untested,True,common-aerial,,[]
984,luigi,ice_climbers,dair,implemented,untested,True,common-aerial,,[]
985,luigi,jigglypuff,nair,implemented,untested,True,common-aerial,,[]
986,luigi,jigglypuff,fair,implemented,untested,True,common-aerial,,[]
987,luigi,jigglypuff,bair,implemented,untested,True,common-aerial,,[]
988,luigi,jigglypuff,uair,implemented,untested,True,common-aerial,,[]
989,luigi,jigglypuff,dair,implemented,untested,True,common-aerial,,[]
990,luigi,samus,nair,implemented,untested,True,common-aerial,,[]
991,luigi,samus,fair,implemented,untested,True,common-aerial,,[]
992,luigi,samus,bair,implemented,untested,True,common-aerial,,[]
993,luigi,samus,uair,implemented,untested,True,common-aerial,,[]
994,luigi,samus,dair,implemented,untested,True,common-aerial,,[]
995,luigi,yoshi,nair,implemented,runtime-tested,True,common-aerial,,"[{""status"":""runtime-tested"",""profile"":""debug"",""lifecycle"":true,""stress"":true,""native_jab"":false,""adapter_assertion"":false,""backend"":""profile-default"",""dol_sha1"":""81533ece59d729a3aef5495e6185c60b616e27b3"",""evidence"":""docs/evidence/aerials/current/aerials-debug-stress-0-130.json"",""log_sha256"":""49529f3c79e4d63320368cef9d60b49620a7ac6fd09d26c7e7aec9afcdfd6dca""},{""status"":""runtime-tested"",""profile"":""release"",""lifecycle"":true,""stress"":true,""native_jab"":true,""adapter_assertion"":false,""backend"":""profile-default"",""dol_sha1"":""36c24894da8b0649624bd1277c126c7533e46b54"",""evidence"":""docs/evidence/aerials/current/aerials-release-stress-0-130.json"",""log_sha256"":""fbc9a3bcc32b3f6ab77bd81ee710a8f2fa5e8c5773149e6da91736b32a1de458""}]"
996,luigi,yoshi,fair,implemented,untested,True,common-aerial,,[]
997,luigi,yoshi,bair,implemented,untested,True,common-aerial,,[]
998,luigi,yoshi,uair,implemented,untested,True,common-aerial,,[]
999,luigi,yoshi,dair,implemented,untested,True,common-aerial,,[]
1000,luigi,zelda,nair,implemented,untested,True,common-aerial,,[]
1001,luigi,zelda,fair,implemented,untested,True,common-aerial,,[]
1002,luigi,zelda,bair,implemented,untested,True,common-aerial,,[]
1003,luigi,zelda,uair,implemented,untested,True,common-aerial,,[]
1004,luigi,zelda,dair,implemented,untested,True,common-aerial,,[]
1005,luigi,sheik,nair,implemented,untested,True,common-aerial,,[]
1006,luigi,sheik,fair,implemented,untested,True,common-aerial,,[]
1007,luigi,sheik,bair,implemented,untested,True,common-aerial,,[]
1008,luigi,sheik,uair,implemented,untested,True,common-aerial,,[]
1009,luigi,sheik,dair,implemented,untested,True,common-aerial,,[]
1010,luigi,falco,nair,implemented,untested,True,common-aerial,,[]
1011,luigi,falco,fair,implemented,untested,True,common-aerial,,[]
1012,luigi,falco,bair,implemented,untested,True,common-aerial,,[]
1013,luigi,falco,uair,implemented,untested,True,common-aerial,,[]
1014,luigi,falco,dair,implemented,untested,True,common-aerial,,[]
1015,luigi,young_link,nair,implemented,untested,True,common-aerial,,[]
1016,luigi,young_link,fair,implemented,untested,True,common-aerial,,[]
1017,luigi,young_link,bair,implemented,untested,True,common-aerial,,[]
1018,luigi,young_link,uair,implemented,untested,True,common-aerial,,[]
1019,luigi,young_link,dair,implemented,untested,True,link-down-bounce,,[]
1020,luigi,dr_mario,nair,implemented,untested,True,common-aerial,,[]
1021,luigi,dr_mario,fair,implemented,runtime-tested,True,common-aerial,,"[{""status"":""runtime-tested"",""profile"":""debug"",""lifecycle"":true,""stress"":true,""native_jab"":false,""adapter_assertion"":false,""backend"":""profile-default"",""dol_sha1"":""81533ece59d729a3aef5495e6185c60b616e27b3"",""evidence"":""docs/evidence/aerials/current/aerials-debug-stress-0-130.json"",""log_sha256"":""49529f3c79e4d63320368cef9d60b49620a7ac6fd09d26c7e7aec9afcdfd6dca""},{""status"":""runtime-tested"",""profile"":""release"",""lifecycle"":true,""stress"":true,""native_jab"":true,""adapter_assertion"":false,""backend"":""profile-default"",""dol_sha1"":""36c24894da8b0649624bd1277c126c7533e46b54"",""evidence"":""docs/evidence/aerials/current/aerials-release-stress-0-130.json"",""log_sha256"":""fbc9a3bcc32b3f6ab77bd81ee710a8f2fa5e8c5773149e6da91736b32a1de458""}]"
1022,luigi,dr_mario,bair,implemented,untested,True,common-aerial,,[]
1023,luigi,dr_mario,uair,implemented,untested,True,common-aerial,,[]
1024,luigi,dr_mario,dair,implemented,untested,True,common-aerial,,[]
1025,luigi,roy,nair,implemented,untested,True,common-aerial,,[]
1026,luigi,roy,fair,implemented,untested,True,common-aerial,,[]
1027,luigi,roy,bair,implemented,untested,True,common-aerial,,[]
1028,luigi,roy,uair,implemented,untested,True,common-aerial,,[]
1029,luigi,roy,dair,implemented,untested,True,common-aerial,,[]
1030,luigi,pichu,nair,implemented,untested,True,common-aerial,,[]
1031,luigi,pichu,fair,implemented,untested,True,common-aerial,,[]
1032,luigi,pichu,bair,implemented,untested,True,common-aerial,,[]
1033,luigi,pichu,uair,implemented,untested,True,common-aerial,,[]
1034,luigi,pichu,dair,implemented,untested,True,common-aerial,,[]
1035,luigi,ganondorf,nair,implemented,untested,True,common-aerial,,[]
1036,luigi,ganondorf,fair,implemented,untested,True,common-aerial,,[]
1037,luigi,ganondorf,bair,implemented,untested,True,common-aerial,,[]
1038,luigi,ganondorf,uair,implemented,untested,True,common-aerial,,[]
1039,luigi,ganondorf,dair,implemented,untested,True,common-aerial,,[]
1040,mario,captain_falcon,nair,implemented,untested,True,common-aerial,,[]
1041,mario,captain_falcon,fair,implemented,untested,True,common-aerial,,[]
1042,mario,captain_falcon,bair,implemented,untested,True,common-aerial,,[]
1043,mario,captain_falcon,uair,implemented,untested,True,common-aerial,,[]
1044,mario,captain_falcon,dair,implemented,untested,True,common-aerial,,[]
1045,mario,donkey_kong,nair,implemented,untested,True,common-aerial,,[]
1046,mario,donkey_kong,fair,implemented,untested,True,common-aerial,,[]
1047,mario,donkey_kong,bair,implemented,untested,True,common-aerial,,[]
1048,mario,donkey_kong,uair,implemented,runtime-tested,True,common-aerial,,"[{""status"":""runtime-tested"",""profile"":""debug"",""lifecycle"":true,""stress"":true,""native_jab"":false,""adapter_assertion"":false,""backend"":""profile-default"",""dol_sha1"":""81533ece59d729a3aef5495e6185c60b616e27b3"",""evidence"":""docs/evidence/aerials/current/aerials-debug-stress-0-130.json"",""log_sha256"":""49529f3c79e4d63320368cef9d60b49620a7ac6fd09d26c7e7aec9afcdfd6dca""},{""status"":""runtime-tested"",""profile"":""release"",""lifecycle"":true,""stress"":true,""native_jab"":true,""adapter_assertion"":false,""backend"":""profile-default"",""dol_sha1"":""36c24894da8b0649624bd1277c126c7533e46b54"",""evidence"":""docs/evidence/aerials/current/aerials-release-stress-0-130.json"",""log_sha256"":""fbc9a3bcc32b3f6ab77bd81ee710a8f2fa5e8c5773149e6da91736b32a1de458""}]"
1049,mario,donkey_kong,dair,implemented,untested,True,common-aerial,,[]
1050,mario,fox,nair,implemented,untested,True,common-aerial,,[]
1051,mario,fox,fair,implemented,untested,True,common-aerial,,[]
1052,mario,fox,bair,implemented,untested,True,common-aerial,,[]
1053,mario,fox,uair,implemented,untested,True,common-aerial,,[]
1054,mario,fox,dair,implemented,untested,True,common-aerial,,[]
1055,mario,game_and_watch,nair,implemented,untested,True,gamewatch-articles,,[]
1056,mario,game_and_watch,fair,implemented,untested,True,common-aerial,,[]
1057,mario,game_and_watch,bair,implemented,untested,True,gamewatch-articles,,[]
1058,mario,game_and_watch,uair,implemented,untested,True,gamewatch-articles,,[]
1059,mario,game_and_watch,dair,implemented,untested,True,common-aerial,,[]
1060,mario,kirby,nair,implemented,untested,True,common-aerial,,[]
1061,mario,kirby,fair,implemented,untested,True,common-aerial,,[]
1062,mario,kirby,bair,implemented,untested,True,common-aerial,,[]
1063,mario,kirby,uair,implemented,untested,True,common-aerial,,[]
1064,mario,kirby,dair,implemented,untested,True,common-aerial,,[]
1065,mario,bowser,nair,implemented,untested,True,common-aerial,,[]
1066,mario,bowser,fair,implemented,untested,True,common-aerial,,[]
1067,mario,bowser,bair,implemented,untested,True,common-aerial,,[]
1068,mario,bowser,uair,implemented,untested,True,common-aerial,,[]
1069,mario,bowser,dair,implemented,untested,True,common-aerial,,[]
1070,mario,link,nair,implemented,untested,True,common-aerial,,[]
1071,mario,link,fair,implemented,untested,True,common-aerial,,[]
1072,mario,link,bair,implemented,untested,True,common-aerial,,[]
1073,mario,link,uair,implemented,untested,True,common-aerial,,[]
1074,mario,link,dair,implemented,runtime-tested,True,link-down-bounce,,"[{""status"":""runtime-tested"",""profile"":""debug"",""lifecycle"":true,""stress"":true,""native_jab"":false,""adapter_assertion"":false,""backend"":""profile-default"",""dol_sha1"":""81533ece59d729a3aef5495e6185c60b616e27b3"",""evidence"":""docs/evidence/aerials/current/aerials-debug-stress-0-130.json"",""log_sha256"":""49529f3c79e4d63320368cef9d60b49620a7ac6fd09d26c7e7aec9afcdfd6dca""},{""status"":""runtime-tested"",""profile"":""release"",""lifecycle"":true,""stress"":true,""native_jab"":true,""adapter_assertion"":true,""backend"":""profile-default"",""dol_sha1"":""36c24894da8b0649624bd1277c126c7533e46b54"",""evidence"":""docs/evidence/aerials/current/aerials-release-stress-0-130.json"",""log_sha256"":""fbc9a3bcc32b3f6ab77bd81ee710a8f2fa5e8c5773149e6da91736b32a1de458""}]"
1075,mario,luigi,nair,implemented,untested,True,common-aerial,,[]
1076,mario,luigi,fair,implemented,untested,True,common-aerial,,[]
1077,mario,luigi,bair,implemented,untested,True,common-aerial,,[]
1078,mario,luigi,uair,implemented,untested,True,common-aerial,,[]
1079,mario,luigi,dair,implemented,untested,True,common-aerial,,[]
1080,mario,mario,nair,implemented,untested,False,common-aerial,Identical donor: keep the native slot,[]
1081,mario,mario,fair,implemented,untested,False,common-aerial,Identical donor: keep the native slot,[]
1082,mario,mario,bair,implemented,untested,False,common-aerial,Identical donor: keep the native slot,[]
1083,mario,mario,uair,implemented,untested,False,common-aerial,Identical donor: keep the native slot,[]
1084,mario,mario,dair,implemented,untested,False,common-aerial,Identical donor: keep the native slot,[]
1085,mario,marth,nair,implemented,untested,True,common-aerial,,[]
1086,mario,marth,fair,implemented,untested,True,common-aerial,,[]
1087,mario,marth,bair,implemented,untested,True,common-aerial,,[]
1088,mario,marth,uair,implemented,untested,True,common-aerial,,[]
1089,mario,marth,dair,implemented,untested,True,common-aerial,,[]
1090,mario,mewtwo,nair,implemented,untested,True,common-aerial,,[]
1091,mario,mewtwo,fair,implemented,untested,True,common-aerial,,[]
1092,mario,mewtwo,bair,implemented,untested,True,common-aerial,,[]
1093,mario,mewtwo,uair,implemented,untested,True,common-aerial,,[]
1094,mario,mewtwo,dair,implemented,untested,True,common-aerial,,[]
1095,mario,ness,nair,implemented,untested,True,common-aerial,,[]
1096,mario,ness,fair,implemented,untested,True,common-aerial,,[]
1097,mario,ness,bair,implemented,untested,True,common-aerial,,[]
1098,mario,ness,uair,implemented,untested,True,common-aerial,,[]
1099,mario,ness,dair,implemented,untested,True,common-aerial,,[]
1100,mario,peach,nair,implemented,runtime-tested,True,common-aerial,,"[{""status"":""runtime-tested"",""profile"":""debug"",""lifecycle"":true,""stress"":true,""native_jab"":false,""adapter_assertion"":false,""backend"":""profile-default"",""dol_sha1"":""81533ece59d729a3aef5495e6185c60b616e27b3"",""evidence"":""docs/evidence/aerials/current/aerials-debug-stress-0-130.json"",""log_sha256"":""49529f3c79e4d63320368cef9d60b49620a7ac6fd09d26c7e7aec9afcdfd6dca""},{""status"":""runtime-tested"",""profile"":""release"",""lifecycle"":true,""stress"":true,""native_jab"":true,""adapter_assertion"":false,""backend"":""profile-default"",""dol_sha1"":""36c24894da8b0649624bd1277c126c7533e46b54"",""evidence"":""docs/evidence/aerials/current/aerials-release-stress-0-130.json"",""log_sha256"":""fbc9a3bcc32b3f6ab77bd81ee710a8f2fa5e8c5773149e6da91736b32a1de458""}]"
1101,mario,peach,fair,implemented,untested,True,common-aerial,,[]
1102,mario,peach,bair,implemented,untested,True,common-aerial,,[]
1103,mario,peach,uair,implemented,untested,True,common-aerial,,[]
1104,mario,peach,dair,implemented,untested,True,common-aerial,,[]
1105,mario,pikachu,nair,implemented,untested,True,common-aerial,,[]
1106,mario,pikachu,fair,implemented,untested,True,common-aerial,,[]
1107,mario,pikachu,bair,implemented,untested,True,common-aerial,,[]
1108,mario,pikachu,uair,implemented,untested,True,common-aerial,,[]
1109,mario,pikachu,dair,implemented,untested,True,common-aerial,,[]
1110,mario,ice_climbers,nair,implemented,untested,True,common-aerial,,[]
1111,mario,ice_climbers,fair,implemented,untested,True,common-aerial,,[]
1112,mario,ice_climbers,bair,implemented,untested,True,common-aerial,,[]
1113,mario,ice_climbers,uair,implemented,untested,True,common-aerial,,[]
1114,mario,ice_climbers,dair,implemented,untested,True,common-aerial,,[]
1115,mario,jigglypuff,nair,implemented,untested,True,common-aerial,,[]
1116,mario,jigglypuff,fair,implemented,untested,True,common-aerial,,[]
1117,mario,jigglypuff,bair,implemented,untested,True,common-aerial,,[]
1118,mario,jigglypuff,uair,implemented,untested,True,common-aerial,,[]
1119,mario,jigglypuff,dair,implemented,untested,True,common-aerial,,[]
1120,mario,samus,nair,implemented,untested,True,common-aerial,,[]
1121,mario,samus,fair,implemented,untested,True,common-aerial,,[]
1122,mario,samus,bair,implemented,untested,True,common-aerial,,[]
1123,mario,samus,uair,implemented,untested,True,common-aerial,,[]
1124,mario,samus,dair,implemented,untested,True,common-aerial,,[]
1125,mario,yoshi,nair,implemented,untested,True,common-aerial,,[]
1126,mario,yoshi,fair,implemented,runtime-tested,True,common-aerial,,"[{""status"":""runtime-tested"",""profile"":""debug"",""lifecycle"":true,""stress"":true,""native_jab"":false,""adapter_assertion"":false,""backend"":""profile-default"",""dol_sha1"":""81533ece59d729a3aef5495e6185c60b616e27b3"",""evidence"":""docs/evidence/aerials/current/aerials-debug-stress-0-130.json"",""log_sha256"":""49529f3c79e4d63320368cef9d60b49620a7ac6fd09d26c7e7aec9afcdfd6dca""},{""status"":""runtime-tested"",""profile"":""release"",""lifecycle"":true,""stress"":true,""native_jab"":true,""adapter_assertion"":false,""backend"":""profile-default"",""dol_sha1"":""36c24894da8b0649624bd1277c126c7533e46b54"",""evidence"":""docs/evidence/aerials/current/aerials-release-stress-0-130.json"",""log_sha256"":""fbc9a3bcc32b3f6ab77bd81ee710a8f2fa5e8c5773149e6da91736b32a1de458""}]"
1127,mario,yoshi,bair,implemented,untested,True,common-aerial,,[]
1128,mario,yoshi,uair,implemented,untested,True,common-aerial,,[]
1129,mario,yoshi,dair,implemented,untested,True,common-aerial,,[]
1130,mario,zelda,nair,implemented,untested,True,common-aerial,,[]
1131,mario,zelda,fair,implemented,untested,True,common-aerial,,[]
1132,mario,zelda,bair,implemented,untested,True,common-aerial,,[]
1133,mario,zelda,uair,implemented,untested,True,common-aerial,,[]
1134,mario,zelda,dair,implemented,untested,True,common-aerial,,[]
1135,mario,sheik,nair,implemented,untested,True,common-aerial,,[]
1136,mario,sheik,fair,implemented,untested,True,common-aerial,,[]
1137,mario,sheik,bair,implemented,untested,True,common-aerial,,[]
1138,mario,sheik,uair,implemented,untested,True,common-aerial,,[]
1139,mario,sheik,dair,implemented,untested,True,common-aerial,,[]
1140,mario,falco,nair,implemented,untested,True,common-aerial,,[]
1141,mario,falco,fair,implemented,untested,True,common-aerial,,[]
1142,mario,falco,bair,implemented,untested,True,common-aerial,,[]
1143,mario,falco,uair,implemented,untested,True,common-aerial,,[]
1144,mario,falco,dair,implemented,untested,True,common-aerial,,[]
1145,mario,young_link,nair,implemented,untested,True,common-aerial,,[]
1146,mario,young_link,fair,implemented,untested,True,common-aerial,,[]
1147,mario,young_link,bair,implemented,untested,True,common-aerial,,[]
1148,mario,young_link,uair,implemented,untested,True,common-aerial,,[]
1149,mario,young_link,dair,implemented,untested,True,link-down-bounce,,[]
1150,mario,dr_mario,nair,implemented,untested,True,common-aerial,,[]
1151,mario,dr_mario,fair,implemented,untested,True,common-aerial,,[]
1152,mario,dr_mario,bair,implemented,runtime-tested,True,common-aerial,,"[{""status"":""runtime-tested"",""profile"":""debug"",""lifecycle"":true,""stress"":true,""native_jab"":false,""adapter_assertion"":false,""backend"":""profile-default"",""dol_sha1"":""81533ece59d729a3aef5495e6185c60b616e27b3"",""evidence"":""docs/evidence/aerials/current/aerials-debug-stress-0-130.json"",""log_sha256"":""49529f3c79e4d63320368cef9d60b49620a7ac6fd09d26c7e7aec9afcdfd6dca""},{""status"":""runtime-tested"",""profile"":""release"",""lifecycle"":true,""stress"":true,""native_jab"":true,""adapter_assertion"":false,""backend"":""profile-default"",""dol_sha1"":""36c24894da8b0649624bd1277c126c7533e46b54"",""evidence"":""docs/evidence/aerials/current/aerials-release-stress-0-130.json"",""log_sha256"":""fbc9a3bcc32b3f6ab77bd81ee710a8f2fa5e8c5773149e6da91736b32a1de458""}]"
1153,mario,dr_mario,uair,implemented,untested,True,common-aerial,,[]
1154,mario,dr_mario,dair,implemented,untested,True,common-aerial,,[]
1155,mario,roy,nair,implemented,untested,True,common-aerial,,[]
1156,mario,roy,fair,implemented,untested,True,common-aerial,,[]
1157,mario,roy,bair,implemented,untested,True,common-aerial,,[]
1158,mario,roy,uair,implemented,untested,True,common-aerial,,[]
1159,mario,roy,dair,implemented,untested,True,common-aerial,,[]
1160,mario,pichu,nair,implemented,untested,True,common-aerial,,[]
1161,mario,pichu,fair,implemented,untested,True,common-aerial,,[]
1162,mario,pichu,bair,implemented,untested,True,common-aerial,,[]
1163,mario,pichu,uair,implemented,untested,True,common-aerial,,[]
1164,mario,pichu,dair,implemented,untested,True,common-aerial,,[]
1165,mario,ganondorf,nair,implemented,untested,True,common-aerial,,[]
1166,mario,ganondorf,fair,implemented,untested,True,common-aerial,,[]
1167,mario,ganondorf,bair,implemented,untested,True,common-aerial,,[]
1168,mario,ganondorf,uair,implemented,untested,True,common-aerial,,[]
1169,mario,ganondorf,dair,implemented,untested,True,common-aerial,,[]
1170,marth,captain_falcon,nair,implemented,untested,True,common-aerial,,[]
1171,marth,captain_falcon,fair,implemented,untested,True,common-aerial,,[]
1172,marth,captain_falcon,bair,implemented,untested,True,common-aerial,,[]
1173,marth,captain_falcon,uair,implemented,untested,True,common-aerial,,[]
1174,marth,captain_falcon,dair,implemented,untested,True,common-aerial,,[]
1175,marth,donkey_kong,nair,implemented,untested,True,common-aerial,,[]
1176,marth,donkey_kong,fair,implemented,untested,True,common-aerial,,[]
1177,marth,donkey_kong,bair,implemented,untested,True,common-aerial,,[]
1178,marth,donkey_kong,uair,implemented,untested,True,common-aerial,,[]
1179,marth,donkey_kong,dair,implemented,runtime-tested,True,common-aerial,,"[{""status"":""runtime-tested"",""profile"":""debug"",""lifecycle"":true,""stress"":true,""native_jab"":false,""adapter_assertion"":false,""backend"":""profile-default"",""dol_sha1"":""81533ece59d729a3aef5495e6185c60b616e27b3"",""evidence"":""docs/evidence/aerials/current/aerials-debug-stress-0-130.json"",""log_sha256"":""49529f3c79e4d63320368cef9d60b49620a7ac6fd09d26c7e7aec9afcdfd6dca""},{""status"":""runtime-tested"",""profile"":""release"",""lifecycle"":true,""stress"":true,""native_jab"":true,""adapter_assertion"":false,""backend"":""profile-default"",""dol_sha1"":""36c24894da8b0649624bd1277c126c7533e46b54"",""evidence"":""docs/evidence/aerials/current/aerials-release-stress-0-130.json"",""log_sha256"":""fbc9a3bcc32b3f6ab77bd81ee710a8f2fa5e8c5773149e6da91736b32a1de458""}]"
1180,marth,fox,nair,implemented,untested,True,common-aerial,,[]
1181,marth,fox,fair,implemented,untested,True,common-aerial,,[]
1182,marth,fox,bair,implemented,untested,True,common-aerial,,[]
1183,marth,fox,uair,implemented,untested,True,common-aerial,,[]
1184,marth,fox,dair,implemented,untested,True,common-aerial,,[]
1185,marth,game_and_watch,nair,implemented,untested,True,gamewatch-articles,,[]
1186,marth,game_and_watch,fair,implemented,untested,True,common-aerial,,[]
1187,marth,game_and_watch,bair,implemented,untested,True,gamewatch-articles,,[]
1188,marth,game_and_watch,uair,implemented,untested,True,gamewatch-articles,,[]
1189,marth,game_and_watch,dair,implemented,untested,True,common-aerial,,[]
1190,marth,kirby,nair,implemented,untested,True,common-aerial,,[]
1191,marth,kirby,fair,implemented,untested,True,common-aerial,,[]
1192,marth,kirby,bair,implemented,untested,True,common-aerial,,[]
1193,marth,kirby,uair,implemented,untested,True,common-aerial,,[]
1194,marth,kirby,dair,implemented,untested,True,common-aerial,,[]
1195,marth,bowser,nair,implemented,untested,True,common-aerial,,[]
1196,marth,bowser,fair,implemented,untested,True,common-aerial,,[]
1197,marth,bowser,bair,implemented,untested,True,common-aerial,,[]
1198,marth,bowser,uair,implemented,untested,True,common-aerial,,[]
1199,marth,bowser,dair,implemented,untested,True,common-aerial,,[]
1200,marth,link,nair,implemented,untested,True,common-aerial,,[]
1201,marth,link,fair,implemented,untested,True,common-aerial,,[]
1202,marth,link,bair,implemented,untested,True,common-aerial,,[]
1203,marth,link,uair,implemented,untested,True,common-aerial,,[]
1204,marth,link,dair,implemented,untested,True,link-down-bounce,,[]
1205,marth,luigi,nair,implemented,runtime-tested,True,common-aerial,,"[{""status"":""runtime-tested"",""profile"":""debug"",""lifecycle"":true,""stress"":true,""native_jab"":false,""adapter_assertion"":false,""backend"":""profile-default"",""dol_sha1"":""81533ece59d729a3aef5495e6185c60b616e27b3"",""evidence"":""docs/evidence/aerials/current/aerials-debug-stress-0-130.json"",""log_sha256"":""49529f3c79e4d63320368cef9d60b49620a7ac6fd09d26c7e7aec9afcdfd6dca""},{""status"":""runtime-tested"",""profile"":""release"",""lifecycle"":true,""stress"":true,""native_jab"":true,""adapter_assertion"":false,""backend"":""profile-default"",""dol_sha1"":""36c24894da8b0649624bd1277c126c7533e46b54"",""evidence"":""docs/evidence/aerials/current/aerials-release-stress-0-130.json"",""log_sha256"":""fbc9a3bcc32b3f6ab77bd81ee710a8f2fa5e8c5773149e6da91736b32a1de458""}]"
1206,marth,luigi,fair,implemented,untested,True,common-aerial,,[]
1207,marth,luigi,bair,implemented,untested,True,common-aerial,,[]
1208,marth,luigi,uair,implemented,untested,True,common-aerial,,[]
1209,marth,luigi,dair,implemented,untested,True,common-aerial,,[]
1210,marth,mario,nair,implemented,untested,True,common-aerial,,[]
1211,marth,mario,fair,implemented,untested,True,common-aerial,,[]
1212,marth,mario,bair,implemented,untested,True,common-aerial,,[]
1213,marth,mario,uair,implemented,untested,True,common-aerial,,[]
1214,marth,mario,dair,implemented,untested,True,common-aerial,,[]
1215,marth,marth,nair,implemented,untested,False,common-aerial,Identical donor: keep the native slot,[]
1216,marth,marth,fair,implemented,untested,False,common-aerial,Identical donor: keep the native slot,[]
1217,marth,marth,bair,implemented,untested,False,common-aerial,Identical donor: keep the native slot,[]
1218,marth,marth,uair,implemented,untested,False,common-aerial,Identical donor: keep the native slot,[]
1219,marth,marth,dair,implemented,untested,False,common-aerial,Identical donor: keep the native slot,[]
1220,marth,mewtwo,nair,implemented,untested,True,common-aerial,,[]
1221,marth,mewtwo,fair,implemented,untested,True,common-aerial,,[]
1222,marth,mewtwo,bair,implemented,untested,True,common-aerial,,[]
1223,marth,mewtwo,uair,implemented,untested,True,common-aerial,,[]
1224,marth,mewtwo,dair,implemented,untested,True,common-aerial,,[]
1225,marth,ness,nair,implemented,untested,True,common-aerial,,[]
1226,marth,ness,fair,implemented,untested,True,common-aerial,,[]
1227,marth,ness,bair,implemented,untested,True,common-aerial,,[]
1228,marth,ness,uair,implemented,untested,True,common-aerial,,[]
1229,marth,ness,dair,implemented,untested,True,common-aerial,,[]
1230,marth,peach,nair,implemented,untested,True,common-aerial,,[]
1231,marth,peach,fair,implemented,runtime-tested,True,common-aerial,,"[{""status"":""runtime-tested"",""profile"":""debug"",""lifecycle"":true,""stress"":true,""native_jab"":false,""adapter_assertion"":false,""backend"":""profile-default"",""dol_sha1"":""81533ece59d729a3aef5495e6185c60b616e27b3"",""evidence"":""docs/evidence/aerials/current/aerials-debug-stress-0-130.json"",""log_sha256"":""49529f3c79e4d63320368cef9d60b49620a7ac6fd09d26c7e7aec9afcdfd6dca""},{""status"":""runtime-tested"",""profile"":""release"",""lifecycle"":true,""stress"":true,""native_jab"":true,""adapter_assertion"":false,""backend"":""profile-default"",""dol_sha1"":""36c24894da8b0649624bd1277c126c7533e46b54"",""evidence"":""docs/evidence/aerials/current/aerials-release-stress-0-130.json"",""log_sha256"":""fbc9a3bcc32b3f6ab77bd81ee710a8f2fa5e8c5773149e6da91736b32a1de458""}]"
1232,marth,peach,bair,implemented,untested,True,common-aerial,,[]
1233,marth,peach,uair,implemented,untested,True,common-aerial,,[]
1234,marth,peach,dair,implemented,untested,True,common-aerial,,[]
1235,marth,pikachu,nair,implemented,untested,True,common-aerial,,[]
1236,marth,pikachu,fair,implemented,untested,True,common-aerial,,[]
1237,marth,pikachu,bair,implemented,untested,True,common-aerial,,[]
1238,marth,pikachu,uair,implemented,untested,True,common-aerial,,[]
1239,marth,pikachu,dair,implemented,untested,True,common-aerial,,[]
1240,marth,ice_climbers,nair,implemented,untested,True,common-aerial,,[]
1241,marth,ice_climbers,fair,implemented,untested,True,common-aerial,,[]
1242,marth,ice_climbers,bair,implemented,untested,True,common-aerial,,[]
1243,marth,ice_climbers,uair,implemented,untested,True,common-aerial,,[]
1244,marth,ice_climbers,dair,implemented,untested,True,common-aerial,,[]
1245,marth,jigglypuff,nair,implemented,untested,True,common-aerial,,[]
1246,marth,jigglypuff,fair,implemented,untested,True,common-aerial,,[]
1247,marth,jigglypuff,bair,implemented,untested,True,common-aerial,,[]
1248,marth,jigglypuff,uair,implemented,untested,True,common-aerial,,[]
1249,marth,jigglypuff,dair,implemented,untested,True,common-aerial,,[]
1250,marth,samus,nair,implemented,untested,True,common-aerial,,[]
1251,marth,samus,fair,implemented,untested,True,common-aerial,,[]
1252,marth,samus,bair,implemented,untested,True,common-aerial,,[]
1253,marth,samus,uair,implemented,untested,True,common-aerial,,[]
1254,marth,samus,dair,implemented,untested,True,common-aerial,,[]
1255,marth,yoshi,nair,implemented,untested,True,common-aerial,,[]
1256,marth,yoshi,fair,implemented,untested,True,common-aerial,,[]
1257,marth,yoshi,bair,implemented,runtime-tested,True,common-aerial,,"[{""status"":""runtime-tested"",""profile"":""debug"",""lifecycle"":true,""stress"":true,""native_jab"":false,""adapter_assertion"":false,""backend"":""profile-default"",""dol_sha1"":""81533ece59d729a3aef5495e6185c60b616e27b3"",""evidence"":""docs/evidence/aerials/current/aerials-debug-stress-0-130.json"",""log_sha256"":""49529f3c79e4d63320368cef9d60b49620a7ac6fd09d26c7e7aec9afcdfd6dca""},{""status"":""runtime-tested"",""profile"":""release"",""lifecycle"":true,""stress"":true,""native_jab"":true,""adapter_assertion"":false,""backend"":""profile-default"",""dol_sha1"":""36c24894da8b0649624bd1277c126c7533e46b54"",""evidence"":""docs/evidence/aerials/current/aerials-release-stress-0-130.json"",""log_sha256"":""fbc9a3bcc32b3f6ab77bd81ee710a8f2fa5e8c5773149e6da91736b32a1de458""}]"
1258,marth,yoshi,uair,implemented,untested,True,common-aerial,,[]
1259,marth,yoshi,dair,implemented,untested,True,common-aerial,,[]
1260,marth,zelda,nair,implemented,untested,True,common-aerial,,[]
1261,marth,zelda,fair,implemented,untested,True,common-aerial,,[]
1262,marth,zelda,bair,implemented,untested,True,common-aerial,,[]
1263,marth,zelda,uair,implemented,untested,True,common-aerial,,[]
1264,marth,zelda,dair,implemented,untested,True,common-aerial,,[]
1265,marth,sheik,nair,implemented,untested,True,common-aerial,,[]
1266,marth,sheik,fair,implemented,untested,True,common-aerial,,[]
1267,marth,sheik,bair,implemented,untested,True,common-aerial,,[]
1268,marth,sheik,uair,implemented,untested,True,common-aerial,,[]
1269,marth,sheik,dair,implemented,untested,True,common-aerial,,[]
1270,marth,falco,nair,implemented,untested,True,common-aerial,,[]
1271,marth,falco,fair,implemented,untested,True,common-aerial,,[]
1272,marth,falco,bair,implemented,untested,True,common-aerial,,[]
1273,marth,falco,uair,implemented,untested,True,common-aerial,,[]
1274,marth,falco,dair,implemented,untested,True,common-aerial,,[]
1275,marth,young_link,nair,implemented,untested,True,common-aerial,,[]
1276,marth,young_link,fair,implemented,untested,True,common-aerial,,[]
1277,marth,young_link,bair,implemented,untested,True,common-aerial,,[]
1278,marth,young_link,uair,implemented,untested,True,common-aerial,,[]
1279,marth,young_link,dair,implemented,untested,True,link-down-bounce,,[]
1280,marth,dr_mario,nair,implemented,untested,True,common-aerial,,[]
1281,marth,dr_mario,fair,implemented,untested,True,common-aerial,,[]
1282,marth,dr_mario,bair,implemented,untested,True,common-aerial,,[]
1283,marth,dr_mario,uair,implemented,runtime-tested,True,common-aerial,,"[{""status"":""runtime-tested"",""profile"":""debug"",""lifecycle"":true,""stress"":true,""native_jab"":false,""adapter_assertion"":false,""backend"":""profile-default"",""dol_sha1"":""81533ece59d729a3aef5495e6185c60b616e27b3"",""evidence"":""docs/evidence/aerials/current/aerials-debug-stress-0-130.json"",""log_sha256"":""49529f3c79e4d63320368cef9d60b49620a7ac6fd09d26c7e7aec9afcdfd6dca""},{""status"":""runtime-tested"",""profile"":""release"",""lifecycle"":true,""stress"":true,""native_jab"":true,""adapter_assertion"":false,""backend"":""profile-default"",""dol_sha1"":""36c24894da8b0649624bd1277c126c7533e46b54"",""evidence"":""docs/evidence/aerials/current/aerials-release-stress-0-130.json"",""log_sha256"":""fbc9a3bcc32b3f6ab77bd81ee710a8f2fa5e8c5773149e6da91736b32a1de458""}]"
1284,marth,dr_mario,dair,implemented,untested,True,common-aerial,,[]
1285,marth,roy,nair,implemented,untested,True,common-aerial,,[]
1286,marth,roy,fair,implemented,untested,True,common-aerial,,[]
1287,marth,roy,bair,implemented,untested,True,common-aerial,,[]
1288,marth,roy,uair,implemented,untested,True,common-aerial,,[]
1289,marth,roy,dair,implemented,untested,True,common-aerial,,[]
1290,marth,pichu,nair,implemented,untested,True,common-aerial,,[]
1291,marth,pichu,fair,implemented,untested,True,common-aerial,,[]
1292,marth,pichu,bair,implemented,untested,True,common-aerial,,[]
1293,marth,pichu,uair,implemented,untested,True,common-aerial,,[]
1294,marth,pichu,dair,implemented,untested,True,common-aerial,,[]
1295,marth,ganondorf,nair,implemented,untested,True,common-aerial,,[]
1296,marth,ganondorf,fair,implemented,untested,True,common-aerial,,[]
1297,marth,ganondorf,bair,implemented,untested,True,common-aerial,,[]
1298,marth,ganondorf,uair,implemented,untested,True,common-aerial,,[]
1299,marth,ganondorf,dair,implemented,untested,True,common-aerial,,[]
1300,mewtwo,captain_falcon,nair,implemented,untested,True,common-aerial,,[]
1301,mewtwo,captain_falcon,fair,implemented,untested,True,common-aerial,,[]
1302,mewtwo,captain_falcon,bair,implemented,untested,True,common-aerial,,[]
1303,mewtwo,captain_falcon,uair,implemented,untested,True,common-aerial,,[]
1304,mewtwo,captain_falcon,dair,implemented,untested,True,common-aerial,,[]
1305,mewtwo,donkey_kong,nair,implemented,untested,True,common-aerial,,[]
1306,mewtwo,donkey_kong,fair,implemented,untested,True,common-aerial,,[]
1307,mewtwo,donkey_kong,bair,implemented,untested,True,common-aerial,,[]
1308,mewtwo,donkey_kong,uair,implemented,untested,True,common-aerial,,[]
1309,mewtwo,donkey_kong,dair,implemented,untested,True,common-aerial,,[]
1310,mewtwo,fox,nair,implemented,runtime-tested,True,common-aerial,,"[{""status"":""runtime-tested"",""profile"":""debug"",""lifecycle"":true,""stress"":true,""native_jab"":false,""adapter_assertion"":false,""backend"":""profile-default"",""dol_sha1"":""81533ece59d729a3aef5495e6185c60b616e27b3"",""evidence"":""docs/evidence/aerials/current/aerials-debug-stress-0-130.json"",""log_sha256"":""49529f3c79e4d63320368cef9d60b49620a7ac6fd09d26c7e7aec9afcdfd6dca""},{""status"":""runtime-tested"",""profile"":""release"",""lifecycle"":true,""stress"":true,""native_jab"":true,""adapter_assertion"":false,""backend"":""profile-default"",""dol_sha1"":""36c24894da8b0649624bd1277c126c7533e46b54"",""evidence"":""docs/evidence/aerials/current/aerials-release-stress-0-130.json"",""log_sha256"":""fbc9a3bcc32b3f6ab77bd81ee710a8f2fa5e8c5773149e6da91736b32a1de458""}]"
1311,mewtwo,fox,fair,implemented,untested,True,common-aerial,,[]
1312,mewtwo,fox,bair,implemented,untested,True,common-aerial,,[]
1313,mewtwo,fox,uair,implemented,untested,True,common-aerial,,[]
1314,mewtwo,fox,dair,implemented,untested,True,common-aerial,,[]
1315,mewtwo,game_and_watch,nair,implemented,untested,True,gamewatch-articles,,[]
1316,mewtwo,game_and_watch,fair,implemented,untested,True,common-aerial,,[]
1317,mewtwo,game_and_watch,bair,implemented,untested,True,gamewatch-articles,,[]
1318,mewtwo,game_and_watch,uair,implemented,untested,True,gamewatch-articles,,[]
1319,mewtwo,game_and_watch,dair,implemented,untested,True,common-aerial,,[]
1320,mewtwo,kirby,nair,implemented,untested,True,common-aerial,,[]
1321,mewtwo,kirby,fair,implemented,untested,True,common-aerial,,[]
1322,mewtwo,kirby,bair,implemented,untested,True,common-aerial,,[]
1323,mewtwo,kirby,uair,implemented,untested,True,common-aerial,,[]
1324,mewtwo,kirby,dair,implemented,untested,True,common-aerial,,[]
1325,mewtwo,bowser,nair,implemented,untested,True,common-aerial,,[]
1326,mewtwo,bowser,fair,implemented,untested,True,common-aerial,,[]
1327,mewtwo,bowser,bair,implemented,untested,True,common-aerial,,[]
1328,mewtwo,bowser,uair,implemented,untested,True,common-aerial,,[]
1329,mewtwo,bowser,dair,implemented,untested,True,common-aerial,,[]
1330,mewtwo,link,nair,implemented,untested,True,common-aerial,,[]
1331,mewtwo,link,fair,implemented,untested,True,common-aerial,,[]
1332,mewtwo,link,bair,implemented,untested,True,common-aerial,,[]
1333,mewtwo,link,uair,implemented,untested,True,common-aerial,,[]
1334,mewtwo,link,dair,implemented,untested,True,link-down-bounce,,[]
1335,mewtwo,luigi,nair,implemented,untested,True,common-aerial,,[]
1336,mewtwo,luigi,fair,implemented,runtime-tested,True,common-aerial,,"[{""status"":""runtime-tested"",""profile"":""debug"",""lifecycle"":true,""stress"":true,""native_jab"":false,""adapter_assertion"":false,""backend"":""profile-default"",""dol_sha1"":""81533ece59d729a3aef5495e6185c60b616e27b3"",""evidence"":""docs/evidence/aerials/current/aerials-debug-stress-0-130.json"",""log_sha256"":""49529f3c79e4d63320368cef9d60b49620a7ac6fd09d26c7e7aec9afcdfd6dca""},{""status"":""runtime-tested"",""profile"":""release"",""lifecycle"":true,""stress"":true,""native_jab"":true,""adapter_assertion"":false,""backend"":""profile-default"",""dol_sha1"":""36c24894da8b0649624bd1277c126c7533e46b54"",""evidence"":""docs/evidence/aerials/current/aerials-release-stress-0-130.json"",""log_sha256"":""fbc9a3bcc32b3f6ab77bd81ee710a8f2fa5e8c5773149e6da91736b32a1de458""}]"
1337,mewtwo,luigi,bair,implemented,untested,True,common-aerial,,[]
1338,mewtwo,luigi,uair,implemented,untested,True,common-aerial,,[]
1339,mewtwo,luigi,dair,implemented,untested,True,common-aerial,,[]
1340,mewtwo,mario,nair,implemented,untested,True,common-aerial,,[]
1341,mewtwo,mario,fair,implemented,untested,True,common-aerial,,[]
1342,mewtwo,mario,bair,implemented,untested,True,common-aerial,,[]
1343,mewtwo,mario,uair,implemented,untested,True,common-aerial,,[]
1344,mewtwo,mario,dair,implemented,untested,True,common-aerial,,[]
1345,mewtwo,marth,nair,implemented,untested,True,common-aerial,,[]
1346,mewtwo,marth,fair,implemented,untested,True,common-aerial,,[]
1347,mewtwo,marth,bair,implemented,untested,True,common-aerial,,[]
1348,mewtwo,marth,uair,implemented,untested,True,common-aerial,,[]
1349,mewtwo,marth,dair,implemented,untested,True,common-aerial,,[]
1350,mewtwo,mewtwo,nair,implemented,untested,False,common-aerial,Identical donor: keep the native slot,[]
1351,mewtwo,mewtwo,fair,implemented,untested,False,common-aerial,Identical donor: keep the native slot,[]
1352,mewtwo,mewtwo,bair,implemented,untested,False,common-aerial,Identical donor: keep the native slot,[]
1353,mewtwo,mewtwo,uair,implemented,untested,False,common-aerial,Identical donor: keep the native slot,[]
1354,mewtwo,mewtwo,dair,implemented,untested,False,common-aerial,Identical donor: keep the native slot,[]
1355,mewtwo,ness,nair,implemented,untested,True,common-aerial,,[]
1356,mewtwo,ness,fair,implemented,untested,True,common-aerial,,[]
1357,mewtwo,ness,bair,implemented,untested,True,common-aerial,,[]
1358,mewtwo,ness,uair,implemented,untested,True,common-aerial,,[]
1359,mewtwo,ness,dair,implemented,untested,True,common-aerial,,[]
1360,mewtwo,peach,nair,implemented,untested,True,common-aerial,,[]
1361,mewtwo,peach,fair,implemented,untested,True,common-aerial,,[]
1362,mewtwo,peach,bair,implemented,runtime-tested,True,common-aerial,,"[{""status"":""runtime-tested"",""profile"":""debug"",""lifecycle"":true,""stress"":true,""native_jab"":false,""adapter_assertion"":false,""backend"":""profile-default"",""dol_sha1"":""81533ece59d729a3aef5495e6185c60b616e27b3"",""evidence"":""docs/evidence/aerials/current/aerials-debug-stress-0-130.json"",""log_sha256"":""49529f3c79e4d63320368cef9d60b49620a7ac6fd09d26c7e7aec9afcdfd6dca""},{""status"":""runtime-tested"",""profile"":""release"",""lifecycle"":true,""stress"":true,""native_jab"":true,""adapter_assertion"":false,""backend"":""profile-default"",""dol_sha1"":""36c24894da8b0649624bd1277c126c7533e46b54"",""evidence"":""docs/evidence/aerials/current/aerials-release-stress-0-130.json"",""log_sha256"":""fbc9a3bcc32b3f6ab77bd81ee710a8f2fa5e8c5773149e6da91736b32a1de458""}]"
1363,mewtwo,peach,uair,implemented,untested,True,common-aerial,,[]
1364,mewtwo,peach,dair,implemented,untested,True,common-aerial,,[]
1365,mewtwo,pikachu,nair,implemented,untested,True,common-aerial,,[]
1366,mewtwo,pikachu,fair,implemented,untested,True,common-aerial,,[]
1367,mewtwo,pikachu,bair,implemented,untested,True,common-aerial,,[]
1368,mewtwo,pikachu,uair,implemented,untested,True,common-aerial,,[]
1369,mewtwo,pikachu,dair,implemented,untested,True,common-aerial,,[]
1370,mewtwo,ice_climbers,nair,implemented,untested,True,common-aerial,,[]
1371,mewtwo,ice_climbers,fair,implemented,untested,True,common-aerial,,[]
1372,mewtwo,ice_climbers,bair,implemented,untested,True,common-aerial,,[]
1373,mewtwo,ice_climbers,uair,implemented,untested,True,common-aerial,,[]
1374,mewtwo,ice_climbers,dair,implemented,untested,True,common-aerial,,[]
1375,mewtwo,jigglypuff,nair,implemented,untested,True,common-aerial,,[]
1376,mewtwo,jigglypuff,fair,implemented,untested,True,common-aerial,,[]
1377,mewtwo,jigglypuff,bair,implemented,untested,True,common-aerial,,[]
1378,mewtwo,jigglypuff,uair,implemented,untested,True,common-aerial,,[]
1379,mewtwo,jigglypuff,dair,implemented,untested,True,common-aerial,,[]
1380,mewtwo,samus,nair,implemented,untested,True,common-aerial,,[]
1381,mewtwo,samus,fair,implemented,untested,True,common-aerial,,[]
1382,mewtwo,samus,bair,implemented,untested,True,common-aerial,,[]
1383,mewtwo,samus,uair,implemented,untested,True,common-aerial,,[]
1384,mewtwo,samus,dair,implemented,untested,True,common-aerial,,[]
1385,mewtwo,yoshi,nair,implemented,untested,True,common-aerial,,[]
1386,mewtwo,yoshi,fair,implemented,untested,True,common-aerial,,[]
1387,mewtwo,yoshi,bair,implemented,untested,True,common-aerial,,[]
1388,mewtwo,yoshi,uair,implemented,runtime-tested,True,common-aerial,,"[{""status"":""runtime-tested"",""profile"":""debug"",""lifecycle"":true,""stress"":true,""native_jab"":false,""adapter_assertion"":false,""backend"":""profile-default"",""dol_sha1"":""81533ece59d729a3aef5495e6185c60b616e27b3"",""evidence"":""docs/evidence/aerials/current/aerials-debug-stress-0-130.json"",""log_sha256"":""49529f3c79e4d63320368cef9d60b49620a7ac6fd09d26c7e7aec9afcdfd6dca""},{""status"":""runtime-tested"",""profile"":""release"",""lifecycle"":true,""stress"":true,""native_jab"":true,""adapter_assertion"":false,""backend"":""profile-default"",""dol_sha1"":""36c24894da8b0649624bd1277c126c7533e46b54"",""evidence"":""docs/evidence/aerials/current/aerials-release-stress-0-130.json"",""log_sha256"":""fbc9a3bcc32b3f6ab77bd81ee710a8f2fa5e8c5773149e6da91736b32a1de458""}]"
1389,mewtwo,yoshi,dair,implemented,untested,True,common-aerial,,[]
1390,mewtwo,zelda,nair,implemented,untested,True,common-aerial,,[]
1391,mewtwo,zelda,fair,implemented,untested,True,common-aerial,,[]
1392,mewtwo,zelda,bair,implemented,untested,True,common-aerial,,[]
1393,mewtwo,zelda,uair,implemented,untested,True,common-aerial,,[]
1394,mewtwo,zelda,dair,implemented,untested,True,common-aerial,,[]
1395,mewtwo,sheik,nair,implemented,untested,True,common-aerial,,[]
1396,mewtwo,sheik,fair,implemented,untested,True,common-aerial,,[]
1397,mewtwo,sheik,bair,implemented,untested,True,common-aerial,,[]
1398,mewtwo,sheik,uair,implemented,untested,True,common-aerial,,[]
1399,mewtwo,sheik,dair,implemented,untested,True,common-aerial,,[]
1400,mewtwo,falco,nair,implemented,untested,True,common-aerial,,[]
1401,mewtwo,falco,fair,implemented,untested,True,common-aerial,,[]
1402,mewtwo,falco,bair,implemented,untested,True,common-aerial,,[]
1403,mewtwo,falco,uair,implemented,untested,True,common-aerial,,[]
1404,mewtwo,falco,dair,implemented,untested,True,common-aerial,,[]
1405,mewtwo,young_link,nair,implemented,untested,True,common-aerial,,[]
1406,mewtwo,young_link,fair,implemented,untested,True,common-aerial,,[]
1407,mewtwo,young_link,bair,implemented,untested,True,common-aerial,,[]
1408,mewtwo,young_link,uair,implemented,untested,True,common-aerial,,[]
1409,mewtwo,young_link,dair,implemented,untested,True,link-down-bounce,,[]
1410,mewtwo,dr_mario,nair,implemented,untested,True,common-aerial,,[]
1411,mewtwo,dr_mario,fair,implemented,untested,True,common-aerial,,[]
1412,mewtwo,dr_mario,bair,implemented,untested,True,common-aerial,,[]
1413,mewtwo,dr_mario,uair,implemented,untested,True,common-aerial,,[]
1414,mewtwo,dr_mario,dair,implemented,runtime-tested,True,common-aerial,,"[{""status"":""runtime-tested"",""profile"":""debug"",""lifecycle"":true,""stress"":true,""native_jab"":false,""adapter_assertion"":false,""backend"":""profile-default"",""dol_sha1"":""81533ece59d729a3aef5495e6185c60b616e27b3"",""evidence"":""docs/evidence/aerials/current/aerials-debug-stress-0-130.json"",""log_sha256"":""49529f3c79e4d63320368cef9d60b49620a7ac6fd09d26c7e7aec9afcdfd6dca""},{""status"":""runtime-tested"",""profile"":""release"",""lifecycle"":true,""stress"":true,""native_jab"":true,""adapter_assertion"":false,""backend"":""profile-default"",""dol_sha1"":""36c24894da8b0649624bd1277c126c7533e46b54"",""evidence"":""docs/evidence/aerials/current/aerials-release-stress-0-130.json"",""log_sha256"":""fbc9a3bcc32b3f6ab77bd81ee710a8f2fa5e8c5773149e6da91736b32a1de458""}]"
1415,mewtwo,roy,nair,implemented,untested,True,common-aerial,,[]
1416,mewtwo,roy,fair,implemented,untested,True,common-aerial,,[]
1417,mewtwo,roy,bair,implemented,untested,True,common-aerial,,[]
1418,mewtwo,roy,uair,implemented,untested,True,common-aerial,,[]
1419,mewtwo,roy,dair,implemented,untested,True,common-aerial,,[]
1420,mewtwo,pichu,nair,implemented,untested,True,common-aerial,,[]
1421,mewtwo,pichu,fair,implemented,untested,True,common-aerial,,[]
1422,mewtwo,pichu,bair,implemented,untested,True,common-aerial,,[]
1423,mewtwo,pichu,uair,implemented,untested,True,common-aerial,,[]
1424,mewtwo,pichu,dair,implemented,untested,True,common-aerial,,[]
1425,mewtwo,ganondorf,nair,implemented,untested,True,common-aerial,,[]
1426,mewtwo,ganondorf,fair,implemented,untested,True,common-aerial,,[]
1427,mewtwo,ganondorf,bair,implemented,untested,True,common-aerial,,[]
1428,mewtwo,ganondorf,uair,implemented,untested,True,common-aerial,,[]
1429,mewtwo,ganondorf,dair,implemented,untested,True,common-aerial,,[]
1430,ness,captain_falcon,nair,implemented,untested,True,common-aerial,,[]
1431,ness,captain_falcon,fair,implemented,untested,True,common-aerial,,[]
1432,ness,captain_falcon,bair,implemented,untested,True,common-aerial,,[]
1433,ness,captain_falcon,uair,implemented,untested,True,common-aerial,,[]
1434,ness,captain_falcon,dair,implemented,untested,True,common-aerial,,[]
1435,ness,donkey_kong,nair,implemented,untested,True,common-aerial,,[]
1436,ness,donkey_kong,fair,implemented,untested,True,common-aerial,,[]
1437,ness,donkey_kong,bair,implemented,untested,True,common-aerial,,[]
1438,ness,donkey_kong,uair,implemented,untested,True,common-aerial,,[]
1439,ness,donkey_kong,dair,implemented,untested,True,common-aerial,,[]
1440,ness,fox,nair,implemented,untested,True,common-aerial,,[]
1441,ness,fox,fair,implemented,runtime-tested,True,common-aerial,,"[{""status"":""runtime-tested"",""profile"":""debug"",""lifecycle"":true,""stress"":true,""native_jab"":false,""adapter_assertion"":false,""backend"":""profile-default"",""dol_sha1"":""81533ece59d729a3aef5495e6185c60b616e27b3"",""evidence"":""docs/evidence/aerials/current/aerials-debug-stress-0-130.json"",""log_sha256"":""49529f3c79e4d63320368cef9d60b49620a7ac6fd09d26c7e7aec9afcdfd6dca""},{""status"":""runtime-tested"",""profile"":""release"",""lifecycle"":true,""stress"":true,""native_jab"":true,""adapter_assertion"":false,""backend"":""profile-default"",""dol_sha1"":""36c24894da8b0649624bd1277c126c7533e46b54"",""evidence"":""docs/evidence/aerials/current/aerials-release-stress-0-130.json"",""log_sha256"":""fbc9a3bcc32b3f6ab77bd81ee710a8f2fa5e8c5773149e6da91736b32a1de458""}]"
1442,ness,fox,bair,implemented,untested,True,common-aerial,,[]
1443,ness,fox,uair,implemented,untested,True,common-aerial,,[]
1444,ness,fox,dair,implemented,untested,True,common-aerial,,[]
1445,ness,game_and_watch,nair,implemented,untested,True,gamewatch-articles,,[]
1446,ness,game_and_watch,fair,implemented,untested,True,common-aerial,,[]
1447,ness,game_and_watch,bair,implemented,untested,True,gamewatch-articles,,[]
1448,ness,game_and_watch,uair,implemented,untested,True,gamewatch-articles,,[]
1449,ness,game_and_watch,dair,implemented,untested,True,common-aerial,,[]
1450,ness,kirby,nair,implemented,untested,True,common-aerial,,[]
1451,ness,kirby,fair,implemented,untested,True,common-aerial,,[]
1452,ness,kirby,bair,implemented,untested,True,common-aerial,,[]
1453,ness,kirby,uair,implemented,untested,True,common-aerial,,[]
1454,ness,kirby,dair,implemented,untested,True,common-aerial,,[]
1455,ness,bowser,nair,implemented,untested,True,common-aerial,,[]
1456,ness,bowser,fair,implemented,untested,True,common-aerial,,[]
1457,ness,bowser,bair,implemented,untested,True,common-aerial,,[]
1458,ness,bowser,uair,implemented,untested,True,common-aerial,,[]
1459,ness,bowser,dair,implemented,untested,True,common-aerial,,[]
1460,ness,link,nair,implemented,untested,True,common-aerial,,[]
1461,ness,link,fair,implemented,untested,True,common-aerial,,[]
1462,ness,link,bair,implemented,untested,True,common-aerial,,[]
1463,ness,link,uair,implemented,untested,True,common-aerial,,[]
1464,ness,link,dair,implemented,untested,True,link-down-bounce,,[]
1465,ness,luigi,nair,implemented,untested,True,common-aerial,,[]
1466,ness,luigi,fair,implemented,untested,True,common-aerial,,[]
1467,ness,luigi,bair,implemented,runtime-tested,True,common-aerial,,"[{""status"":""runtime-tested"",""profile"":""debug"",""lifecycle"":true,""stress"":true,""native_jab"":false,""adapter_assertion"":false,""backend"":""profile-default"",""dol_sha1"":""81533ece59d729a3aef5495e6185c60b616e27b3"",""evidence"":""docs/evidence/aerials/current/aerials-debug-stress-0-130.json"",""log_sha256"":""49529f3c79e4d63320368cef9d60b49620a7ac6fd09d26c7e7aec9afcdfd6dca""},{""status"":""runtime-tested"",""profile"":""release"",""lifecycle"":true,""stress"":true,""native_jab"":true,""adapter_assertion"":false,""backend"":""profile-default"",""dol_sha1"":""36c24894da8b0649624bd1277c126c7533e46b54"",""evidence"":""docs/evidence/aerials/current/aerials-release-stress-0-130.json"",""log_sha256"":""fbc9a3bcc32b3f6ab77bd81ee710a8f2fa5e8c5773149e6da91736b32a1de458""}]"
1468,ness,luigi,uair,implemented,untested,True,common-aerial,,[]
1469,ness,luigi,dair,implemented,untested,True,common-aerial,,[]
1470,ness,mario,nair,implemented,untested,True,common-aerial,,[]
1471,ness,mario,fair,implemented,untested,True,common-aerial,,[]
1472,ness,mario,bair,implemented,untested,True,common-aerial,,[]
1473,ness,mario,uair,implemented,untested,True,common-aerial,,[]
1474,ness,mario,dair,implemented,untested,True,common-aerial,,[]
1475,ness,marth,nair,implemented,untested,True,common-aerial,,[]
1476,ness,marth,fair,implemented,untested,True,common-aerial,,[]
1477,ness,marth,bair,implemented,untested,True,common-aerial,,[]
1478,ness,marth,uair,implemented,untested,True,common-aerial,,[]
1479,ness,marth,dair,implemented,untested,True,common-aerial,,[]
1480,ness,mewtwo,nair,implemented,untested,True,common-aerial,,[]
1481,ness,mewtwo,fair,implemented,untested,True,common-aerial,,[]
1482,ness,mewtwo,bair,implemented,untested,True,common-aerial,,[]
1483,ness,mewtwo,uair,implemented,untested,True,common-aerial,,[]
1484,ness,mewtwo,dair,implemented,untested,True,common-aerial,,[]
1485,ness,ness,nair,implemented,untested,False,common-aerial,Identical donor: keep the native slot,[]
1486,ness,ness,fair,implemented,untested,False,common-aerial,Identical donor: keep the native slot,[]
1487,ness,ness,bair,implemented,untested,False,common-aerial,Identical donor: keep the native slot,[]
1488,ness,ness,uair,implemented,untested,False,common-aerial,Identical donor: keep the native slot,[]
1489,ness,ness,dair,implemented,untested,False,common-aerial,Identical donor: keep the native slot,[]
1490,ness,peach,nair,implemented,untested,True,common-aerial,,[]
1491,ness,peach,fair,implemented,untested,True,common-aerial,,[]
1492,ness,peach,bair,implemented,untested,True,common-aerial,,[]
1493,ness,peach,uair,implemented,runtime-tested,True,common-aerial,,"[{""status"":""runtime-tested"",""profile"":""debug"",""lifecycle"":true,""stress"":true,""native_jab"":false,""adapter_assertion"":false,""backend"":""profile-default"",""dol_sha1"":""81533ece59d729a3aef5495e6185c60b616e27b3"",""evidence"":""docs/evidence/aerials/current/aerials-debug-stress-0-130.json"",""log_sha256"":""49529f3c79e4d63320368cef9d60b49620a7ac6fd09d26c7e7aec9afcdfd6dca""},{""status"":""runtime-tested"",""profile"":""release"",""lifecycle"":true,""stress"":true,""native_jab"":true,""adapter_assertion"":false,""backend"":""profile-default"",""dol_sha1"":""36c24894da8b0649624bd1277c126c7533e46b54"",""evidence"":""docs/evidence/aerials/current/aerials-release-stress-0-130.json"",""log_sha256"":""fbc9a3bcc32b3f6ab77bd81ee710a8f2fa5e8c5773149e6da91736b32a1de458""}]"
1494,ness,peach,dair,implemented,untested,True,common-aerial,,[]
1495,ness,pikachu,nair,implemented,untested,True,common-aerial,,[]
1496,ness,pikachu,fair,implemented,untested,True,common-aerial,,[]
1497,ness,pikachu,bair,implemented,untested,True,common-aerial,,[]
1498,ness,pikachu,uair,implemented,untested,True,common-aerial,,[]
1499,ness,pikachu,dair,implemented,untested,True,common-aerial,,[]
1500,ness,ice_climbers,nair,implemented,untested,True,common-aerial,,[]
1501,ness,ice_climbers,fair,implemented,untested,True,common-aerial,,[]
1502,ness,ice_climbers,bair,implemented,untested,True,common-aerial,,[]
1503,ness,ice_climbers,uair,implemented,untested,True,common-aerial,,[]
1504,ness,ice_climbers,dair,implemented,untested,True,common-aerial,,[]
1505,ness,jigglypuff,nair,implemented,untested,True,common-aerial,,[]
1506,ness,jigglypuff,fair,implemented,untested,True,common-aerial,,[]
1507,ness,jigglypuff,bair,implemented,untested,True,common-aerial,,[]
1508,ness,jigglypuff,uair,implemented,untested,True,common-aerial,,[]
1509,ness,jigglypuff,dair,implemented,untested,True,common-aerial,,[]
1510,ness,samus,nair,implemented,untested,True,common-aerial,,[]
1511,ness,samus,fair,implemented,untested,True,common-aerial,,[]
1512,ness,samus,bair,implemented,untested,True,common-aerial,,[]
1513,ness,samus,uair,implemented,untested,True,common-aerial,,[]
1514,ness,samus,dair,implemented,untested,True,common-aerial,,[]
1515,ness,yoshi,nair,implemented,untested,True,common-aerial,,[]
1516,ness,yoshi,fair,implemented,untested,True,common-aerial,,[]
1517,ness,yoshi,bair,implemented,untested,True,common-aerial,,[]
1518,ness,yoshi,uair,implemented,untested,True,common-aerial,,[]
1519,ness,yoshi,dair,implemented,runtime-tested,True,common-aerial,,"[{""status"":""runtime-tested"",""profile"":""debug"",""lifecycle"":true,""stress"":true,""native_jab"":false,""adapter_assertion"":false,""backend"":""profile-default"",""dol_sha1"":""81533ece59d729a3aef5495e6185c60b616e27b3"",""evidence"":""docs/evidence/aerials/current/aerials-debug-stress-0-130.json"",""log_sha256"":""49529f3c79e4d63320368cef9d60b49620a7ac6fd09d26c7e7aec9afcdfd6dca""},{""status"":""runtime-tested"",""profile"":""release"",""lifecycle"":true,""stress"":true,""native_jab"":true,""adapter_assertion"":false,""backend"":""profile-default"",""dol_sha1"":""36c24894da8b0649624bd1277c126c7533e46b54"",""evidence"":""docs/evidence/aerials/current/aerials-release-stress-0-130.json"",""log_sha256"":""fbc9a3bcc32b3f6ab77bd81ee710a8f2fa5e8c5773149e6da91736b32a1de458""}]"
1520,ness,zelda,nair,implemented,untested,True,common-aerial,,[]
1521,ness,zelda,fair,implemented,untested,True,common-aerial,,[]
1522,ness,zelda,bair,implemented,untested,True,common-aerial,,[]
1523,ness,zelda,uair,implemented,untested,True,common-aerial,,[]
1524,ness,zelda,dair,implemented,untested,True,common-aerial,,[]
1525,ness,sheik,nair,implemented,untested,True,common-aerial,,[]
1526,ness,sheik,fair,implemented,untested,True,common-aerial,,[]
1527,ness,sheik,bair,implemented,untested,True,common-aerial,,[]
1528,ness,sheik,uair,implemented,untested,True,common-aerial,,[]
1529,ness,sheik,dair,implemented,untested,True,common-aerial,,[]
1530,ness,falco,nair,implemented,untested,True,common-aerial,,[]
1531,ness,falco,fair,implemented,untested,True,common-aerial,,[]
1532,ness,falco,bair,implemented,untested,True,common-aerial,,[]
1533,ness,falco,uair,implemented,untested,True,common-aerial,,[]
1534,ness,falco,dair,implemented,untested,True,common-aerial,,[]
1535,ness,young_link,nair,implemented,untested,True,common-aerial,,[]
1536,ness,young_link,fair,implemented,untested,True,common-aerial,,[]
1537,ness,young_link,bair,implemented,untested,True,common-aerial,,[]
1538,ness,young_link,uair,implemented,untested,True,common-aerial,,[]
1539,ness,young_link,dair,implemented,untested,True,link-down-bounce,,[]
1540,ness,dr_mario,nair,implemented,untested,True,common-aerial,,[]
1541,ness,dr_mario,fair,implemented,untested,True,common-aerial,,[]
1542,ness,dr_mario,bair,implemented,untested,True,common-aerial,,[]
1543,ness,dr_mario,uair,implemented,untested,True,common-aerial,,[]
1544,ness,dr_mario,dair,implemented,untested,True,common-aerial,,[]
1545,ness,roy,nair,implemented,runtime-tested,True,common-aerial,,"[{""status"":""runtime-tested"",""profile"":""debug"",""lifecycle"":true,""stress"":true,""native_jab"":false,""adapter_assertion"":false,""backend"":""profile-default"",""dol_sha1"":""81533ece59d729a3aef5495e6185c60b616e27b3"",""evidence"":""docs/evidence/aerials/current/aerials-debug-stress-0-130.json"",""log_sha256"":""49529f3c79e4d63320368cef9d60b49620a7ac6fd09d26c7e7aec9afcdfd6dca""},{""status"":""runtime-tested"",""profile"":""release"",""lifecycle"":true,""stress"":true,""native_jab"":true,""adapter_assertion"":false,""backend"":""profile-default"",""dol_sha1"":""36c24894da8b0649624bd1277c126c7533e46b54"",""evidence"":""docs/evidence/aerials/current/aerials-release-stress-0-130.json"",""log_sha256"":""fbc9a3bcc32b3f6ab77bd81ee710a8f2fa5e8c5773149e6da91736b32a1de458""}]"
1546,ness,roy,fair,implemented,untested,True,common-aerial,,[]
1547,ness,roy,bair,implemented,untested,True,common-aerial,,[]
1548,ness,roy,uair,implemented,untested,True,common-aerial,,[]
1549,ness,roy,dair,implemented,untested,True,common-aerial,,[]
1550,ness,pichu,nair,implemented,untested,True,common-aerial,,[]
1551,ness,pichu,fair,implemented,untested,True,common-aerial,,[]
1552,ness,pichu,bair,implemented,untested,True,common-aerial,,[]
1553,ness,pichu,uair,implemented,untested,True,common-aerial,,[]
1554,ness,pichu,dair,implemented,untested,True,common-aerial,,[]
1555,ness,ganondorf,nair,implemented,untested,True,common-aerial,,[]
1556,ness,ganondorf,fair,implemented,untested,True,common-aerial,,[]
1557,ness,ganondorf,bair,implemented,untested,True,common-aerial,,[]
1558,ness,ganondorf,uair,implemented,untested,True,common-aerial,,[]
1559,ness,ganondorf,dair,implemented,untested,True,common-aerial,,[]
1560,peach,captain_falcon,nair,implemented,untested,True,common-aerial,,[]
1561,peach,captain_falcon,fair,implemented,untested,True,common-aerial,,[]
1562,peach,captain_falcon,bair,implemented,untested,True,common-aerial,,[]
1563,peach,captain_falcon,uair,implemented,untested,True,common-aerial,,[]
1564,peach,captain_falcon,dair,implemented,untested,True,common-aerial,,[]
1565,peach,donkey_kong,nair,implemented,untested,True,common-aerial,,[]
1566,peach,donkey_kong,fair,implemented,untested,True,common-aerial,,[]
1567,peach,donkey_kong,bair,implemented,untested,True,common-aerial,,[]
1568,peach,donkey_kong,uair,implemented,untested,True,common-aerial,,[]
1569,peach,donkey_kong,dair,implemented,untested,True,common-aerial,,[]
1570,peach,fox,nair,implemented,untested,True,common-aerial,,[]
1571,peach,fox,fair,implemented,untested,True,common-aerial,,[]
1572,peach,fox,bair,implemented,runtime-tested,True,common-aerial,,"[{""status"":""runtime-tested"",""profile"":""debug"",""lifecycle"":true,""stress"":true,""native_jab"":false,""adapter_assertion"":false,""backend"":""profile-default"",""dol_sha1"":""81533ece59d729a3aef5495e6185c60b616e27b3"",""evidence"":""docs/evidence/aerials/current/aerials-debug-stress-0-130.json"",""log_sha256"":""49529f3c79e4d63320368cef9d60b49620a7ac6fd09d26c7e7aec9afcdfd6dca""},{""status"":""runtime-tested"",""profile"":""release"",""lifecycle"":true,""stress"":true,""native_jab"":true,""adapter_assertion"":false,""backend"":""profile-default"",""dol_sha1"":""36c24894da8b0649624bd1277c126c7533e46b54"",""evidence"":""docs/evidence/aerials/current/aerials-release-stress-0-130.json"",""log_sha256"":""fbc9a3bcc32b3f6ab77bd81ee710a8f2fa5e8c5773149e6da91736b32a1de458""}]"
1573,peach,fox,uair,implemented,untested,True,common-aerial,,[]
1574,peach,fox,dair,implemented,untested,True,common-aerial,,[]
1575,peach,game_and_watch,nair,implemented,untested,True,gamewatch-articles,,[]
1576,peach,game_and_watch,fair,implemented,untested,True,common-aerial,,[]
1577,peach,game_and_watch,bair,implemented,untested,True,gamewatch-articles,,[]
1578,peach,game_and_watch,uair,implemented,untested,True,gamewatch-articles,,[]
1579,peach,game_and_watch,dair,implemented,untested,True,common-aerial,,[]
1580,peach,kirby,nair,implemented,untested,True,common-aerial,,[]
1581,peach,kirby,fair,implemented,untested,True,common-aerial,,[]
1582,peach,kirby,bair,implemented,untested,True,common-aerial,,[]
1583,peach,kirby,uair,implemented,untested,True,common-aerial,,[]
1584,peach,kirby,dair,implemented,untested,True,common-aerial,,[]
1585,peach,bowser,nair,implemented,untested,True,common-aerial,,[]
1586,peach,bowser,fair,implemented,untested,True,common-aerial,,[]
1587,peach,bowser,bair,implemented,untested,True,common-aerial,,[]
1588,peach,bowser,uair,implemented,untested,True,common-aerial,,[]
1589,peach,bowser,dair,implemented,untested,True,common-aerial,,[]
1590,peach,link,nair,implemented,untested,True,common-aerial,,[]
1591,peach,link,fair,implemented,untested,True,common-aerial,,[]
1592,peach,link,bair,implemented,untested,True,common-aerial,,[]
1593,peach,link,uair,implemented,untested,True,common-aerial,,[]
1594,peach,link,dair,implemented,untested,True,link-down-bounce,,[]
1595,peach,luigi,nair,implemented,untested,True,common-aerial,,[]
1596,peach,luigi,fair,implemented,untested,True,common-aerial,,[]
1597,peach,luigi,bair,implemented,untested,True,common-aerial,,[]
1598,peach,luigi,uair,implemented,runtime-tested,True,common-aerial,,"[{""status"":""runtime-tested"",""profile"":""debug"",""lifecycle"":true,""stress"":true,""native_jab"":false,""adapter_assertion"":false,""backend"":""profile-default"",""dol_sha1"":""81533ece59d729a3aef5495e6185c60b616e27b3"",""evidence"":""docs/evidence/aerials/current/aerials-debug-stress-0-130.json"",""log_sha256"":""49529f3c79e4d63320368cef9d60b49620a7ac6fd09d26c7e7aec9afcdfd6dca""},{""status"":""runtime-tested"",""profile"":""release"",""lifecycle"":true,""stress"":true,""native_jab"":true,""adapter_assertion"":false,""backend"":""profile-default"",""dol_sha1"":""36c24894da8b0649624bd1277c126c7533e46b54"",""evidence"":""docs/evidence/aerials/current/aerials-release-stress-0-130.json"",""log_sha256"":""fbc9a3bcc32b3f6ab77bd81ee710a8f2fa5e8c5773149e6da91736b32a1de458""}]"
1599,peach,luigi,dair,implemented,untested,True,common-aerial,,[]
1600,peach,mario,nair,implemented,untested,True,common-aerial,,[]
1601,peach,mario,fair,implemented,untested,True,common-aerial,,[]
1602,peach,mario,bair,implemented,untested,True,common-aerial,,[]
1603,peach,mario,uair,implemented,untested,True,common-aerial,,[]
1604,peach,mario,dair,implemented,untested,True,common-aerial,,[]
1605,peach,marth,nair,implemented,untested,True,common-aerial,,[]
1606,peach,marth,fair,implemented,untested,True,common-aerial,,[]
1607,peach,marth,bair,implemented,untested,True,common-aerial,,[]
1608,peach,marth,uair,implemented,untested,True,common-aerial,,[]
1609,peach,marth,dair,implemented,untested,True,common-aerial,,[]
1610,peach,mewtwo,nair,implemented,untested,True,common-aerial,,[]
1611,peach,mewtwo,fair,implemented,untested,True,common-aerial,,[]
1612,peach,mewtwo,bair,implemented,untested,True,common-aerial,,[]
1613,peach,mewtwo,uair,implemented,untested,True,common-aerial,,[]
1614,peach,mewtwo,dair,implemented,untested,True,common-aerial,,[]
1615,peach,ness,nair,implemented,untested,True,common-aerial,,[]
1616,peach,ness,fair,implemented,untested,True,common-aerial,,[]
1617,peach,ness,bair,implemented,untested,True,common-aerial,,[]
1618,peach,ness,uair,implemented,untested,True,common-aerial,,[]
1619,peach,ness,dair,implemented,untested,True,common-aerial,,[]
1620,peach,peach,nair,implemented,untested,False,common-aerial,Identical donor: keep the native slot,[]
1621,peach,peach,fair,implemented,untested,False,common-aerial,Identical donor: keep the native slot,[]
1622,peach,peach,bair,implemented,untested,False,common-aerial,Identical donor: keep the native slot,[]
1623,peach,peach,uair,implemented,untested,False,common-aerial,Identical donor: keep the native slot,[]
1624,peach,peach,dair,implemented,runtime-tested,False,common-aerial,Identical donor: keep the native slot,"[{""status"":""runtime-tested"",""profile"":""debug"",""lifecycle"":true,""stress"":true,""native_jab"":false,""adapter_assertion"":false,""backend"":""profile-default"",""dol_sha1"":""81533ece59d729a3aef5495e6185c60b616e27b3"",""evidence"":""docs/evidence/aerials/current/aerials-debug-stress-0-130.json"",""log_sha256"":""49529f3c79e4d63320368cef9d60b49620a7ac6fd09d26c7e7aec9afcdfd6dca""},{""status"":""runtime-tested"",""profile"":""release"",""lifecycle"":true,""stress"":true,""native_jab"":true,""adapter_assertion"":false,""backend"":""profile-default"",""dol_sha1"":""36c24894da8b0649624bd1277c126c7533e46b54"",""evidence"":""docs/evidence/aerials/current/aerials-release-stress-0-130.json"",""log_sha256"":""fbc9a3bcc32b3f6ab77bd81ee710a8f2fa5e8c5773149e6da91736b32a1de458""}]"
1625,peach,pikachu,nair,implemented,untested,True,common-aerial,,[]
1626,peach,pikachu,fair,implemented,untested,True,common-aerial,,[]
1627,peach,pikachu,bair,implemented,untested,True,common-aerial,,[]
1628,peach,pikachu,uair,implemented,untested,True,common-aerial,,[]
1629,peach,pikachu,dair,implemented,untested,True,common-aerial,,[]
1630,peach,ice_climbers,nair,implemented,untested,True,common-aerial,,[]
1631,peach,ice_climbers,fair,implemented,untested,True,common-aerial,,[]
1632,peach,ice_climbers,bair,implemented,untested,True,common-aerial,,[]
1633,peach,ice_climbers,uair,implemented,untested,True,common-aerial,,[]
1634,peach,ice_climbers,dair,implemented,untested,True,common-aerial,,[]
1635,peach,jigglypuff,nair,implemented,untested,True,common-aerial,,[]
1636,peach,jigglypuff,fair,implemented,untested,True,common-aerial,,[]
1637,peach,jigglypuff,bair,implemented,untested,True,common-aerial,,[]
1638,peach,jigglypuff,uair,implemented,untested,True,common-aerial,,[]
1639,peach,jigglypuff,dair,implemented,untested,True,common-aerial,,[]
1640,peach,samus,nair,implemented,untested,True,common-aerial,,[]
1641,peach,samus,fair,implemented,untested,True,common-aerial,,[]
1642,peach,samus,bair,implemented,untested,True,common-aerial,,[]
1643,peach,samus,uair,implemented,untested,True,common-aerial,,[]
1644,peach,samus,dair,implemented,untested,True,common-aerial,,[]
1645,peach,yoshi,nair,implemented,untested,True,common-aerial,,[]
1646,peach,yoshi,fair,implemented,untested,True,common-aerial,,[]
1647,peach,yoshi,bair,implemented,untested,True,common-aerial,,[]
1648,peach,yoshi,uair,implemented,untested,True,common-aerial,,[]
1649,peach,yoshi,dair,implemented,untested,True,common-aerial,,[]
1650,peach,zelda,nair,implemented,runtime-tested,True,common-aerial,,"[{""status"":""runtime-tested"",""profile"":""debug"",""lifecycle"":true,""stress"":true,""native_jab"":false,""adapter_assertion"":false,""backend"":""profile-default"",""dol_sha1"":""81533ece59d729a3aef5495e6185c60b616e27b3"",""evidence"":""docs/evidence/aerials/current/aerials-debug-stress-0-130.json"",""log_sha256"":""49529f3c79e4d63320368cef9d60b49620a7ac6fd09d26c7e7aec9afcdfd6dca""},{""status"":""runtime-tested"",""profile"":""release"",""lifecycle"":true,""stress"":true,""native_jab"":true,""adapter_assertion"":false,""backend"":""profile-default"",""dol_sha1"":""36c24894da8b0649624bd1277c126c7533e46b54"",""evidence"":""docs/evidence/aerials/current/aerials-release-stress-0-130.json"",""log_sha256"":""fbc9a3bcc32b3f6ab77bd81ee710a8f2fa5e8c5773149e6da91736b32a1de458""}]"
1651,peach,zelda,fair,implemented,untested,True,common-aerial,,[]
1652,peach,zelda,bair,implemented,untested,True,common-aerial,,[]
1653,peach,zelda,uair,implemented,untested,True,common-aerial,,[]
1654,peach,zelda,dair,implemented,untested,True,common-aerial,,[]
1655,peach,sheik,nair,implemented,untested,True,common-aerial,,[]
1656,peach,sheik,fair,implemented,untested,True,common-aerial,,[]
1657,peach,sheik,bair,implemented,untested,True,common-aerial,,[]
1658,peach,sheik,uair,implemented,untested,True,common-aerial,,[]
1659,peach,sheik,dair,implemented,untested,True,common-aerial,,[]
1660,peach,falco,nair,implemented,untested,True,common-aerial,,[]
1661,peach,falco,fair,implemented,untested,True,common-aerial,,[]
1662,peach,falco,bair,implemented,untested,True,common-aerial,,[]
1663,peach,falco,uair,implemented,untested,True,common-aerial,,[]
1664,peach,falco,dair,implemented,untested,True,common-aerial,,[]
1665,peach,young_link,nair,implemented,untested,True,common-aerial,,[]
1666,peach,young_link,fair,implemented,untested,True,common-aerial,,[]
1667,peach,young_link,bair,implemented,untested,True,common-aerial,,[]
1668,peach,young_link,uair,implemented,untested,True,common-aerial,,[]
1669,peach,young_link,dair,implemented,untested,True,link-down-bounce,,[]
1670,peach,dr_mario,nair,implemented,untested,True,common-aerial,,[]
1671,peach,dr_mario,fair,implemented,untested,True,common-aerial,,[]
1672,peach,dr_mario,bair,implemented,untested,True,common-aerial,,[]
1673,peach,dr_mario,uair,implemented,untested,True,common-aerial,,[]
1674,peach,dr_mario,dair,implemented,untested,True,common-aerial,,[]
1675,peach,roy,nair,implemented,untested,True,common-aerial,,[]
1676,peach,roy,fair,implemented,runtime-tested,True,common-aerial,,"[{""status"":""runtime-tested"",""profile"":""debug"",""lifecycle"":true,""stress"":true,""native_jab"":false,""adapter_assertion"":false,""backend"":""profile-default"",""dol_sha1"":""81533ece59d729a3aef5495e6185c60b616e27b3"",""evidence"":""docs/evidence/aerials/current/aerials-debug-stress-0-130.json"",""log_sha256"":""49529f3c79e4d63320368cef9d60b49620a7ac6fd09d26c7e7aec9afcdfd6dca""},{""status"":""runtime-tested"",""profile"":""release"",""lifecycle"":true,""stress"":true,""native_jab"":true,""adapter_assertion"":false,""backend"":""profile-default"",""dol_sha1"":""36c24894da8b0649624bd1277c126c7533e46b54"",""evidence"":""docs/evidence/aerials/current/aerials-release-stress-0-130.json"",""log_sha256"":""fbc9a3bcc32b3f6ab77bd81ee710a8f2fa5e8c5773149e6da91736b32a1de458""}]"
1677,peach,roy,bair,implemented,untested,True,common-aerial,,[]
1678,peach,roy,uair,implemented,untested,True,common-aerial,,[]
1679,peach,roy,dair,implemented,untested,True,common-aerial,,[]
1680,peach,pichu,nair,implemented,untested,True,common-aerial,,[]
1681,peach,pichu,fair,implemented,untested,True,common-aerial,,[]
1682,peach,pichu,bair,implemented,untested,True,common-aerial,,[]
1683,peach,pichu,uair,implemented,untested,True,common-aerial,,[]
1684,peach,pichu,dair,implemented,untested,True,common-aerial,,[]
1685,peach,ganondorf,nair,implemented,untested,True,common-aerial,,[]
1686,peach,ganondorf,fair,implemented,untested,True,common-aerial,,[]
1687,peach,ganondorf,bair,implemented,untested,True,common-aerial,,[]
1688,peach,ganondorf,uair,implemented,untested,True,common-aerial,,[]
1689,peach,ganondorf,dair,implemented,untested,True,common-aerial,,[]
1690,pikachu,captain_falcon,nair,implemented,untested,True,common-aerial,,[]
1691,pikachu,captain_falcon,fair,implemented,untested,True,common-aerial,,[]
1692,pikachu,captain_falcon,bair,implemented,untested,True,common-aerial,,[]
1693,pikachu,captain_falcon,uair,implemented,untested,True,common-aerial,,[]
1694,pikachu,captain_falcon,dair,implemented,untested,True,common-aerial,,[]
1695,pikachu,donkey_kong,nair,implemented,untested,True,common-aerial,,[]
1696,pikachu,donkey_kong,fair,implemented,untested,True,common-aerial,,[]
1697,pikachu,donkey_kong,bair,implemented,untested,True,common-aerial,,[]
1698,pikachu,donkey_kong,uair,implemented,untested,True,common-aerial,,[]
1699,pikachu,donkey_kong,dair,implemented,untested,True,common-aerial,,[]
1700,pikachu,fox,nair,implemented,untested,True,common-aerial,,[]
1701,pikachu,fox,fair,implemented,untested,True,common-aerial,,[]
1702,pikachu,fox,bair,implemented,untested,True,common-aerial,,[]
1703,pikachu,fox,uair,implemented,runtime-tested,True,common-aerial,,"[{""status"":""runtime-tested"",""profile"":""debug"",""lifecycle"":true,""stress"":true,""native_jab"":false,""adapter_assertion"":false,""backend"":""profile-default"",""dol_sha1"":""81533ece59d729a3aef5495e6185c60b616e27b3"",""evidence"":""docs/evidence/aerials/current/aerials-debug-stress-0-130.json"",""log_sha256"":""49529f3c79e4d63320368cef9d60b49620a7ac6fd09d26c7e7aec9afcdfd6dca""},{""status"":""runtime-tested"",""profile"":""release"",""lifecycle"":true,""stress"":true,""native_jab"":true,""adapter_assertion"":false,""backend"":""profile-default"",""dol_sha1"":""36c24894da8b0649624bd1277c126c7533e46b54"",""evidence"":""docs/evidence/aerials/current/aerials-release-stress-0-130.json"",""log_sha256"":""fbc9a3bcc32b3f6ab77bd81ee710a8f2fa5e8c5773149e6da91736b32a1de458""}]"
1704,pikachu,fox,dair,implemented,untested,True,common-aerial,,[]
1705,pikachu,game_and_watch,nair,implemented,untested,True,gamewatch-articles,,[]
1706,pikachu,game_and_watch,fair,implemented,untested,True,common-aerial,,[]
1707,pikachu,game_and_watch,bair,implemented,untested,True,gamewatch-articles,,[]
1708,pikachu,game_and_watch,uair,implemented,untested,True,gamewatch-articles,,[]
1709,pikachu,game_and_watch,dair,implemented,untested,True,common-aerial,,[]
1710,pikachu,kirby,nair,implemented,untested,True,common-aerial,,[]
1711,pikachu,kirby,fair,implemented,untested,True,common-aerial,,[]
1712,pikachu,kirby,bair,implemented,untested,True,common-aerial,,[]
1713,pikachu,kirby,uair,implemented,untested,True,common-aerial,,[]
1714,pikachu,kirby,dair,implemented,untested,True,common-aerial,,[]
1715,pikachu,bowser,nair,implemented,untested,True,common-aerial,,[]
1716,pikachu,bowser,fair,implemented,untested,True,common-aerial,,[]
1717,pikachu,bowser,bair,implemented,untested,True,common-aerial,,[]
1718,pikachu,bowser,uair,implemented,untested,True,common-aerial,,[]
1719,pikachu,bowser,dair,implemented,untested,True,common-aerial,,[]
1720,pikachu,link,nair,implemented,untested,True,common-aerial,,[]
1721,pikachu,link,fair,implemented,untested,True,common-aerial,,[]
1722,pikachu,link,bair,implemented,untested,True,common-aerial,,[]
1723,pikachu,link,uair,implemented,untested,True,common-aerial,,[]
1724,pikachu,link,dair,implemented,untested,True,link-down-bounce,,[]
1725,pikachu,luigi,nair,implemented,untested,True,common-aerial,,[]
1726,pikachu,luigi,fair,implemented,untested,True,common-aerial,,[]
1727,pikachu,luigi,bair,implemented,untested,True,common-aerial,,[]
1728,pikachu,luigi,uair,implemented,untested,True,common-aerial,,[]
1729,pikachu,luigi,dair,implemented,runtime-tested,True,common-aerial,,"[{""status"":""runtime-tested"",""profile"":""debug"",""lifecycle"":true,""stress"":true,""native_jab"":false,""adapter_assertion"":false,""backend"":""profile-default"",""dol_sha1"":""81533ece59d729a3aef5495e6185c60b616e27b3"",""evidence"":""docs/evidence/aerials/current/aerials-debug-stress-0-130.json"",""log_sha256"":""49529f3c79e4d63320368cef9d60b49620a7ac6fd09d26c7e7aec9afcdfd6dca""},{""status"":""runtime-tested"",""profile"":""release"",""lifecycle"":true,""stress"":true,""native_jab"":true,""adapter_assertion"":false,""backend"":""profile-default"",""dol_sha1"":""36c24894da8b0649624bd1277c126c7533e46b54"",""evidence"":""docs/evidence/aerials/current/aerials-release-stress-0-130.json"",""log_sha256"":""fbc9a3bcc32b3f6ab77bd81ee710a8f2fa5e8c5773149e6da91736b32a1de458""}]"
1730,pikachu,mario,nair,implemented,untested,True,common-aerial,,[]
1731,pikachu,mario,fair,implemented,untested,True,common-aerial,,[]
1732,pikachu,mario,bair,implemented,untested,True,common-aerial,,[]
1733,pikachu,mario,uair,implemented,untested,True,common-aerial,,[]
1734,pikachu,mario,dair,implemented,untested,True,common-aerial,,[]
1735,pikachu,marth,nair,implemented,untested,True,common-aerial,,[]
1736,pikachu,marth,fair,implemented,untested,True,common-aerial,,[]
1737,pikachu,marth,bair,implemented,untested,True,common-aerial,,[]
1738,pikachu,marth,uair,implemented,untested,True,common-aerial,,[]
1739,pikachu,marth,dair,implemented,untested,True,common-aerial,,[]
1740,pikachu,mewtwo,nair,implemented,untested,True,common-aerial,,[]
1741,pikachu,mewtwo,fair,implemented,untested,True,common-aerial,,[]
1742,pikachu,mewtwo,bair,implemented,untested,True,common-aerial,,[]
1743,pikachu,mewtwo,uair,implemented,untested,True,common-aerial,,[]
1744,pikachu,mewtwo,dair,implemented,untested,True,common-aerial,,[]
1745,pikachu,ness,nair,implemented,untested,True,common-aerial,,[]
1746,pikachu,ness,fair,implemented,untested,True,common-aerial,,[]
1747,pikachu,ness,bair,implemented,untested,True,common-aerial,,[]
1748,pikachu,ness,uair,implemented,untested,True,common-aerial,,[]
1749,pikachu,ness,dair,implemented,untested,True,common-aerial,,[]
1750,pikachu,peach,nair,implemented,untested,True,common-aerial,,[]
1751,pikachu,peach,fair,implemented,untested,True,common-aerial,,[]
1752,pikachu,peach,bair,implemented,untested,True,common-aerial,,[]
1753,pikachu,peach,uair,implemented,untested,True,common-aerial,,[]
1754,pikachu,peach,dair,implemented,untested,True,common-aerial,,[]
1755,pikachu,pikachu,nair,implemented,runtime-tested,False,common-aerial,Identical donor: keep the native slot,"[{""status"":""runtime-tested"",""profile"":""debug"",""lifecycle"":true,""stress"":true,""native_jab"":false,""adapter_assertion"":false,""backend"":""profile-default"",""dol_sha1"":""81533ece59d729a3aef5495e6185c60b616e27b3"",""evidence"":""docs/evidence/aerials/current/aerials-debug-stress-0-130.json"",""log_sha256"":""49529f3c79e4d63320368cef9d60b49620a7ac6fd09d26c7e7aec9afcdfd6dca""},{""status"":""runtime-tested"",""profile"":""release"",""lifecycle"":true,""stress"":true,""native_jab"":true,""adapter_assertion"":false,""backend"":""profile-default"",""dol_sha1"":""36c24894da8b0649624bd1277c126c7533e46b54"",""evidence"":""docs/evidence/aerials/current/aerials-release-stress-0-130.json"",""log_sha256"":""fbc9a3bcc32b3f6ab77bd81ee710a8f2fa5e8c5773149e6da91736b32a1de458""}]"
1756,pikachu,pikachu,fair,implemented,untested,False,common-aerial,Identical donor: keep the native slot,[]
1757,pikachu,pikachu,bair,implemented,untested,False,common-aerial,Identical donor: keep the native slot,[]
1758,pikachu,pikachu,uair,implemented,untested,False,common-aerial,Identical donor: keep the native slot,[]
1759,pikachu,pikachu,dair,implemented,untested,False,common-aerial,Identical donor: keep the native slot,[]
1760,pikachu,ice_climbers,nair,implemented,untested,True,common-aerial,,[]
1761,pikachu,ice_climbers,fair,implemented,untested,True,common-aerial,,[]
1762,pikachu,ice_climbers,bair,implemented,untested,True,common-aerial,,[]
1763,pikachu,ice_climbers,uair,implemented,untested,True,common-aerial,,[]
1764,pikachu,ice_climbers,dair,implemented,untested,True,common-aerial,,[]
1765,pikachu,jigglypuff,nair,implemented,untested,True,common-aerial,,[]
1766,pikachu,jigglypuff,fair,implemented,untested,True,common-aerial,,[]
1767,pikachu,jigglypuff,bair,implemented,untested,True,common-aerial,,[]
1768,pikachu,jigglypuff,uair,implemented,untested,True,common-aerial,,[]
1769,pikachu,jigglypuff,dair,implemented,untested,True,common-aerial,,[]
1770,pikachu,samus,nair,implemented,untested,True,common-aerial,,[]
1771,pikachu,samus,fair,implemented,untested,True,common-aerial,,[]
1772,pikachu,samus,bair,implemented,untested,True,common-aerial,,[]
1773,pikachu,samus,uair,implemented,untested,True,common-aerial,,[]
1774,pikachu,samus,dair,implemented,untested,True,common-aerial,,[]
1775,pikachu,yoshi,nair,implemented,untested,True,common-aerial,,[]
1776,pikachu,yoshi,fair,implemented,untested,True,common-aerial,,[]
1777,pikachu,yoshi,bair,implemented,untested,True,common-aerial,,[]
1778,pikachu,yoshi,uair,implemented,untested,True,common-aerial,,[]
1779,pikachu,yoshi,dair,implemented,untested,True,common-aerial,,[]
1780,pikachu,zelda,nair,implemented,untested,True,common-aerial,,[]
1781,pikachu,zelda,fair,implemented,runtime-tested,True,common-aerial,,"[{""status"":""runtime-tested"",""profile"":""debug"",""lifecycle"":true,""stress"":true,""native_jab"":false,""adapter_assertion"":false,""backend"":""profile-default"",""dol_sha1"":""81533ece59d729a3aef5495e6185c60b616e27b3"",""evidence"":""docs/evidence/aerials/current/aerials-debug-stress-0-130.json"",""log_sha256"":""49529f3c79e4d63320368cef9d60b49620a7ac6fd09d26c7e7aec9afcdfd6dca""},{""status"":""runtime-tested"",""profile"":""release"",""lifecycle"":true,""stress"":true,""native_jab"":true,""adapter_assertion"":false,""backend"":""profile-default"",""dol_sha1"":""36c24894da8b0649624bd1277c126c7533e46b54"",""evidence"":""docs/evidence/aerials/current/aerials-release-stress-0-130.json"",""log_sha256"":""fbc9a3bcc32b3f6ab77bd81ee710a8f2fa5e8c5773149e6da91736b32a1de458""}]"
1782,pikachu,zelda,bair,implemented,untested,True,common-aerial,,[]
1783,pikachu,zelda,uair,implemented,untested,True,common-aerial,,[]
1784,pikachu,zelda,dair,implemented,untested,True,common-aerial,,[]
1785,pikachu,sheik,nair,implemented,untested,True,common-aerial,,[]
1786,pikachu,sheik,fair,implemented,untested,True,common-aerial,,[]
1787,pikachu,sheik,bair,implemented,untested,True,common-aerial,,[]
1788,pikachu,sheik,uair,implemented,untested,True,common-aerial,,[]
1789,pikachu,sheik,dair,implemented,untested,True,common-aerial,,[]
1790,pikachu,falco,nair,implemented,untested,True,common-aerial,,[]
1791,pikachu,falco,fair,implemented,untested,True,common-aerial,,[]
1792,pikachu,falco,bair,implemented,untested,True,common-aerial,,[]
1793,pikachu,falco,uair,implemented,untested,True,common-aerial,,[]
1794,pikachu,falco,dair,implemented,untested,True,common-aerial,,[]
1795,pikachu,young_link,nair,implemented,untested,True,common-aerial,,[]
1796,pikachu,young_link,fair,implemented,untested,True,common-aerial,,[]
1797,pikachu,young_link,bair,implemented,untested,True,common-aerial,,[]
1798,pikachu,young_link,uair,implemented,untested,True,common-aerial,,[]
1799,pikachu,young_link,dair,implemented,untested,True,link-down-bounce,,[]
1800,pikachu,dr_mario,nair,implemented,untested,True,common-aerial,,[]
1801,pikachu,dr_mario,fair,implemented,untested,True,common-aerial,,[]
1802,pikachu,dr_mario,bair,implemented,untested,True,common-aerial,,[]
1803,pikachu,dr_mario,uair,implemented,untested,True,common-aerial,,[]
1804,pikachu,dr_mario,dair,implemented,untested,True,common-aerial,,[]
1805,pikachu,roy,nair,implemented,untested,True,common-aerial,,[]
1806,pikachu,roy,fair,implemented,untested,True,common-aerial,,[]
1807,pikachu,roy,bair,implemented,runtime-tested,True,common-aerial,,"[{""status"":""runtime-tested"",""profile"":""debug"",""lifecycle"":true,""stress"":true,""native_jab"":false,""adapter_assertion"":false,""backend"":""profile-default"",""dol_sha1"":""81533ece59d729a3aef5495e6185c60b616e27b3"",""evidence"":""docs/evidence/aerials/current/aerials-debug-stress-0-130.json"",""log_sha256"":""49529f3c79e4d63320368cef9d60b49620a7ac6fd09d26c7e7aec9afcdfd6dca""},{""status"":""runtime-tested"",""profile"":""release"",""lifecycle"":true,""stress"":true,""native_jab"":true,""adapter_assertion"":false,""backend"":""profile-default"",""dol_sha1"":""36c24894da8b0649624bd1277c126c7533e46b54"",""evidence"":""docs/evidence/aerials/current/aerials-release-stress-0-130.json"",""log_sha256"":""fbc9a3bcc32b3f6ab77bd81ee710a8f2fa5e8c5773149e6da91736b32a1de458""}]"
1808,pikachu,roy,uair,implemented,untested,True,common-aerial,,[]
1809,pikachu,roy,dair,implemented,untested,True,common-aerial,,[]
1810,pikachu,pichu,nair,implemented,untested,True,common-aerial,,[]
1811,pikachu,pichu,fair,implemented,untested,True,common-aerial,,[]
1812,pikachu,pichu,bair,implemented,untested,True,common-aerial,,[]
1813,pikachu,pichu,uair,implemented,untested,True,common-aerial,,[]
1814,pikachu,pichu,dair,implemented,untested,True,common-aerial,,[]
1815,pikachu,ganondorf,nair,implemented,untested,True,common-aerial,,[]
1816,pikachu,ganondorf,fair,implemented,untested,True,common-aerial,,[]
1817,pikachu,ganondorf,bair,implemented,untested,True,common-aerial,,[]
1818,pikachu,ganondorf,uair,implemented,untested,True,common-aerial,,[]
1819,pikachu,ganondorf,dair,implemented,untested,True,common-aerial,,[]
1820,ice_climbers,captain_falcon,nair,implemented,untested,True,common-aerial,,[]
1821,ice_climbers,captain_falcon,fair,implemented,untested,True,common-aerial,,[]
1822,ice_climbers,captain_falcon,bair,implemented,untested,True,common-aerial,,[]
1823,ice_climbers,captain_falcon,uair,implemented,untested,True,common-aerial,,[]
1824,ice_climbers,captain_falcon,dair,implemented,untested,True,common-aerial,,[]
1825,ice_climbers,donkey_kong,nair,implemented,untested,True,common-aerial,,[]
1826,ice_climbers,donkey_kong,fair,implemented,untested,True,common-aerial,,[]
1827,ice_climbers,donkey_kong,bair,implemented,untested,True,common-aerial,,[]
1828,ice_climbers,donkey_kong,uair,implemented,untested,True,common-aerial,,[]
1829,ice_climbers,donkey_kong,dair,implemented,untested,True,common-aerial,,[]
1830,ice_climbers,fox,nair,implemented,untested,True,common-aerial,,[]
1831,ice_climbers,fox,fair,implemented,untested,True,common-aerial,,[]
1832,ice_climbers,fox,bair,implemented,untested,True,common-aerial,,[]
1833,ice_climbers,fox,uair,implemented,untested,True,common-aerial,,[]
1834,ice_climbers,fox,dair,implemented,runtime-tested,True,common-aerial,,"[{""status"":""runtime-tested"",""profile"":""debug"",""lifecycle"":true,""stress"":true,""native_jab"":false,""adapter_assertion"":false,""backend"":""profile-default"",""dol_sha1"":""81533ece59d729a3aef5495e6185c60b616e27b3"",""evidence"":""docs/evidence/aerials/current/aerials-debug-stress-0-130.json"",""log_sha256"":""49529f3c79e4d63320368cef9d60b49620a7ac6fd09d26c7e7aec9afcdfd6dca""},{""status"":""runtime-tested"",""profile"":""release"",""lifecycle"":true,""stress"":true,""native_jab"":true,""adapter_assertion"":false,""backend"":""profile-default"",""dol_sha1"":""36c24894da8b0649624bd1277c126c7533e46b54"",""evidence"":""docs/evidence/aerials/current/aerials-release-stress-0-130.json"",""log_sha256"":""fbc9a3bcc32b3f6ab77bd81ee710a8f2fa5e8c5773149e6da91736b32a1de458""}]"
1835,ice_climbers,game_and_watch,nair,implemented,untested,True,gamewatch-articles,,[]
1836,ice_climbers,game_and_watch,fair,implemented,untested,True,common-aerial,,[]
1837,ice_climbers,game_and_watch,bair,implemented,untested,True,gamewatch-articles,,[]
1838,ice_climbers,game_and_watch,uair,implemented,untested,True,gamewatch-articles,,[]
1839,ice_climbers,game_and_watch,dair,implemented,untested,True,common-aerial,,[]
1840,ice_climbers,kirby,nair,implemented,untested,True,common-aerial,,[]
1841,ice_climbers,kirby,fair,implemented,untested,True,common-aerial,,[]
1842,ice_climbers,kirby,bair,implemented,untested,True,common-aerial,,[]
1843,ice_climbers,kirby,uair,implemented,untested,True,common-aerial,,[]
1844,ice_climbers,kirby,dair,implemented,untested,True,common-aerial,,[]
1845,ice_climbers,bowser,nair,implemented,untested,True,common-aerial,,[]
1846,ice_climbers,bowser,fair,implemented,untested,True,common-aerial,,[]
1847,ice_climbers,bowser,bair,implemented,untested,True,common-aerial,,[]
1848,ice_climbers,bowser,uair,implemented,untested,True,common-aerial,,[]
1849,ice_climbers,bowser,dair,implemented,untested,True,common-aerial,,[]
1850,ice_climbers,link,nair,implemented,untested,True,common-aerial,,[]
1851,ice_climbers,link,fair,implemented,untested,True,common-aerial,,[]
1852,ice_climbers,link,bair,implemented,untested,True,common-aerial,,[]
1853,ice_climbers,link,uair,implemented,untested,True,common-aerial,,[]
1854,ice_climbers,link,dair,implemented,untested,True,link-down-bounce,,[]
1855,ice_climbers,luigi,nair,implemented,untested,True,common-aerial,,[]
1856,ice_climbers,luigi,fair,implemented,untested,True,common-aerial,,[]
1857,ice_climbers,luigi,bair,implemented,untested,True,common-aerial,,[]
1858,ice_climbers,luigi,uair,implemented,untested,True,common-aerial,,[]
1859,ice_climbers,luigi,dair,implemented,untested,True,common-aerial,,[]
1860,ice_climbers,mario,nair,implemented,runtime-tested,True,common-aerial,,"[{""status"":""runtime-tested"",""profile"":""debug"",""lifecycle"":true,""stress"":true,""native_jab"":false,""adapter_assertion"":false,""backend"":""profile-default"",""dol_sha1"":""81533ece59d729a3aef5495e6185c60b616e27b3"",""evidence"":""docs/evidence/aerials/current/aerials-debug-stress-0-130.json"",""log_sha256"":""49529f3c79e4d63320368cef9d60b49620a7ac6fd09d26c7e7aec9afcdfd6dca""},{""status"":""runtime-tested"",""profile"":""release"",""lifecycle"":true,""stress"":true,""native_jab"":true,""adapter_assertion"":false,""backend"":""profile-default"",""dol_sha1"":""36c24894da8b0649624bd1277c126c7533e46b54"",""evidence"":""docs/evidence/aerials/current/aerials-release-stress-0-130.json"",""log_sha256"":""fbc9a3bcc32b3f6ab77bd81ee710a8f2fa5e8c5773149e6da91736b32a1de458""}]"
1861,ice_climbers,mario,fair,implemented,untested,True,common-aerial,,[]
1862,ice_climbers,mario,bair,implemented,untested,True,common-aerial,,[]
1863,ice_climbers,mario,uair,implemented,untested,True,common-aerial,,[]
1864,ice_climbers,mario,dair,implemented,untested,True,common-aerial,,[]
1865,ice_climbers,marth,nair,implemented,untested,True,common-aerial,,[]
1866,ice_climbers,marth,fair,implemented,untested,True,common-aerial,,[]
1867,ice_climbers,marth,bair,implemented,untested,True,common-aerial,,[]
1868,ice_climbers,marth,uair,implemented,untested,True,common-aerial,,[]
1869,ice_climbers,marth,dair,implemented,untested,True,common-aerial,,[]
1870,ice_climbers,mewtwo,nair,implemented,untested,True,common-aerial,,[]
1871,ice_climbers,mewtwo,fair,implemented,untested,True,common-aerial,,[]
1872,ice_climbers,mewtwo,bair,implemented,untested,True,common-aerial,,[]
1873,ice_climbers,mewtwo,uair,implemented,untested,True,common-aerial,,[]
1874,ice_climbers,mewtwo,dair,implemented,untested,True,common-aerial,,[]
1875,ice_climbers,ness,nair,implemented,untested,True,common-aerial,,[]
1876,ice_climbers,ness,fair,implemented,untested,True,common-aerial,,[]
1877,ice_climbers,ness,bair,implemented,untested,True,common-aerial,,[]
1878,ice_climbers,ness,uair,implemented,untested,True,common-aerial,,[]
1879,ice_climbers,ness,dair,implemented,untested,True,common-aerial,,[]
1880,ice_climbers,peach,nair,implemented,untested,True,common-aerial,,[]
1881,ice_climbers,peach,fair,implemented,untested,True,common-aerial,,[]
1882,ice_climbers,peach,bair,implemented,untested,True,common-aerial,,[]
1883,ice_climbers,peach,uair,implemented,untested,True,common-aerial,,[]
1884,ice_climbers,peach,dair,implemented,untested,True,common-aerial,,[]
1885,ice_climbers,pikachu,nair,implemented,untested,True,common-aerial,,[]
1886,ice_climbers,pikachu,fair,implemented,runtime-tested,True,common-aerial,,"[{""status"":""runtime-tested"",""profile"":""debug"",""lifecycle"":true,""stress"":true,""native_jab"":false,""adapter_assertion"":false,""backend"":""profile-default"",""dol_sha1"":""81533ece59d729a3aef5495e6185c60b616e27b3"",""evidence"":""docs/evidence/aerials/current/aerials-debug-stress-0-130.json"",""log_sha256"":""49529f3c79e4d63320368cef9d60b49620a7ac6fd09d26c7e7aec9afcdfd6dca""},{""status"":""runtime-tested"",""profile"":""release"",""lifecycle"":true,""stress"":true,""native_jab"":true,""adapter_assertion"":false,""backend"":""profile-default"",""dol_sha1"":""36c24894da8b0649624bd1277c126c7533e46b54"",""evidence"":""docs/evidence/aerials/current/aerials-release-stress-0-130.json"",""log_sha256"":""fbc9a3bcc32b3f6ab77bd81ee710a8f2fa5e8c5773149e6da91736b32a1de458""}]"
1887,ice_climbers,pikachu,bair,implemented,untested,True,common-aerial,,[]
1888,ice_climbers,pikachu,uair,implemented,untested,True,common-aerial,,[]
1889,ice_climbers,pikachu,dair,implemented,untested,True,common-aerial,,[]
1890,ice_climbers,ice_climbers,nair,implemented,untested,False,common-aerial,Identical donor: keep the native slot,[]
1891,ice_climbers,ice_climbers,fair,implemented,untested,False,common-aerial,Identical donor: keep the native slot,[]
1892,ice_climbers,ice_climbers,bair,implemented,untested,False,common-aerial,Identical donor: keep the native slot,[]
1893,ice_climbers,ice_climbers,uair,implemented,untested,False,common-aerial,Identical donor: keep the native slot,[]
1894,ice_climbers,ice_climbers,dair,implemented,untested,False,common-aerial,Identical donor: keep the native slot,[]
1895,ice_climbers,jigglypuff,nair,implemented,untested,True,common-aerial,,[]
1896,ice_climbers,jigglypuff,fair,implemented,untested,True,common-aerial,,[]
1897,ice_climbers,jigglypuff,bair,implemented,untested,True,common-aerial,,[]
1898,ice_climbers,jigglypuff,uair,implemented,untested,True,common-aerial,,[]
1899,ice_climbers,jigglypuff,dair,implemented,untested,True,common-aerial,,[]
1900,ice_climbers,samus,nair,implemented,untested,True,common-aerial,,[]
1901,ice_climbers,samus,fair,implemented,untested,True,common-aerial,,[]
1902,ice_climbers,samus,bair,implemented,untested,True,common-aerial,,[]
1903,ice_climbers,samus,uair,implemented,untested,True,common-aerial,,[]
1904,ice_climbers,samus,dair,implemented,untested,True,common-aerial,,[]
1905,ice_climbers,yoshi,nair,implemented,untested,True,common-aerial,,[]
1906,ice_climbers,yoshi,fair,implemented,untested,True,common-aerial,,[]
1907,ice_climbers,yoshi,bair,implemented,untested,True,common-aerial,,[]
1908,ice_climbers,yoshi,uair,implemented,untested,True,common-aerial,,[]
1909,ice_climbers,yoshi,dair,implemented,untested,True,common-aerial,,[]
1910,ice_climbers,zelda,nair,implemented,untested,True,common-aerial,,[]
1911,ice_climbers,zelda,fair,implemented,untested,True,common-aerial,,[]
1912,ice_climbers,zelda,bair,implemented,runtime-tested,True,common-aerial,,"[{""status"":""runtime-tested"",""profile"":""debug"",""lifecycle"":true,""stress"":true,""native_jab"":false,""adapter_assertion"":false,""backend"":""profile-default"",""dol_sha1"":""81533ece59d729a3aef5495e6185c60b616e27b3"",""evidence"":""docs/evidence/aerials/current/aerials-debug-stress-0-130.json"",""log_sha256"":""49529f3c79e4d63320368cef9d60b49620a7ac6fd09d26c7e7aec9afcdfd6dca""},{""status"":""runtime-tested"",""profile"":""release"",""lifecycle"":true,""stress"":true,""native_jab"":true,""adapter_assertion"":false,""backend"":""profile-default"",""dol_sha1"":""36c24894da8b0649624bd1277c126c7533e46b54"",""evidence"":""docs/evidence/aerials/current/aerials-release-stress-0-130.json"",""log_sha256"":""fbc9a3bcc32b3f6ab77bd81ee710a8f2fa5e8c5773149e6da91736b32a1de458""}]"
1913,ice_climbers,zelda,uair,implemented,untested,True,common-aerial,,[]
1914,ice_climbers,zelda,dair,implemented,untested,True,common-aerial,,[]
1915,ice_climbers,sheik,nair,implemented,untested,True,common-aerial,,[]
1916,ice_climbers,sheik,fair,implemented,untested,True,common-aerial,,[]
1917,ice_climbers,sheik,bair,implemented,untested,True,common-aerial,,[]
1918,ice_climbers,sheik,uair,implemented,untested,True,common-aerial,,[]
1919,ice_climbers,sheik,dair,implemented,untested,True,common-aerial,,[]
1920,ice_climbers,falco,nair,implemented,untested,True,common-aerial,,[]
1921,ice_climbers,falco,fair,implemented,untested,True,common-aerial,,[]
1922,ice_climbers,falco,bair,implemented,untested,True,common-aerial,,[]
1923,ice_climbers,falco,uair,implemented,untested,True,common-aerial,,[]
1924,ice_climbers,falco,dair,implemented,untested,True,common-aerial,,[]
1925,ice_climbers,young_link,nair,implemented,untested,True,common-aerial,,[]
1926,ice_climbers,young_link,fair,implemented,untested,True,common-aerial,,[]
1927,ice_climbers,young_link,bair,implemented,untested,True,common-aerial,,[]
1928,ice_climbers,young_link,uair,implemented,untested,True,common-aerial,,[]
1929,ice_climbers,young_link,dair,implemented,untested,True,link-down-bounce,,[]
1930,ice_climbers,dr_mario,nair,implemented,untested,True,common-aerial,,[]
1931,ice_climbers,dr_mario,fair,implemented,untested,True,common-aerial,,[]
1932,ice_climbers,dr_mario,bair,implemented,untested,True,common-aerial,,[]
1933,ice_climbers,dr_mario,uair,implemented,untested,True,common-aerial,,[]
1934,ice_climbers,dr_mario,dair,implemented,untested,True,common-aerial,,[]
1935,ice_climbers,roy,nair,implemented,untested,True,common-aerial,,[]
1936,ice_climbers,roy,fair,implemented,untested,True,common-aerial,,[]
1937,ice_climbers,roy,bair,implemented,untested,True,common-aerial,,[]
1938,ice_climbers,roy,uair,implemented,runtime-tested,True,common-aerial,,"[{""status"":""runtime-tested"",""profile"":""debug"",""lifecycle"":true,""stress"":true,""native_jab"":false,""adapter_assertion"":false,""backend"":""profile-default"",""dol_sha1"":""81533ece59d729a3aef5495e6185c60b616e27b3"",""evidence"":""docs/evidence/aerials/current/aerials-debug-stress-0-130.json"",""log_sha256"":""49529f3c79e4d63320368cef9d60b49620a7ac6fd09d26c7e7aec9afcdfd6dca""},{""status"":""runtime-tested"",""profile"":""release"",""lifecycle"":true,""stress"":true,""native_jab"":true,""adapter_assertion"":false,""backend"":""profile-default"",""dol_sha1"":""36c24894da8b0649624bd1277c126c7533e46b54"",""evidence"":""docs/evidence/aerials/current/aerials-release-stress-0-130.json"",""log_sha256"":""fbc9a3bcc32b3f6ab77bd81ee710a8f2fa5e8c5773149e6da91736b32a1de458""}]"
1939,ice_climbers,roy,dair,implemented,untested,True,common-aerial,,[]
1940,ice_climbers,pichu,nair,implemented,untested,True,common-aerial,,[]
1941,ice_climbers,pichu,fair,implemented,untested,True,common-aerial,,[]
1942,ice_climbers,pichu,bair,implemented,untested,True,common-aerial,,[]
1943,ice_climbers,pichu,uair,implemented,untested,True,common-aerial,,[]
1944,ice_climbers,pichu,dair,implemented,untested,True,common-aerial,,[]
1945,ice_climbers,ganondorf,nair,implemented,untested,True,common-aerial,,[]
1946,ice_climbers,ganondorf,fair,implemented,untested,True,common-aerial,,[]
1947,ice_climbers,ganondorf,bair,implemented,untested,True,common-aerial,,[]
1948,ice_climbers,ganondorf,uair,implemented,untested,True,common-aerial,,[]
1949,ice_climbers,ganondorf,dair,implemented,untested,True,common-aerial,,[]
1950,jigglypuff,captain_falcon,nair,implemented,untested,True,common-aerial,,[]
1951,jigglypuff,captain_falcon,fair,implemented,untested,True,common-aerial,,[]
1952,jigglypuff,captain_falcon,bair,implemented,untested,True,common-aerial,,[]
1953,jigglypuff,captain_falcon,uair,implemented,untested,True,common-aerial,,[]
1954,jigglypuff,captain_falcon,dair,implemented,untested,True,common-aerial,,[]
1955,jigglypuff,donkey_kong,nair,implemented,untested,True,common-aerial,,[]
1956,jigglypuff,donkey_kong,fair,implemented,untested,True,common-aerial,,[]
1957,jigglypuff,donkey_kong,bair,implemented,untested,True,common-aerial,,[]
1958,jigglypuff,donkey_kong,uair,implemented,untested,True,common-aerial,,[]
1959,jigglypuff,donkey_kong,dair,implemented,untested,True,common-aerial,,[]
1960,jigglypuff,fox,nair,implemented,untested,True,common-aerial,,[]
1961,jigglypuff,fox,fair,implemented,untested,True,common-aerial,,[]
1962,jigglypuff,fox,bair,implemented,untested,True,common-aerial,,[]
1963,jigglypuff,fox,uair,implemented,untested,True,common-aerial,,[]
1964,jigglypuff,fox,dair,implemented,untested,True,common-aerial,,[]
1965,jigglypuff,game_and_watch,nair,implemented,runtime-tested,True,gamewatch-articles,,"[{""status"":""runtime-tested"",""profile"":""debug"",""lifecycle"":true,""stress"":true,""native_jab"":false,""adapter_assertion"":false,""backend"":""profile-default"",""dol_sha1"":""81533ece59d729a3aef5495e6185c60b616e27b3"",""evidence"":""docs/evidence/aerials/current/aerials-debug-stress-0-130.json"",""log_sha256"":""49529f3c79e4d63320368cef9d60b49620a7ac6fd09d26c7e7aec9afcdfd6dca""},{""status"":""runtime-tested"",""profile"":""release"",""lifecycle"":true,""stress"":true,""native_jab"":true,""adapter_assertion"":true,""backend"":""profile-default"",""dol_sha1"":""36c24894da8b0649624bd1277c126c7533e46b54"",""evidence"":""docs/evidence/aerials/current/aerials-release-stress-0-130.json"",""log_sha256"":""fbc9a3bcc32b3f6ab77bd81ee710a8f2fa5e8c5773149e6da91736b32a1de458""}]"
1966,jigglypuff,game_and_watch,fair,implemented,untested,True,common-aerial,,[]
1967,jigglypuff,game_and_watch,bair,implemented,untested,True,gamewatch-articles,,[]
1968,jigglypuff,game_and_watch,uair,implemented,untested,True,gamewatch-articles,,[]
1969,jigglypuff,game_and_watch,dair,implemented,untested,True,common-aerial,,[]
1970,jigglypuff,kirby,nair,implemented,untested,True,common-aerial,,[]
1971,jigglypuff,kirby,fair,implemented,untested,True,common-aerial,,[]
1972,jigglypuff,kirby,bair,implemented,untested,True,common-aerial,,[]
1973,jigglypuff,kirby,uair,implemented,untested,True,common-aerial,,[]
1974,jigglypuff,kirby,dair,implemented,untested,True,common-aerial,,[]
1975,jigglypuff,bowser,nair,implemented,untested,True,common-aerial,,[]
1976,jigglypuff,bowser,fair,implemented,untested,True,common-aerial,,[]
1977,jigglypuff,bowser,bair,implemented,untested,True,common-aerial,,[]
1978,jigglypuff,bowser,uair,implemented,untested,True,common-aerial,,[]
1979,jigglypuff,bowser,dair,implemented,untested,True,common-aerial,,[]
1980,jigglypuff,link,nair,implemented,untested,True,common-aerial,,[]
1981,jigglypuff,link,fair,implemented,untested,True,common-aerial,,[]
1982,jigglypuff,link,bair,implemented,untested,True,common-aerial,,[]
1983,jigglypuff,link,uair,implemented,untested,True,common-aerial,,[]
1984,jigglypuff,link,dair,implemented,untested,True,link-down-bounce,,[]
1985,jigglypuff,luigi,nair,implemented,untested,True,common-aerial,,[]
1986,jigglypuff,luigi,fair,implemented,untested,True,common-aerial,,[]
1987,jigglypuff,luigi,bair,implemented,untested,True,common-aerial,,[]
1988,jigglypuff,luigi,uair,implemented,untested,True,common-aerial,,[]
1989,jigglypuff,luigi,dair,implemented,untested,True,common-aerial,,[]
1990,jigglypuff,mario,nair,implemented,untested,True,common-aerial,,[]
1991,jigglypuff,mario,fair,implemented,runtime-tested,True,common-aerial,,"[{""status"":""runtime-tested"",""profile"":""debug"",""lifecycle"":true,""stress"":true,""native_jab"":false,""adapter_assertion"":false,""backend"":""profile-default"",""dol_sha1"":""81533ece59d729a3aef5495e6185c60b616e27b3"",""evidence"":""docs/evidence/aerials/current/aerials-debug-stress-0-130.json"",""log_sha256"":""49529f3c79e4d63320368cef9d60b49620a7ac6fd09d26c7e7aec9afcdfd6dca""},{""status"":""runtime-tested"",""profile"":""release"",""lifecycle"":true,""stress"":true,""native_jab"":true,""adapter_assertion"":false,""backend"":""profile-default"",""dol_sha1"":""36c24894da8b0649624bd1277c126c7533e46b54"",""evidence"":""docs/evidence/aerials/current/aerials-release-stress-0-130.json"",""log_sha256"":""fbc9a3bcc32b3f6ab77bd81ee710a8f2fa5e8c5773149e6da91736b32a1de458""}]"
1992,jigglypuff,mario,bair,implemented,untested,True,common-aerial,,[]
1993,jigglypuff,mario,uair,implemented,untested,True,common-aerial,,[]
1994,jigglypuff,mario,dair,implemented,untested,True,common-aerial,,[]
1995,jigglypuff,marth,nair,implemented,untested,True,common-aerial,,[]
1996,jigglypuff,marth,fair,implemented,untested,True,common-aerial,,[]
1997,jigglypuff,marth,bair,implemented,untested,True,common-aerial,,[]
1998,jigglypuff,marth,uair,implemented,untested,True,common-aerial,,[]
1999,jigglypuff,marth,dair,implemented,untested,True,common-aerial,,[]
2000,jigglypuff,mewtwo,nair,implemented,untested,True,common-aerial,,[]
2001,jigglypuff,mewtwo,fair,implemented,untested,True,common-aerial,,[]
2002,jigglypuff,mewtwo,bair,implemented,untested,True,common-aerial,,[]
2003,jigglypuff,mewtwo,uair,implemented,untested,True,common-aerial,,[]
2004,jigglypuff,mewtwo,dair,implemented,untested,True,common-aerial,,[]
2005,jigglypuff,ness,nair,implemented,untested,True,common-aerial,,[]
2006,jigglypuff,ness,fair,implemented,untested,True,common-aerial,,[]
2007,jigglypuff,ness,bair,implemented,untested,True,common-aerial,,[]
2008,jigglypuff,ness,uair,implemented,untested,True,common-aerial,,[]
2009,jigglypuff,ness,dair,implemented,untested,True,common-aerial,,[]
2010,jigglypuff,peach,nair,implemented,untested,True,common-aerial,,[]
2011,jigglypuff,peach,fair,implemented,untested,True,common-aerial,,[]
2012,jigglypuff,peach,bair,implemented,untested,True,common-aerial,,[]
2013,jigglypuff,peach,uair,implemented,untested,True,common-aerial,,[]
2014,jigglypuff,peach,dair,implemented,untested,True,common-aerial,,[]
2015,jigglypuff,pikachu,nair,implemented,untested,True,common-aerial,,[]
2016,jigglypuff,pikachu,fair,implemented,untested,True,common-aerial,,[]
2017,jigglypuff,pikachu,bair,implemented,runtime-tested,True,common-aerial,,"[{""status"":""runtime-tested"",""profile"":""debug"",""lifecycle"":true,""stress"":true,""native_jab"":false,""adapter_assertion"":false,""backend"":""profile-default"",""dol_sha1"":""81533ece59d729a3aef5495e6185c60b616e27b3"",""evidence"":""docs/evidence/aerials/current/aerials-debug-stress-0-130.json"",""log_sha256"":""49529f3c79e4d63320368cef9d60b49620a7ac6fd09d26c7e7aec9afcdfd6dca""},{""status"":""runtime-tested"",""profile"":""release"",""lifecycle"":true,""stress"":true,""native_jab"":true,""adapter_assertion"":false,""backend"":""profile-default"",""dol_sha1"":""36c24894da8b0649624bd1277c126c7533e46b54"",""evidence"":""docs/evidence/aerials/current/aerials-release-stress-0-130.json"",""log_sha256"":""fbc9a3bcc32b3f6ab77bd81ee710a8f2fa5e8c5773149e6da91736b32a1de458""}]"
2018,jigglypuff,pikachu,uair,implemented,untested,True,common-aerial,,[]
2019,jigglypuff,pikachu,dair,implemented,untested,True,common-aerial,,[]
2020,jigglypuff,ice_climbers,nair,implemented,untested,True,common-aerial,,[]
2021,jigglypuff,ice_climbers,fair,implemented,untested,True,common-aerial,,[]
2022,jigglypuff,ice_climbers,bair,implemented,untested,True,common-aerial,,[]
2023,jigglypuff,ice_climbers,uair,implemented,untested,True,common-aerial,,[]
2024,jigglypuff,ice_climbers,dair,implemented,untested,True,common-aerial,,[]
2025,jigglypuff,jigglypuff,nair,implemented,untested,False,common-aerial,Identical donor: keep the native slot,[]
2026,jigglypuff,jigglypuff,fair,implemented,untested,False,common-aerial,Identical donor: keep the native slot,[]
2027,jigglypuff,jigglypuff,bair,implemented,untested,False,common-aerial,Identical donor: keep the native slot,[]
2028,jigglypuff,jigglypuff,uair,implemented,untested,False,common-aerial,Identical donor: keep the native slot,[]
2029,jigglypuff,jigglypuff,dair,implemented,untested,False,common-aerial,Identical donor: keep the native slot,[]
2030,jigglypuff,samus,nair,implemented,untested,True,common-aerial,,[]
2031,jigglypuff,samus,fair,implemented,untested,True,common-aerial,,[]
2032,jigglypuff,samus,bair,implemented,untested,True,common-aerial,,[]
2033,jigglypuff,samus,uair,implemented,untested,True,common-aerial,,[]
2034,jigglypuff,samus,dair,implemented,untested,True,common-aerial,,[]
2035,jigglypuff,yoshi,nair,implemented,untested,True,common-aerial,,[]
2036,jigglypuff,yoshi,fair,implemented,untested,True,common-aerial,,[]
2037,jigglypuff,yoshi,bair,implemented,untested,True,common-aerial,,[]
2038,jigglypuff,yoshi,uair,implemented,untested,True,common-aerial,,[]
2039,jigglypuff,yoshi,dair,implemented,untested,True,common-aerial,,[]
2040,jigglypuff,zelda,nair,implemented,untested,True,common-aerial,,[]
2041,jigglypuff,zelda,fair,implemented,untested,True,common-aerial,,[]
2042,jigglypuff,zelda,bair,implemented,untested,True,common-aerial,,[]
2043,jigglypuff,zelda,uair,implemented,runtime-tested,True,common-aerial,,"[{""status"":""runtime-tested"",""profile"":""debug"",""lifecycle"":true,""stress"":true,""native_jab"":false,""adapter_assertion"":false,""backend"":""profile-default"",""dol_sha1"":""81533ece59d729a3aef5495e6185c60b616e27b3"",""evidence"":""docs/evidence/aerials/current/aerials-debug-stress-0-130.json"",""log_sha256"":""49529f3c79e4d63320368cef9d60b49620a7ac6fd09d26c7e7aec9afcdfd6dca""},{""status"":""runtime-tested"",""profile"":""release"",""lifecycle"":true,""stress"":true,""native_jab"":true,""adapter_assertion"":false,""backend"":""profile-default"",""dol_sha1"":""36c24894da8b0649624bd1277c126c7533e46b54"",""evidence"":""docs/evidence/aerials/current/aerials-release-stress-0-130.json"",""log_sha256"":""fbc9a3bcc32b3f6ab77bd81ee710a8f2fa5e8c5773149e6da91736b32a1de458""}]"
2044,jigglypuff,zelda,dair,implemented,untested,True,common-aerial,,[]
2045,jigglypuff,sheik,nair,implemented,untested,True,common-aerial,,[]
2046,jigglypuff,sheik,fair,implemented,untested,True,common-aerial,,[]
2047,jigglypuff,sheik,bair,implemented,untested,True,common-aerial,,[]
2048,jigglypuff,sheik,uair,implemented,untested,True,common-aerial,,[]
2049,jigglypuff,sheik,dair,implemented,untested,True,common-aerial,,[]
2050,jigglypuff,falco,nair,implemented,untested,True,common-aerial,,[]
2051,jigglypuff,falco,fair,implemented,untested,True,common-aerial,,[]
2052,jigglypuff,falco,bair,implemented,untested,True,common-aerial,,[]
2053,jigglypuff,falco,uair,implemented,untested,True,common-aerial,,[]
2054,jigglypuff,falco,dair,implemented,untested,True,common-aerial,,[]
2055,jigglypuff,young_link,nair,implemented,untested,True,common-aerial,,[]
2056,jigglypuff,young_link,fair,implemented,untested,True,common-aerial,,[]
2057,jigglypuff,young_link,bair,implemented,untested,True,common-aerial,,[]
2058,jigglypuff,young_link,uair,implemented,untested,True,common-aerial,,[]
2059,jigglypuff,young_link,dair,implemented,untested,True,link-down-bounce,,[]
2060,jigglypuff,dr_mario,nair,implemented,untested,True,common-aerial,,[]
2061,jigglypuff,dr_mario,fair,implemented,untested,True,common-aerial,,[]
2062,jigglypuff,dr_mario,bair,implemented,untested,True,common-aerial,,[]
2063,jigglypuff,dr_mario,uair,implemented,untested,True,common-aerial,,[]
2064,jigglypuff,dr_mario,dair,implemented,untested,True,common-aerial,,[]
2065,jigglypuff,roy,nair,implemented,untested,True,common-aerial,,[]
2066,jigglypuff,roy,fair,implemented,untested,True,common-aerial,,[]
2067,jigglypuff,roy,bair,implemented,untested,True,common-aerial,,[]
2068,jigglypuff,roy,uair,implemented,untested,True,common-aerial,,[]
2069,jigglypuff,roy,dair,implemented,runtime-tested,True,common-aerial,,"[{""status"":""runtime-tested"",""profile"":""debug"",""lifecycle"":true,""stress"":true,""native_jab"":false,""adapter_assertion"":false,""backend"":""profile-default"",""dol_sha1"":""81533ece59d729a3aef5495e6185c60b616e27b3"",""evidence"":""docs/evidence/aerials/current/aerials-debug-stress-0-130.json"",""log_sha256"":""49529f3c79e4d63320368cef9d60b49620a7ac6fd09d26c7e7aec9afcdfd6dca""},{""status"":""runtime-tested"",""profile"":""release"",""lifecycle"":true,""stress"":true,""native_jab"":true,""adapter_assertion"":false,""backend"":""profile-default"",""dol_sha1"":""36c24894da8b0649624bd1277c126c7533e46b54"",""evidence"":""docs/evidence/aerials/current/aerials-release-stress-0-130.json"",""log_sha256"":""fbc9a3bcc32b3f6ab77bd81ee710a8f2fa5e8c5773149e6da91736b32a1de458""}]"
2070,jigglypuff,pichu,nair,implemented,untested,True,common-aerial,,[]
2071,jigglypuff,pichu,fair,implemented,untested,True,common-aerial,,[]
2072,jigglypuff,pichu,bair,implemented,untested,True,common-aerial,,[]
2073,jigglypuff,pichu,uair,implemented,untested,True,common-aerial,,[]
2074,jigglypuff,pichu,dair,implemented,untested,True,common-aerial,,[]
2075,jigglypuff,ganondorf,nair,implemented,untested,True,common-aerial,,[]
2076,jigglypuff,ganondorf,fair,implemented,untested,True,common-aerial,,[]
2077,jigglypuff,ganondorf,bair,implemented,untested,True,common-aerial,,[]
2078,jigglypuff,ganondorf,uair,implemented,untested,True,common-aerial,,[]
2079,jigglypuff,ganondorf,dair,implemented,untested,True,common-aerial,,[]
2080,samus,captain_falcon,nair,implemented,untested,True,common-aerial,,[]
2081,samus,captain_falcon,fair,implemented,untested,True,common-aerial,,[]
2082,samus,captain_falcon,bair,implemented,untested,True,common-aerial,,[]
2083,samus,captain_falcon,uair,implemented,untested,True,common-aerial,,[]
2084,samus,captain_falcon,dair,implemented,untested,True,common-aerial,,[]
2085,samus,donkey_kong,nair,implemented,untested,True,common-aerial,,[]
2086,samus,donkey_kong,fair,implemented,untested,True,common-aerial,,[]
2087,samus,donkey_kong,bair,implemented,untested,True,common-aerial,,[]
2088,samus,donkey_kong,uair,implemented,untested,True,common-aerial,,[]
2089,samus,donkey_kong,dair,implemented,untested,True,common-aerial,,[]
2090,samus,fox,nair,implemented,untested,True,common-aerial,,[]
2091,samus,fox,fair,implemented,untested,True,common-aerial,,[]
2092,samus,fox,bair,implemented,untested,True,common-aerial,,[]
2093,samus,fox,uair,implemented,untested,True,common-aerial,,[]
2094,samus,fox,dair,implemented,untested,True,common-aerial,,[]
2095,samus,game_and_watch,nair,implemented,untested,True,gamewatch-articles,,[]
2096,samus,game_and_watch,fair,implemented,runtime-tested,True,common-aerial,,"[{""status"":""runtime-tested"",""profile"":""debug"",""lifecycle"":true,""stress"":true,""native_jab"":false,""adapter_assertion"":false,""backend"":""profile-default"",""dol_sha1"":""81533ece59d729a3aef5495e6185c60b616e27b3"",""evidence"":""docs/evidence/aerials/current/aerials-debug-stress-0-130.json"",""log_sha256"":""49529f3c79e4d63320368cef9d60b49620a7ac6fd09d26c7e7aec9afcdfd6dca""},{""status"":""runtime-tested"",""profile"":""release"",""lifecycle"":true,""stress"":true,""native_jab"":true,""adapter_assertion"":false,""backend"":""profile-default"",""dol_sha1"":""36c24894da8b0649624bd1277c126c7533e46b54"",""evidence"":""docs/evidence/aerials/current/aerials-release-stress-0-130.json"",""log_sha256"":""fbc9a3bcc32b3f6ab77bd81ee710a8f2fa5e8c5773149e6da91736b32a1de458""}]"
2097,samus,game_and_watch,bair,implemented,untested,True,gamewatch-articles,,[]
2098,samus,game_and_watch,uair,implemented,untested,True,gamewatch-articles,,[]
2099,samus,game_and_watch,dair,implemented,untested,True,common-aerial,,[]
2100,samus,kirby,nair,implemented,untested,True,common-aerial,,[]
2101,samus,kirby,fair,implemented,untested,True,common-aerial,,[]
2102,samus,kirby,bair,implemented,untested,True,common-aerial,,[]
2103,samus,kirby,uair,implemented,untested,True,common-aerial,,[]
2104,samus,kirby,dair,implemented,untested,True,common-aerial,,[]
2105,samus,bowser,nair,implemented,untested,True,common-aerial,,[]
2106,samus,bowser,fair,implemented,untested,True,common-aerial,,[]
2107,samus,bowser,bair,implemented,untested,True,common-aerial,,[]
2108,samus,bowser,uair,implemented,untested,True,common-aerial,,[]
2109,samus,bowser,dair,implemented,untested,True,common-aerial,,[]
2110,samus,link,nair,implemented,untested,True,common-aerial,,[]
2111,samus,link,fair,implemented,untested,True,common-aerial,,[]
2112,samus,link,bair,implemented,untested,True,common-aerial,,[]
2113,samus,link,uair,implemented,untested,True,common-aerial,,[]
2114,samus,link,dair,implemented,untested,True,link-down-bounce,,[]
2115,samus,luigi,nair,implemented,untested,True,common-aerial,,[]
2116,samus,luigi,fair,implemented,untested,True,common-aerial,,[]
2117,samus,luigi,bair,implemented,untested,True,common-aerial,,[]
2118,samus,luigi,uair,implemented,untested,True,common-aerial,,[]
2119,samus,luigi,dair,implemented,untested,True,common-aerial,,[]
2120,samus,mario,nair,implemented,untested,True,common-aerial,,[]
2121,samus,mario,fair,implemented,untested,True,common-aerial,,[]
2122,samus,mario,bair,implemented,runtime-tested,True,common-aerial,,"[{""status"":""runtime-tested"",""profile"":""debug"",""lifecycle"":true,""stress"":true,""native_jab"":false,""adapter_assertion"":false,""backend"":""profile-default"",""dol_sha1"":""81533ece59d729a3aef5495e6185c60b616e27b3"",""evidence"":""docs/evidence/aerials/current/aerials-debug-stress-0-130.json"",""log_sha256"":""49529f3c79e4d63320368cef9d60b49620a7ac6fd09d26c7e7aec9afcdfd6dca""},{""status"":""runtime-tested"",""profile"":""release"",""lifecycle"":true,""stress"":true,""native_jab"":true,""adapter_assertion"":false,""backend"":""profile-default"",""dol_sha1"":""36c24894da8b0649624bd1277c126c7533e46b54"",""evidence"":""docs/evidence/aerials/current/aerials-release-stress-0-130.json"",""log_sha256"":""fbc9a3bcc32b3f6ab77bd81ee710a8f2fa5e8c5773149e6da91736b32a1de458""}]"
2123,samus,mario,uair,implemented,untested,True,common-aerial,,[]
2124,samus,mario,dair,implemented,untested,True,common-aerial,,[]
2125,samus,marth,nair,implemented,untested,True,common-aerial,,[]
2126,samus,marth,fair,implemented,untested,True,common-aerial,,[]
2127,samus,marth,bair,implemented,untested,True,common-aerial,,[]
2128,samus,marth,uair,implemented,untested,True,common-aerial,,[]
2129,samus,marth,dair,implemented,untested,True,common-aerial,,[]
2130,samus,mewtwo,nair,implemented,untested,True,common-aerial,,[]
2131,samus,mewtwo,fair,implemented,untested,True,common-aerial,,[]
2132,samus,mewtwo,bair,implemented,untested,True,common-aerial,,[]
2133,samus,mewtwo,uair,implemented,untested,True,common-aerial,,[]
2134,samus,mewtwo,dair,implemented,untested,True,common-aerial,,[]
2135,samus,ness,nair,implemented,untested,True,common-aerial,,[]
2136,samus,ness,fair,implemented,untested,True,common-aerial,,[]
2137,samus,ness,bair,implemented,untested,True,common-aerial,,[]
2138,samus,ness,uair,implemented,untested,True,common-aerial,,[]
2139,samus,ness,dair,implemented,untested,True,common-aerial,,[]
2140,samus,peach,nair,implemented,untested,True,common-aerial,,[]
2141,samus,peach,fair,implemented,untested,True,common-aerial,,[]
2142,samus,peach,bair,implemented,untested,True,common-aerial,,[]
2143,samus,peach,uair,implemented,untested,True,common-aerial,,[]
2144,samus,peach,dair,implemented,untested,True,common-aerial,,[]
2145,samus,pikachu,nair,implemented,untested,True,common-aerial,,[]
2146,samus,pikachu,fair,implemented,untested,True,common-aerial,,[]
2147,samus,pikachu,bair,implemented,untested,True,common-aerial,,[]
2148,samus,pikachu,uair,implemented,runtime-tested,True,common-aerial,,"[{""status"":""runtime-tested"",""profile"":""debug"",""lifecycle"":true,""stress"":true,""native_jab"":false,""adapter_assertion"":false,""backend"":""profile-default"",""dol_sha1"":""81533ece59d729a3aef5495e6185c60b616e27b3"",""evidence"":""docs/evidence/aerials/current/aerials-debug-stress-0-130.json"",""log_sha256"":""49529f3c79e4d63320368cef9d60b49620a7ac6fd09d26c7e7aec9afcdfd6dca""},{""status"":""runtime-tested"",""profile"":""release"",""lifecycle"":true,""stress"":true,""native_jab"":true,""adapter_assertion"":false,""backend"":""profile-default"",""dol_sha1"":""36c24894da8b0649624bd1277c126c7533e46b54"",""evidence"":""docs/evidence/aerials/current/aerials-release-stress-0-130.json"",""log_sha256"":""fbc9a3bcc32b3f6ab77bd81ee710a8f2fa5e8c5773149e6da91736b32a1de458""}]"
2149,samus,pikachu,dair,implemented,untested,True,common-aerial,,[]
2150,samus,ice_climbers,nair,implemented,untested,True,common-aerial,,[]
2151,samus,ice_climbers,fair,implemented,untested,True,common-aerial,,[]
2152,samus,ice_climbers,bair,implemented,untested,True,common-aerial,,[]
2153,samus,ice_climbers,uair,implemented,untested,True,common-aerial,,[]
2154,samus,ice_climbers,dair,implemented,untested,True,common-aerial,,[]
2155,samus,jigglypuff,nair,implemented,untested,True,common-aerial,,[]
2156,samus,jigglypuff,fair,implemented,untested,True,common-aerial,,[]
2157,samus,jigglypuff,bair,implemented,untested,True,common-aerial,,[]
2158,samus,jigglypuff,uair,implemented,untested,True,common-aerial,,[]
2159,samus,jigglypuff,dair,implemented,untested,True,common-aerial,,[]
2160,samus,samus,nair,implemented,untested,False,common-aerial,Identical donor: keep the native slot,[]
2161,samus,samus,fair,implemented,untested,False,common-aerial,Identical donor: keep the native slot,[]
2162,samus,samus,bair,implemented,untested,False,common-aerial,Identical donor: keep the native slot,[]
2163,samus,samus,uair,implemented,untested,False,common-aerial,Identical donor: keep the native slot,[]
2164,samus,samus,dair,implemented,untested,False,common-aerial,Identical donor: keep the native slot,[]
2165,samus,yoshi,nair,implemented,untested,True,common-aerial,,[]
2166,samus,yoshi,fair,implemented,untested,True,common-aerial,,[]
2167,samus,yoshi,bair,implemented,untested,True,common-aerial,,[]
2168,samus,yoshi,uair,implemented,untested,True,common-aerial,,[]
2169,samus,yoshi,dair,implemented,untested,True,common-aerial,,[]
2170,samus,zelda,nair,implemented,untested,True,common-aerial,,[]
2171,samus,zelda,fair,implemented,untested,True,common-aerial,,[]
2172,samus,zelda,bair,implemented,untested,True,common-aerial,,[]
2173,samus,zelda,uair,implemented,untested,True,common-aerial,,[]
2174,samus,zelda,dair,implemented,runtime-tested,True,common-aerial,,"[{""status"":""runtime-tested"",""profile"":""debug"",""lifecycle"":true,""stress"":true,""native_jab"":false,""adapter_assertion"":false,""backend"":""profile-default"",""dol_sha1"":""81533ece59d729a3aef5495e6185c60b616e27b3"",""evidence"":""docs/evidence/aerials/current/aerials-debug-stress-0-130.json"",""log_sha256"":""49529f3c79e4d63320368cef9d60b49620a7ac6fd09d26c7e7aec9afcdfd6dca""},{""status"":""runtime-tested"",""profile"":""release"",""lifecycle"":true,""stress"":true,""native_jab"":true,""adapter_assertion"":false,""backend"":""profile-default"",""dol_sha1"":""36c24894da8b0649624bd1277c126c7533e46b54"",""evidence"":""docs/evidence/aerials/current/aerials-release-stress-0-130.json"",""log_sha256"":""fbc9a3bcc32b3f6ab77bd81ee710a8f2fa5e8c5773149e6da91736b32a1de458""}]"
2175,samus,sheik,nair,implemented,untested,True,common-aerial,,[]
2176,samus,sheik,fair,implemented,untested,True,common-aerial,,[]
2177,samus,sheik,bair,implemented,untested,True,common-aerial,,[]
2178,samus,sheik,uair,implemented,untested,True,common-aerial,,[]
2179,samus,sheik,dair,implemented,untested,True,common-aerial,,[]
2180,samus,falco,nair,implemented,untested,True,common-aerial,,[]
2181,samus,falco,fair,implemented,untested,True,common-aerial,,[]
2182,samus,falco,bair,implemented,untested,True,common-aerial,,[]
2183,samus,falco,uair,implemented,untested,True,common-aerial,,[]
2184,samus,falco,dair,implemented,untested,True,common-aerial,,[]
2185,samus,young_link,nair,implemented,untested,True,common-aerial,,[]
2186,samus,young_link,fair,implemented,untested,True,common-aerial,,[]
2187,samus,young_link,bair,implemented,untested,True,common-aerial,,[]
2188,samus,young_link,uair,implemented,untested,True,common-aerial,,[]
2189,samus,young_link,dair,implemented,untested,True,link-down-bounce,,[]
2190,samus,dr_mario,nair,implemented,untested,True,common-aerial,,[]
2191,samus,dr_mario,fair,implemented,untested,True,common-aerial,,[]
2192,samus,dr_mario,bair,implemented,untested,True,common-aerial,,[]
2193,samus,dr_mario,uair,implemented,untested,True,common-aerial,,[]
2194,samus,dr_mario,dair,implemented,untested,True,common-aerial,,[]
2195,samus,roy,nair,implemented,untested,True,common-aerial,,[]
2196,samus,roy,fair,implemented,untested,True,common-aerial,,[]
2197,samus,roy,bair,implemented,untested,True,common-aerial,,[]
2198,samus,roy,uair,implemented,untested,True,common-aerial,,[]
2199,samus,roy,dair,implemented,untested,True,common-aerial,,[]
2200,samus,pichu,nair,implemented,runtime-tested,True,common-aerial,,"[{""status"":""runtime-tested"",""profile"":""debug"",""lifecycle"":true,""stress"":true,""native_jab"":false,""adapter_assertion"":false,""backend"":""profile-default"",""dol_sha1"":""81533ece59d729a3aef5495e6185c60b616e27b3"",""evidence"":""docs/evidence/aerials/current/aerials-debug-stress-0-130.json"",""log_sha256"":""49529f3c79e4d63320368cef9d60b49620a7ac6fd09d26c7e7aec9afcdfd6dca""},{""status"":""runtime-tested"",""profile"":""release"",""lifecycle"":true,""stress"":true,""native_jab"":true,""adapter_assertion"":false,""backend"":""profile-default"",""dol_sha1"":""36c24894da8b0649624bd1277c126c7533e46b54"",""evidence"":""docs/evidence/aerials/current/aerials-release-stress-0-130.json"",""log_sha256"":""fbc9a3bcc32b3f6ab77bd81ee710a8f2fa5e8c5773149e6da91736b32a1de458""}]"
2201,samus,pichu,fair,implemented,untested,True,common-aerial,,[]
2202,samus,pichu,bair,implemented,untested,True,common-aerial,,[]
2203,samus,pichu,uair,implemented,untested,True,common-aerial,,[]
2204,samus,pichu,dair,implemented,untested,True,common-aerial,,[]
2205,samus,ganondorf,nair,implemented,untested,True,common-aerial,,[]
2206,samus,ganondorf,fair,implemented,untested,True,common-aerial,,[]
2207,samus,ganondorf,bair,implemented,untested,True,common-aerial,,[]
2208,samus,ganondorf,uair,implemented,untested,True,common-aerial,,[]
2209,samus,ganondorf,dair,implemented,untested,True,common-aerial,,[]
2210,yoshi,captain_falcon,nair,implemented,untested,True,common-aerial,,[]
2211,yoshi,captain_falcon,fair,implemented,untested,True,common-aerial,,[]
2212,yoshi,captain_falcon,bair,implemented,untested,True,common-aerial,,[]
2213,yoshi,captain_falcon,uair,implemented,untested,True,common-aerial,,[]
2214,yoshi,captain_falcon,dair,implemented,untested,True,common-aerial,,[]
2215,yoshi,donkey_kong,nair,implemented,untested,True,common-aerial,,[]
2216,yoshi,donkey_kong,fair,implemented,untested,True,common-aerial,,[]
2217,yoshi,donkey_kong,bair,implemented,untested,True,common-aerial,,[]
2218,yoshi,donkey_kong,uair,implemented,untested,True,common-aerial,,[]
2219,yoshi,donkey_kong,dair,implemented,untested,True,common-aerial,,[]
2220,yoshi,fox,nair,implemented,untested,True,common-aerial,,[]
2221,yoshi,fox,fair,implemented,untested,True,common-aerial,,[]
2222,yoshi,fox,bair,implemented,untested,True,common-aerial,,[]
2223,yoshi,fox,uair,implemented,untested,True,common-aerial,,[]
2224,yoshi,fox,dair,implemented,untested,True,common-aerial,,[]
2225,yoshi,game_and_watch,nair,implemented,untested,True,gamewatch-articles,,[]
2226,yoshi,game_and_watch,fair,implemented,untested,True,common-aerial,,[]
2227,yoshi,game_and_watch,bair,implemented,runtime-tested,True,gamewatch-articles,,"[{""status"":""runtime-tested"",""profile"":""debug"",""lifecycle"":true,""stress"":true,""native_jab"":false,""adapter_assertion"":false,""backend"":""profile-default"",""dol_sha1"":""81533ece59d729a3aef5495e6185c60b616e27b3"",""evidence"":""docs/evidence/aerials/current/aerials-debug-stress-0-130.json"",""log_sha256"":""49529f3c79e4d63320368cef9d60b49620a7ac6fd09d26c7e7aec9afcdfd6dca""},{""status"":""runtime-tested"",""profile"":""release"",""lifecycle"":true,""stress"":true,""native_jab"":true,""adapter_assertion"":true,""backend"":""profile-default"",""dol_sha1"":""36c24894da8b0649624bd1277c126c7533e46b54"",""evidence"":""docs/evidence/aerials/current/aerials-release-stress-0-130.json"",""log_sha256"":""fbc9a3bcc32b3f6ab77bd81ee710a8f2fa5e8c5773149e6da91736b32a1de458""}]"
2228,yoshi,game_and_watch,uair,implemented,untested,True,gamewatch-articles,,[]
2229,yoshi,game_and_watch,dair,implemented,untested,True,common-aerial,,[]
2230,yoshi,kirby,nair,implemented,untested,True,common-aerial,,[]
2231,yoshi,kirby,fair,implemented,untested,True,common-aerial,,[]
2232,yoshi,kirby,bair,implemented,untested,True,common-aerial,,[]
2233,yoshi,kirby,uair,implemented,untested,True,common-aerial,,[]
2234,yoshi,kirby,dair,implemented,untested,True,common-aerial,,[]
2235,yoshi,bowser,nair,implemented,untested,True,common-aerial,,[]
2236,yoshi,bowser,fair,implemented,untested,True,common-aerial,,[]
2237,yoshi,bowser,bair,implemented,untested,True,common-aerial,,[]
2238,yoshi,bowser,uair,implemented,untested,True,common-aerial,,[]
2239,yoshi,bowser,dair,implemented,untested,True,common-aerial,,[]
2240,yoshi,link,nair,implemented,untested,True,common-aerial,,[]
2241,yoshi,link,fair,implemented,untested,True,common-aerial,,[]
2242,yoshi,link,bair,implemented,untested,True,common-aerial,,[]
2243,yoshi,link,uair,implemented,untested,True,common-aerial,,[]
2244,yoshi,link,dair,implemented,untested,True,link-down-bounce,,[]
2245,yoshi,luigi,nair,implemented,untested,True,common-aerial,,[]
2246,yoshi,luigi,fair,implemented,untested,True,common-aerial,,[]
2247,yoshi,luigi,bair,implemented,untested,True,common-aerial,,[]
2248,yoshi,luigi,uair,implemented,untested,True,common-aerial,,[]
2249,yoshi,luigi,dair,implemented,untested,True,common-aerial,,[]
2250,yoshi,mario,nair,implemented,untested,True,common-aerial,,[]
2251,yoshi,mario,fair,implemented,untested,True,common-aerial,,[]
2252,yoshi,mario,bair,implemented,untested,True,common-aerial,,[]
2253,yoshi,mario,uair,implemented,runtime-tested,True,common-aerial,,"[{""status"":""runtime-tested"",""profile"":""debug"",""lifecycle"":true,""stress"":true,""native_jab"":false,""adapter_assertion"":false,""backend"":""profile-default"",""dol_sha1"":""81533ece59d729a3aef5495e6185c60b616e27b3"",""evidence"":""docs/evidence/aerials/current/aerials-debug-stress-0-130.json"",""log_sha256"":""49529f3c79e4d63320368cef9d60b49620a7ac6fd09d26c7e7aec9afcdfd6dca""},{""status"":""runtime-tested"",""profile"":""release"",""lifecycle"":true,""stress"":true,""native_jab"":true,""adapter_assertion"":false,""backend"":""profile-default"",""dol_sha1"":""36c24894da8b0649624bd1277c126c7533e46b54"",""evidence"":""docs/evidence/aerials/current/aerials-release-stress-0-130.json"",""log_sha256"":""fbc9a3bcc32b3f6ab77bd81ee710a8f2fa5e8c5773149e6da91736b32a1de458""}]"
2254,yoshi,mario,dair,implemented,untested,True,common-aerial,,[]
2255,yoshi,marth,nair,implemented,untested,True,common-aerial,,[]
2256,yoshi,marth,fair,implemented,untested,True,common-aerial,,[]
2257,yoshi,marth,bair,implemented,untested,True,common-aerial,,[]
2258,yoshi,marth,uair,implemented,untested,True,common-aerial,,[]
2259,yoshi,marth,dair,implemented,untested,True,common-aerial,,[]
2260,yoshi,mewtwo,nair,implemented,untested,True,common-aerial,,[]
2261,yoshi,mewtwo,fair,implemented,untested,True,common-aerial,,[]
2262,yoshi,mewtwo,bair,implemented,untested,True,common-aerial,,[]
2263,yoshi,mewtwo,uair,implemented,untested,True,common-aerial,,[]
2264,yoshi,mewtwo,dair,implemented,untested,True,common-aerial,,[]
2265,yoshi,ness,nair,implemented,untested,True,common-aerial,,[]
2266,yoshi,ness,fair,implemented,untested,True,common-aerial,,[]
2267,yoshi,ness,bair,implemented,untested,True,common-aerial,,[]
2268,yoshi,ness,uair,implemented,untested,True,common-aerial,,[]
2269,yoshi,ness,dair,implemented,untested,True,common-aerial,,[]
2270,yoshi,peach,nair,implemented,untested,True,common-aerial,,[]
2271,yoshi,peach,fair,implemented,untested,True,common-aerial,,[]
2272,yoshi,peach,bair,implemented,untested,True,common-aerial,,[]
2273,yoshi,peach,uair,implemented,untested,True,common-aerial,,[]
2274,yoshi,peach,dair,implemented,untested,True,common-aerial,,[]
2275,yoshi,pikachu,nair,implemented,untested,True,common-aerial,,[]
2276,yoshi,pikachu,fair,implemented,untested,True,common-aerial,,[]
2277,yoshi,pikachu,bair,implemented,untested,True,common-aerial,,[]
2278,yoshi,pikachu,uair,implemented,untested,True,common-aerial,,[]
2279,yoshi,pikachu,dair,implemented,runtime-tested,True,common-aerial,,"[{""status"":""runtime-tested"",""profile"":""debug"",""lifecycle"":true,""stress"":true,""native_jab"":false,""adapter_assertion"":false,""backend"":""profile-default"",""dol_sha1"":""81533ece59d729a3aef5495e6185c60b616e27b3"",""evidence"":""docs/evidence/aerials/current/aerials-debug-stress-0-130.json"",""log_sha256"":""49529f3c79e4d63320368cef9d60b49620a7ac6fd09d26c7e7aec9afcdfd6dca""},{""status"":""runtime-tested"",""profile"":""release"",""lifecycle"":true,""stress"":true,""native_jab"":true,""adapter_assertion"":false,""backend"":""profile-default"",""dol_sha1"":""36c24894da8b0649624bd1277c126c7533e46b54"",""evidence"":""docs/evidence/aerials/current/aerials-release-stress-0-130.json"",""log_sha256"":""fbc9a3bcc32b3f6ab77bd81ee710a8f2fa5e8c5773149e6da91736b32a1de458""}]"
2280,yoshi,ice_climbers,nair,implemented,untested,True,common-aerial,,[]
2281,yoshi,ice_climbers,fair,implemented,untested,True,common-aerial,,[]
2282,yoshi,ice_climbers,bair,implemented,untested,True,common-aerial,,[]
2283,yoshi,ice_climbers,uair,implemented,untested,True,common-aerial,,[]
2284,yoshi,ice_climbers,dair,implemented,untested,True,common-aerial,,[]
2285,yoshi,jigglypuff,nair,implemented,untested,True,common-aerial,,[]
2286,yoshi,jigglypuff,fair,implemented,untested,True,common-aerial,,[]
2287,yoshi,jigglypuff,bair,implemented,untested,True,common-aerial,,[]
2288,yoshi,jigglypuff,uair,implemented,untested,True,common-aerial,,[]
2289,yoshi,jigglypuff,dair,implemented,untested,True,common-aerial,,[]
2290,yoshi,samus,nair,implemented,untested,True,common-aerial,,[]
2291,yoshi,samus,fair,implemented,untested,True,common-aerial,,[]
2292,yoshi,samus,bair,implemented,untested,True,common-aerial,,[]
2293,yoshi,samus,uair,implemented,untested,True,common-aerial,,[]
2294,yoshi,samus,dair,implemented,untested,True,common-aerial,,[]
2295,yoshi,yoshi,nair,implemented,untested,False,common-aerial,Identical donor: keep the native slot,[]
2296,yoshi,yoshi,fair,implemented,untested,False,common-aerial,Identical donor: keep the native slot,[]
2297,yoshi,yoshi,bair,implemented,untested,False,common-aerial,Identical donor: keep the native slot,[]
2298,yoshi,yoshi,uair,implemented,untested,False,common-aerial,Identical donor: keep the native slot,[]
2299,yoshi,yoshi,dair,implemented,untested,False,common-aerial,Identical donor: keep the native slot,[]
2300,yoshi,zelda,nair,implemented,untested,True,common-aerial,,[]
2301,yoshi,zelda,fair,implemented,untested,True,common-aerial,,[]
2302,yoshi,zelda,bair,implemented,untested,True,common-aerial,,[]
2303,yoshi,zelda,uair,implemented,untested,True,common-aerial,,[]
2304,yoshi,zelda,dair,implemented,untested,True,common-aerial,,[]
2305,yoshi,sheik,nair,implemented,runtime-tested,True,common-aerial,,"[{""status"":""runtime-tested"",""profile"":""debug"",""lifecycle"":true,""stress"":true,""native_jab"":false,""adapter_assertion"":false,""backend"":""profile-default"",""dol_sha1"":""81533ece59d729a3aef5495e6185c60b616e27b3"",""evidence"":""docs/evidence/aerials/current/aerials-debug-stress-0-130.json"",""log_sha256"":""49529f3c79e4d63320368cef9d60b49620a7ac6fd09d26c7e7aec9afcdfd6dca""},{""status"":""runtime-tested"",""profile"":""release"",""lifecycle"":true,""stress"":true,""native_jab"":true,""adapter_assertion"":false,""backend"":""profile-default"",""dol_sha1"":""36c24894da8b0649624bd1277c126c7533e46b54"",""evidence"":""docs/evidence/aerials/current/aerials-release-stress-0-130.json"",""log_sha256"":""fbc9a3bcc32b3f6ab77bd81ee710a8f2fa5e8c5773149e6da91736b32a1de458""}]"
2306,yoshi,sheik,fair,implemented,untested,True,common-aerial,,[]
2307,yoshi,sheik,bair,implemented,untested,True,common-aerial,,[]
2308,yoshi,sheik,uair,implemented,untested,True,common-aerial,,[]
2309,yoshi,sheik,dair,implemented,untested,True,common-aerial,,[]
2310,yoshi,falco,nair,implemented,untested,True,common-aerial,,[]
2311,yoshi,falco,fair,implemented,untested,True,common-aerial,,[]
2312,yoshi,falco,bair,implemented,untested,True,common-aerial,,[]
2313,yoshi,falco,uair,implemented,untested,True,common-aerial,,[]
2314,yoshi,falco,dair,implemented,untested,True,common-aerial,,[]
2315,yoshi,young_link,nair,implemented,untested,True,common-aerial,,[]
2316,yoshi,young_link,fair,implemented,untested,True,common-aerial,,[]
2317,yoshi,young_link,bair,implemented,untested,True,common-aerial,,[]
2318,yoshi,young_link,uair,implemented,untested,True,common-aerial,,[]
2319,yoshi,young_link,dair,implemented,untested,True,link-down-bounce,,[]
2320,yoshi,dr_mario,nair,implemented,untested,True,common-aerial,,[]
2321,yoshi,dr_mario,fair,implemented,untested,True,common-aerial,,[]
2322,yoshi,dr_mario,bair,implemented,untested,True,common-aerial,,[]
2323,yoshi,dr_mario,uair,implemented,untested,True,common-aerial,,[]
2324,yoshi,dr_mario,dair,implemented,untested,True,common-aerial,,[]
2325,yoshi,roy,nair,implemented,untested,True,common-aerial,,[]
2326,yoshi,roy,fair,implemented,untested,True,common-aerial,,[]
2327,yoshi,roy,bair,implemented,untested,True,common-aerial,,[]
2328,yoshi,roy,uair,implemented,untested,True,common-aerial,,[]
2329,yoshi,roy,dair,implemented,untested,True,common-aerial,,[]
2330,yoshi,pichu,nair,implemented,untested,True,common-aerial,,[]
2331,yoshi,pichu,fair,implemented,runtime-tested,True,common-aerial,,"[{""status"":""runtime-tested"",""profile"":""debug"",""lifecycle"":true,""stress"":true,""native_jab"":false,""adapter_assertion"":false,""backend"":""profile-default"",""dol_sha1"":""81533ece59d729a3aef5495e6185c60b616e27b3"",""evidence"":""docs/evidence/aerials/current/aerials-debug-stress-0-130.json"",""log_sha256"":""49529f3c79e4d63320368cef9d60b49620a7ac6fd09d26c7e7aec9afcdfd6dca""},{""status"":""runtime-tested"",""profile"":""release"",""lifecycle"":true,""stress"":true,""native_jab"":true,""adapter_assertion"":false,""backend"":""profile-default"",""dol_sha1"":""36c24894da8b0649624bd1277c126c7533e46b54"",""evidence"":""docs/evidence/aerials/current/aerials-release-stress-0-130.json"",""log_sha256"":""fbc9a3bcc32b3f6ab77bd81ee710a8f2fa5e8c5773149e6da91736b32a1de458""}]"
2332,yoshi,pichu,bair,implemented,untested,True,common-aerial,,[]
2333,yoshi,pichu,uair,implemented,untested,True,common-aerial,,[]
2334,yoshi,pichu,dair,implemented,untested,True,common-aerial,,[]
2335,yoshi,ganondorf,nair,implemented,untested,True,common-aerial,,[]
2336,yoshi,ganondorf,fair,implemented,untested,True,common-aerial,,[]
2337,yoshi,ganondorf,bair,implemented,untested,True,common-aerial,,[]
2338,yoshi,ganondorf,uair,implemented,untested,True,common-aerial,,[]
2339,yoshi,ganondorf,dair,implemented,untested,True,common-aerial,,[]
2340,zelda,captain_falcon,nair,implemented,untested,True,common-aerial,,[]
2341,zelda,captain_falcon,fair,implemented,untested,True,common-aerial,,[]
2342,zelda,captain_falcon,bair,implemented,untested,True,common-aerial,,[]
2343,zelda,captain_falcon,uair,implemented,untested,True,common-aerial,,[]
2344,zelda,captain_falcon,dair,implemented,untested,True,common-aerial,,[]
2345,zelda,donkey_kong,nair,implemented,untested,True,common-aerial,,[]
2346,zelda,donkey_kong,fair,implemented,untested,True,common-aerial,,[]
2347,zelda,donkey_kong,bair,implemented,untested,True,common-aerial,,[]
2348,zelda,donkey_kong,uair,implemented,untested,True,common-aerial,,[]
2349,zelda,donkey_kong,dair,implemented,untested,True,common-aerial,,[]
2350,zelda,fox,nair,implemented,untested,True,common-aerial,,[]
2351,zelda,fox,fair,implemented,untested,True,common-aerial,,[]
2352,zelda,fox,bair,implemented,untested,True,common-aerial,,[]
2353,zelda,fox,uair,implemented,untested,True,common-aerial,,[]
2354,zelda,fox,dair,implemented,untested,True,common-aerial,,[]
2355,zelda,game_and_watch,nair,implemented,untested,True,gamewatch-articles,,[]
2356,zelda,game_and_watch,fair,implemented,untested,True,common-aerial,,[]
2357,zelda,game_and_watch,bair,implemented,untested,True,gamewatch-articles,,[]
2358,zelda,game_and_watch,uair,implemented,runtime-tested,True,gamewatch-articles,,"[{""status"":""runtime-tested"",""profile"":""debug"",""lifecycle"":true,""stress"":true,""native_jab"":false,""adapter_assertion"":false,""backend"":""profile-default"",""dol_sha1"":""81533ece59d729a3aef5495e6185c60b616e27b3"",""evidence"":""docs/evidence/aerials/current/aerials-debug-stress-0-130.json"",""log_sha256"":""49529f3c79e4d63320368cef9d60b49620a7ac6fd09d26c7e7aec9afcdfd6dca""},{""status"":""runtime-tested"",""profile"":""release"",""lifecycle"":true,""stress"":true,""native_jab"":true,""adapter_assertion"":true,""backend"":""profile-default"",""dol_sha1"":""36c24894da8b0649624bd1277c126c7533e46b54"",""evidence"":""docs/evidence/aerials/current/aerials-release-stress-0-130.json"",""log_sha256"":""fbc9a3bcc32b3f6ab77bd81ee710a8f2fa5e8c5773149e6da91736b32a1de458""}]"
2359,zelda,game_and_watch,dair,implemented,untested,True,common-aerial,,[]
2360,zelda,kirby,nair,implemented,untested,True,common-aerial,,[]
2361,zelda,kirby,fair,implemented,untested,True,common-aerial,,[]
2362,zelda,kirby,bair,implemented,untested,True,common-aerial,,[]
2363,zelda,kirby,uair,implemented,untested,True,common-aerial,,[]
2364,zelda,kirby,dair,implemented,untested,True,common-aerial,,[]
2365,zelda,bowser,nair,implemented,untested,True,common-aerial,,[]
2366,zelda,bowser,fair,implemented,untested,True,common-aerial,,[]
2367,zelda,bowser,bair,implemented,untested,True,common-aerial,,[]
2368,zelda,bowser,uair,implemented,untested,True,common-aerial,,[]
2369,zelda,bowser,dair,implemented,untested,True,common-aerial,,[]
2370,zelda,link,nair,implemented,untested,True,common-aerial,,[]
2371,zelda,link,fair,implemented,untested,True,common-aerial,,[]
2372,zelda,link,bair,implemented,untested,True,common-aerial,,[]
2373,zelda,link,uair,implemented,untested,True,common-aerial,,[]
2374,zelda,link,dair,implemented,untested,True,link-down-bounce,,[]
2375,zelda,luigi,nair,implemented,untested,True,common-aerial,,[]
2376,zelda,luigi,fair,implemented,untested,True,common-aerial,,[]
2377,zelda,luigi,bair,implemented,untested,True,common-aerial,,[]
2378,zelda,luigi,uair,implemented,untested,True,common-aerial,,[]
2379,zelda,luigi,dair,implemented,untested,True,common-aerial,,[]
2380,zelda,mario,nair,implemented,untested,True,common-aerial,,[]
2381,zelda,mario,fair,implemented,untested,True,common-aerial,,[]
2382,zelda,mario,bair,implemented,untested,True,common-aerial,,[]
2383,zelda,mario,uair,implemented,untested,True,common-aerial,,[]
2384,zelda,mario,dair,implemented,runtime-tested,True,common-aerial,,"[{""status"":""runtime-tested"",""profile"":""debug"",""lifecycle"":true,""stress"":true,""native_jab"":false,""adapter_assertion"":false,""backend"":""profile-default"",""dol_sha1"":""81533ece59d729a3aef5495e6185c60b616e27b3"",""evidence"":""docs/evidence/aerials/current/aerials-debug-stress-0-130.json"",""log_sha256"":""49529f3c79e4d63320368cef9d60b49620a7ac6fd09d26c7e7aec9afcdfd6dca""},{""status"":""runtime-tested"",""profile"":""release"",""lifecycle"":true,""stress"":true,""native_jab"":true,""adapter_assertion"":false,""backend"":""profile-default"",""dol_sha1"":""36c24894da8b0649624bd1277c126c7533e46b54"",""evidence"":""docs/evidence/aerials/current/aerials-release-stress-0-130.json"",""log_sha256"":""fbc9a3bcc32b3f6ab77bd81ee710a8f2fa5e8c5773149e6da91736b32a1de458""}]"
2385,zelda,marth,nair,implemented,untested,True,common-aerial,,[]
2386,zelda,marth,fair,implemented,untested,True,common-aerial,,[]
2387,zelda,marth,bair,implemented,untested,True,common-aerial,,[]
2388,zelda,marth,uair,implemented,untested,True,common-aerial,,[]
2389,zelda,marth,dair,implemented,untested,True,common-aerial,,[]
2390,zelda,mewtwo,nair,implemented,untested,True,common-aerial,,[]
2391,zelda,mewtwo,fair,implemented,untested,True,common-aerial,,[]
2392,zelda,mewtwo,bair,implemented,untested,True,common-aerial,,[]
2393,zelda,mewtwo,uair,implemented,untested,True,common-aerial,,[]
2394,zelda,mewtwo,dair,implemented,untested,True,common-aerial,,[]
2395,zelda,ness,nair,implemented,untested,True,common-aerial,,[]
2396,zelda,ness,fair,implemented,untested,True,common-aerial,,[]
2397,zelda,ness,bair,implemented,untested,True,common-aerial,,[]
2398,zelda,ness,uair,implemented,untested,True,common-aerial,,[]
2399,zelda,ness,dair,implemented,untested,True,common-aerial,,[]
2400,zelda,peach,nair,implemented,untested,True,common-aerial,,[]
2401,zelda,peach,fair,implemented,untested,True,common-aerial,,[]
2402,zelda,peach,bair,implemented,untested,True,common-aerial,,[]
2403,zelda,peach,uair,implemented,untested,True,common-aerial,,[]
2404,zelda,peach,dair,implemented,untested,True,common-aerial,,[]
2405,zelda,pikachu,nair,implemented,untested,True,common-aerial,,[]
2406,zelda,pikachu,fair,implemented,untested,True,common-aerial,,[]
2407,zelda,pikachu,bair,implemented,untested,True,common-aerial,,[]
2408,zelda,pikachu,uair,implemented,untested,True,common-aerial,,[]
2409,zelda,pikachu,dair,implemented,untested,True,common-aerial,,[]
2410,zelda,ice_climbers,nair,implemented,runtime-tested,True,common-aerial,,"[{""status"":""runtime-tested"",""profile"":""debug"",""lifecycle"":true,""stress"":true,""native_jab"":false,""adapter_assertion"":false,""backend"":""profile-default"",""dol_sha1"":""81533ece59d729a3aef5495e6185c60b616e27b3"",""evidence"":""docs/evidence/aerials/current/aerials-debug-stress-0-130.json"",""log_sha256"":""49529f3c79e4d63320368cef9d60b49620a7ac6fd09d26c7e7aec9afcdfd6dca""},{""status"":""runtime-tested"",""profile"":""release"",""lifecycle"":true,""stress"":true,""native_jab"":true,""adapter_assertion"":false,""backend"":""profile-default"",""dol_sha1"":""36c24894da8b0649624bd1277c126c7533e46b54"",""evidence"":""docs/evidence/aerials/current/aerials-release-stress-0-130.json"",""log_sha256"":""fbc9a3bcc32b3f6ab77bd81ee710a8f2fa5e8c5773149e6da91736b32a1de458""}]"
2411,zelda,ice_climbers,fair,implemented,untested,True,common-aerial,,[]
2412,zelda,ice_climbers,bair,implemented,untested,True,common-aerial,,[]
2413,zelda,ice_climbers,uair,implemented,untested,True,common-aerial,,[]
2414,zelda,ice_climbers,dair,implemented,untested,True,common-aerial,,[]
2415,zelda,jigglypuff,nair,implemented,untested,True,common-aerial,,[]
2416,zelda,jigglypuff,fair,implemented,untested,True,common-aerial,,[]
2417,zelda,jigglypuff,bair,implemented,untested,True,common-aerial,,[]
2418,zelda,jigglypuff,uair,implemented,untested,True,common-aerial,,[]
2419,zelda,jigglypuff,dair,implemented,untested,True,common-aerial,,[]
2420,zelda,samus,nair,implemented,untested,True,common-aerial,,[]
2421,zelda,samus,fair,implemented,untested,True,common-aerial,,[]
2422,zelda,samus,bair,implemented,untested,True,common-aerial,,[]
2423,zelda,samus,uair,implemented,untested,True,common-aerial,,[]
2424,zelda,samus,dair,implemented,untested,True,common-aerial,,[]
2425,zelda,yoshi,nair,implemented,untested,True,common-aerial,,[]
2426,zelda,yoshi,fair,implemented,untested,True,common-aerial,,[]
2427,zelda,yoshi,bair,implemented,untested,True,common-aerial,,[]
2428,zelda,yoshi,uair,implemented,untested,True,common-aerial,,[]
2429,zelda,yoshi,dair,implemented,untested,True,common-aerial,,[]
2430,zelda,zelda,nair,implemented,untested,False,common-aerial,Identical donor: keep the native slot,[]
2431,zelda,zelda,fair,implemented,untested,False,common-aerial,Identical donor: keep the native slot,[]
2432,zelda,zelda,bair,implemented,untested,False,common-aerial,Identical donor: keep the native slot,[]
2433,zelda,zelda,uair,implemented,untested,False,common-aerial,Identical donor: keep the native slot,[]
2434,zelda,zelda,dair,implemented,untested,False,common-aerial,Identical donor: keep the native slot,[]
2435,zelda,sheik,nair,implemented,untested,True,common-aerial,,[]
2436,zelda,sheik,fair,implemented,runtime-tested,True,common-aerial,,"[{""status"":""runtime-tested"",""profile"":""debug"",""lifecycle"":true,""stress"":true,""native_jab"":false,""adapter_assertion"":false,""backend"":""profile-default"",""dol_sha1"":""81533ece59d729a3aef5495e6185c60b616e27b3"",""evidence"":""docs/evidence/aerials/current/aerials-debug-stress-0-130.json"",""log_sha256"":""49529f3c79e4d63320368cef9d60b49620a7ac6fd09d26c7e7aec9afcdfd6dca""},{""status"":""runtime-tested"",""profile"":""release"",""lifecycle"":true,""stress"":true,""native_jab"":true,""adapter_assertion"":false,""backend"":""profile-default"",""dol_sha1"":""36c24894da8b0649624bd1277c126c7533e46b54"",""evidence"":""docs/evidence/aerials/current/aerials-release-stress-0-130.json"",""log_sha256"":""fbc9a3bcc32b3f6ab77bd81ee710a8f2fa5e8c5773149e6da91736b32a1de458""}]"
2437,zelda,sheik,bair,implemented,untested,True,common-aerial,,[]
2438,zelda,sheik,uair,implemented,untested,True,common-aerial,,[]
2439,zelda,sheik,dair,implemented,untested,True,common-aerial,,[]
2440,zelda,falco,nair,implemented,untested,True,common-aerial,,[]
2441,zelda,falco,fair,implemented,untested,True,common-aerial,,[]
2442,zelda,falco,bair,implemented,untested,True,common-aerial,,[]
2443,zelda,falco,uair,implemented,untested,True,common-aerial,,[]
2444,zelda,falco,dair,implemented,untested,True,common-aerial,,[]
2445,zelda,young_link,nair,implemented,untested,True,common-aerial,,[]
2446,zelda,young_link,fair,implemented,untested,True,common-aerial,,[]
2447,zelda,young_link,bair,implemented,untested,True,common-aerial,,[]
2448,zelda,young_link,uair,implemented,untested,True,common-aerial,,[]
2449,zelda,young_link,dair,implemented,untested,True,link-down-bounce,,[]
2450,zelda,dr_mario,nair,implemented,untested,True,common-aerial,,[]
2451,zelda,dr_mario,fair,implemented,untested,True,common-aerial,,[]
2452,zelda,dr_mario,bair,implemented,untested,True,common-aerial,,[]
2453,zelda,dr_mario,uair,implemented,untested,True,common-aerial,,[]
2454,zelda,dr_mario,dair,implemented,untested,True,common-aerial,,[]
2455,zelda,roy,nair,implemented,untested,True,common-aerial,,[]
2456,zelda,roy,fair,implemented,untested,True,common-aerial,,[]
2457,zelda,roy,bair,implemented,untested,True,common-aerial,,[]
2458,zelda,roy,uair,implemented,untested,True,common-aerial,,[]
2459,zelda,roy,dair,implemented,untested,True,common-aerial,,[]
2460,zelda,pichu,nair,implemented,untested,True,common-aerial,,[]
2461,zelda,pichu,fair,implemented,untested,True,common-aerial,,[]
2462,zelda,pichu,bair,implemented,runtime-tested,True,common-aerial,,"[{""status"":""runtime-tested"",""profile"":""debug"",""lifecycle"":true,""stress"":true,""native_jab"":false,""adapter_assertion"":false,""backend"":""profile-default"",""dol_sha1"":""81533ece59d729a3aef5495e6185c60b616e27b3"",""evidence"":""docs/evidence/aerials/current/aerials-debug-stress-0-130.json"",""log_sha256"":""49529f3c79e4d63320368cef9d60b49620a7ac6fd09d26c7e7aec9afcdfd6dca""},{""status"":""runtime-tested"",""profile"":""release"",""lifecycle"":true,""stress"":true,""native_jab"":true,""adapter_assertion"":false,""backend"":""profile-default"",""dol_sha1"":""36c24894da8b0649624bd1277c126c7533e46b54"",""evidence"":""docs/evidence/aerials/current/aerials-release-stress-0-130.json"",""log_sha256"":""fbc9a3bcc32b3f6ab77bd81ee710a8f2fa5e8c5773149e6da91736b32a1de458""}]"
2463,zelda,pichu,uair,implemented,untested,True,common-aerial,,[]
2464,zelda,pichu,dair,implemented,untested,True,common-aerial,,[]
2465,zelda,ganondorf,nair,implemented,untested,True,common-aerial,,[]
2466,zelda,ganondorf,fair,implemented,untested,True,common-aerial,,[]
2467,zelda,ganondorf,bair,implemented,untested,True,common-aerial,,[]
2468,zelda,ganondorf,uair,implemented,untested,True,common-aerial,,[]
2469,zelda,ganondorf,dair,implemented,untested,True,common-aerial,,[]
2470,sheik,captain_falcon,nair,implemented,untested,True,common-aerial,,[]
2471,sheik,captain_falcon,fair,implemented,untested,True,common-aerial,,[]
2472,sheik,captain_falcon,bair,implemented,untested,True,common-aerial,,[]
2473,sheik,captain_falcon,uair,implemented,untested,True,common-aerial,,[]
2474,sheik,captain_falcon,dair,implemented,untested,True,common-aerial,,[]
2475,sheik,donkey_kong,nair,implemented,untested,True,common-aerial,,[]
2476,sheik,donkey_kong,fair,implemented,untested,True,common-aerial,,[]
2477,sheik,donkey_kong,bair,implemented,untested,True,common-aerial,,[]
2478,sheik,donkey_kong,uair,implemented,untested,True,common-aerial,,[]
2479,sheik,donkey_kong,dair,implemented,untested,True,common-aerial,,[]
2480,sheik,fox,nair,implemented,untested,True,common-aerial,,[]
2481,sheik,fox,fair,implemented,untested,True,common-aerial,,[]
2482,sheik,fox,bair,implemented,untested,True,common-aerial,,[]
2483,sheik,fox,uair,implemented,untested,True,common-aerial,,[]
2484,sheik,fox,dair,implemented,untested,True,common-aerial,,[]
2485,sheik,game_and_watch,nair,implemented,untested,True,gamewatch-articles,,[]
2486,sheik,game_and_watch,fair,implemented,untested,True,common-aerial,,[]
2487,sheik,game_and_watch,bair,implemented,untested,True,gamewatch-articles,,[]
2488,sheik,game_and_watch,uair,implemented,untested,True,gamewatch-articles,,[]
2489,sheik,game_and_watch,dair,implemented,runtime-tested,True,common-aerial,,"[{""status"":""runtime-tested"",""profile"":""debug"",""lifecycle"":true,""stress"":true,""native_jab"":false,""adapter_assertion"":false,""backend"":""profile-default"",""dol_sha1"":""81533ece59d729a3aef5495e6185c60b616e27b3"",""evidence"":""docs/evidence/aerials/current/aerials-debug-stress-0-130.json"",""log_sha256"":""49529f3c79e4d63320368cef9d60b49620a7ac6fd09d26c7e7aec9afcdfd6dca""},{""status"":""runtime-tested"",""profile"":""release"",""lifecycle"":true,""stress"":true,""native_jab"":true,""adapter_assertion"":false,""backend"":""profile-default"",""dol_sha1"":""36c24894da8b0649624bd1277c126c7533e46b54"",""evidence"":""docs/evidence/aerials/current/aerials-release-stress-0-130.json"",""log_sha256"":""fbc9a3bcc32b3f6ab77bd81ee710a8f2fa5e8c5773149e6da91736b32a1de458""}]"
2490,sheik,kirby,nair,implemented,untested,True,common-aerial,,[]
2491,sheik,kirby,fair,implemented,untested,True,common-aerial,,[]
2492,sheik,kirby,bair,implemented,untested,True,common-aerial,,[]
2493,sheik,kirby,uair,implemented,untested,True,common-aerial,,[]
2494,sheik,kirby,dair,implemented,untested,True,common-aerial,,[]
2495,sheik,bowser,nair,implemented,untested,True,common-aerial,,[]
2496,sheik,bowser,fair,implemented,untested,True,common-aerial,,[]
2497,sheik,bowser,bair,implemented,untested,True,common-aerial,,[]
2498,sheik,bowser,uair,implemented,untested,True,common-aerial,,[]
2499,sheik,bowser,dair,implemented,untested,True,common-aerial,,[]
2500,sheik,link,nair,implemented,untested,True,common-aerial,,[]
2501,sheik,link,fair,implemented,untested,True,common-aerial,,[]
2502,sheik,link,bair,implemented,untested,True,common-aerial,,[]
2503,sheik,link,uair,implemented,untested,True,common-aerial,,[]
2504,sheik,link,dair,implemented,untested,True,link-down-bounce,,[]
2505,sheik,luigi,nair,implemented,untested,True,common-aerial,,[]
2506,sheik,luigi,fair,implemented,untested,True,common-aerial,,[]
2507,sheik,luigi,bair,implemented,untested,True,common-aerial,,[]
2508,sheik,luigi,uair,implemented,untested,True,common-aerial,,[]
2509,sheik,luigi,dair,implemented,untested,True,common-aerial,,[]
2510,sheik,mario,nair,implemented,untested,True,common-aerial,,[]
2511,sheik,mario,fair,implemented,untested,True,common-aerial,,[]
2512,sheik,mario,bair,implemented,untested,True,common-aerial,,[]
2513,sheik,mario,uair,implemented,untested,True,common-aerial,,[]
2514,sheik,mario,dair,implemented,untested,True,common-aerial,,[]
2515,sheik,marth,nair,implemented,runtime-tested,True,common-aerial,,"[{""status"":""runtime-tested"",""profile"":""debug"",""lifecycle"":true,""stress"":true,""native_jab"":false,""adapter_assertion"":false,""backend"":""profile-default"",""dol_sha1"":""81533ece59d729a3aef5495e6185c60b616e27b3"",""evidence"":""docs/evidence/aerials/current/aerials-debug-stress-0-130.json"",""log_sha256"":""49529f3c79e4d63320368cef9d60b49620a7ac6fd09d26c7e7aec9afcdfd6dca""},{""status"":""runtime-tested"",""profile"":""release"",""lifecycle"":true,""stress"":true,""native_jab"":true,""adapter_assertion"":false,""backend"":""profile-default"",""dol_sha1"":""36c24894da8b0649624bd1277c126c7533e46b54"",""evidence"":""docs/evidence/aerials/current/aerials-release-stress-0-130.json"",""log_sha256"":""fbc9a3bcc32b3f6ab77bd81ee710a8f2fa5e8c5773149e6da91736b32a1de458""}]"
2516,sheik,marth,fair,implemented,untested,True,common-aerial,,[]
2517,sheik,marth,bair,implemented,untested,True,common-aerial,,[]
2518,sheik,marth,uair,implemented,untested,True,common-aerial,,[]
2519,sheik,marth,dair,implemented,untested,True,common-aerial,,[]
2520,sheik,mewtwo,nair,implemented,untested,True,common-aerial,,[]
2521,sheik,mewtwo,fair,implemented,untested,True,common-aerial,,[]
2522,sheik,mewtwo,bair,implemented,untested,True,common-aerial,,[]
2523,sheik,mewtwo,uair,implemented,untested,True,common-aerial,,[]
2524,sheik,mewtwo,dair,implemented,untested,True,common-aerial,,[]
2525,sheik,ness,nair,implemented,untested,True,common-aerial,,[]
2526,sheik,ness,fair,implemented,untested,True,common-aerial,,[]
2527,sheik,ness,bair,implemented,untested,True,common-aerial,,[]
2528,sheik,ness,uair,implemented,untested,True,common-aerial,,[]
2529,sheik,ness,dair,implemented,untested,True,common-aerial,,[]
2530,sheik,peach,nair,implemented,untested,True,common-aerial,,[]
2531,sheik,peach,fair,implemented,untested,True,common-aerial,,[]
2532,sheik,peach,bair,implemented,untested,True,common-aerial,,[]
2533,sheik,peach,uair,implemented,untested,True,common-aerial,,[]
2534,sheik,peach,dair,implemented,untested,True,common-aerial,,[]
2535,sheik,pikachu,nair,implemented,untested,True,common-aerial,,[]
2536,sheik,pikachu,fair,implemented,untested,True,common-aerial,,[]
2537,sheik,pikachu,bair,implemented,untested,True,common-aerial,,[]
2538,sheik,pikachu,uair,implemented,untested,True,common-aerial,,[]
2539,sheik,pikachu,dair,implemented,untested,True,common-aerial,,[]
2540,sheik,ice_climbers,nair,implemented,untested,True,common-aerial,,[]
2541,sheik,ice_climbers,fair,implemented,runtime-tested,True,common-aerial,,"[{""status"":""runtime-tested"",""profile"":""debug"",""lifecycle"":true,""stress"":true,""native_jab"":false,""adapter_assertion"":false,""backend"":""profile-default"",""dol_sha1"":""81533ece59d729a3aef5495e6185c60b616e27b3"",""evidence"":""docs/evidence/aerials/current/aerials-debug-stress-0-130.json"",""log_sha256"":""49529f3c79e4d63320368cef9d60b49620a7ac6fd09d26c7e7aec9afcdfd6dca""},{""status"":""runtime-tested"",""profile"":""release"",""lifecycle"":true,""stress"":true,""native_jab"":true,""adapter_assertion"":false,""backend"":""profile-default"",""dol_sha1"":""36c24894da8b0649624bd1277c126c7533e46b54"",""evidence"":""docs/evidence/aerials/current/aerials-release-stress-0-130.json"",""log_sha256"":""fbc9a3bcc32b3f6ab77bd81ee710a8f2fa5e8c5773149e6da91736b32a1de458""}]"
2542,sheik,ice_climbers,bair,implemented,untested,True,common-aerial,,[]
2543,sheik,ice_climbers,uair,implemented,untested,True,common-aerial,,[]
2544,sheik,ice_climbers,dair,implemented,untested,True,common-aerial,,[]
2545,sheik,jigglypuff,nair,implemented,untested,True,common-aerial,,[]
2546,sheik,jigglypuff,fair,implemented,untested,True,common-aerial,,[]
2547,sheik,jigglypuff,bair,implemented,untested,True,common-aerial,,[]
2548,sheik,jigglypuff,uair,implemented,untested,True,common-aerial,,[]
2549,sheik,jigglypuff,dair,implemented,untested,True,common-aerial,,[]
2550,sheik,samus,nair,implemented,untested,True,common-aerial,,[]
2551,sheik,samus,fair,implemented,untested,True,common-aerial,,[]
2552,sheik,samus,bair,implemented,untested,True,common-aerial,,[]
2553,sheik,samus,uair,implemented,untested,True,common-aerial,,[]
2554,sheik,samus,dair,implemented,untested,True,common-aerial,,[]
2555,sheik,yoshi,nair,implemented,untested,True,common-aerial,,[]
2556,sheik,yoshi,fair,implemented,untested,True,common-aerial,,[]
2557,sheik,yoshi,bair,implemented,untested,True,common-aerial,,[]
2558,sheik,yoshi,uair,implemented,untested,True,common-aerial,,[]
2559,sheik,yoshi,dair,implemented,untested,True,common-aerial,,[]
2560,sheik,zelda,nair,implemented,untested,True,common-aerial,,[]
2561,sheik,zelda,fair,implemented,untested,True,common-aerial,,[]
2562,sheik,zelda,bair,implemented,untested,True,common-aerial,,[]
2563,sheik,zelda,uair,implemented,untested,True,common-aerial,,[]
2564,sheik,zelda,dair,implemented,untested,True,common-aerial,,[]
2565,sheik,sheik,nair,implemented,untested,False,common-aerial,Identical donor: keep the native slot,[]
2566,sheik,sheik,fair,implemented,untested,False,common-aerial,Identical donor: keep the native slot,[]
2567,sheik,sheik,bair,implemented,runtime-tested,False,common-aerial,Identical donor: keep the native slot,"[{""status"":""runtime-tested"",""profile"":""debug"",""lifecycle"":true,""stress"":true,""native_jab"":false,""adapter_assertion"":false,""backend"":""profile-default"",""dol_sha1"":""81533ece59d729a3aef5495e6185c60b616e27b3"",""evidence"":""docs/evidence/aerials/current/aerials-debug-stress-0-130.json"",""log_sha256"":""49529f3c79e4d63320368cef9d60b49620a7ac6fd09d26c7e7aec9afcdfd6dca""},{""status"":""runtime-tested"",""profile"":""release"",""lifecycle"":true,""stress"":true,""native_jab"":true,""adapter_assertion"":false,""backend"":""profile-default"",""dol_sha1"":""36c24894da8b0649624bd1277c126c7533e46b54"",""evidence"":""docs/evidence/aerials/current/aerials-release-stress-0-130.json"",""log_sha256"":""fbc9a3bcc32b3f6ab77bd81ee710a8f2fa5e8c5773149e6da91736b32a1de458""}]"
2568,sheik,sheik,uair,implemented,untested,False,common-aerial,Identical donor: keep the native slot,[]
2569,sheik,sheik,dair,implemented,untested,False,common-aerial,Identical donor: keep the native slot,[]
2570,sheik,falco,nair,implemented,untested,True,common-aerial,,[]
2571,sheik,falco,fair,implemented,untested,True,common-aerial,,[]
2572,sheik,falco,bair,implemented,untested,True,common-aerial,,[]
2573,sheik,falco,uair,implemented,untested,True,common-aerial,,[]
2574,sheik,falco,dair,implemented,untested,True,common-aerial,,[]
2575,sheik,young_link,nair,implemented,untested,True,common-aerial,,[]
2576,sheik,young_link,fair,implemented,untested,True,common-aerial,,[]
2577,sheik,young_link,bair,implemented,untested,True,common-aerial,,[]
2578,sheik,young_link,uair,implemented,untested,True,common-aerial,,[]
2579,sheik,young_link,dair,implemented,untested,True,link-down-bounce,,[]
2580,sheik,dr_mario,nair,implemented,untested,True,common-aerial,,[]
2581,sheik,dr_mario,fair,implemented,untested,True,common-aerial,,[]
2582,sheik,dr_mario,bair,implemented,untested,True,common-aerial,,[]
2583,sheik,dr_mario,uair,implemented,untested,True,common-aerial,,[]
2584,sheik,dr_mario,dair,implemented,untested,True,common-aerial,,[]
2585,sheik,roy,nair,implemented,untested,True,common-aerial,,[]
2586,sheik,roy,fair,implemented,untested,True,common-aerial,,[]
2587,sheik,roy,bair,implemented,untested,True,common-aerial,,[]
2588,sheik,roy,uair,implemented,untested,True,common-aerial,,[]
2589,sheik,roy,dair,implemented,untested,True,common-aerial,,[]
2590,sheik,pichu,nair,implemented,untested,True,common-aerial,,[]
2591,sheik,pichu,fair,implemented,untested,True,common-aerial,,[]
2592,sheik,pichu,bair,implemented,untested,True,common-aerial,,[]
2593,sheik,pichu,uair,implemented,runtime-tested,True,common-aerial,,"[{""status"":""runtime-tested"",""profile"":""debug"",""lifecycle"":true,""stress"":true,""native_jab"":false,""adapter_assertion"":false,""backend"":""profile-default"",""dol_sha1"":""81533ece59d729a3aef5495e6185c60b616e27b3"",""evidence"":""docs/evidence/aerials/current/aerials-debug-stress-0-130.json"",""log_sha256"":""49529f3c79e4d63320368cef9d60b49620a7ac6fd09d26c7e7aec9afcdfd6dca""},{""status"":""runtime-tested"",""profile"":""release"",""lifecycle"":true,""stress"":true,""native_jab"":true,""adapter_assertion"":false,""backend"":""profile-default"",""dol_sha1"":""36c24894da8b0649624bd1277c126c7533e46b54"",""evidence"":""docs/evidence/aerials/current/aerials-release-stress-0-130.json"",""log_sha256"":""fbc9a3bcc32b3f6ab77bd81ee710a8f2fa5e8c5773149e6da91736b32a1de458""}]"
2594,sheik,pichu,dair,implemented,untested,True,common-aerial,,[]
2595,sheik,ganondorf,nair,implemented,untested,True,common-aerial,,[]
2596,sheik,ganondorf,fair,implemented,untested,True,common-aerial,,[]
2597,sheik,ganondorf,bair,implemented,untested,True,common-aerial,,[]
2598,sheik,ganondorf,uair,implemented,untested,True,common-aerial,,[]
2599,sheik,ganondorf,dair,implemented,untested,True,common-aerial,,[]
2600,falco,captain_falcon,nair,implemented,untested,True,common-aerial,,[]
2601,falco,captain_falcon,fair,implemented,untested,True,common-aerial,,[]
2602,falco,captain_falcon,bair,implemented,untested,True,common-aerial,,[]
2603,falco,captain_falcon,uair,implemented,untested,True,common-aerial,,[]
2604,falco,captain_falcon,dair,implemented,untested,True,common-aerial,,[]
2605,falco,donkey_kong,nair,implemented,untested,True,common-aerial,,[]
2606,falco,donkey_kong,fair,implemented,untested,True,common-aerial,,[]
2607,falco,donkey_kong,bair,implemented,untested,True,common-aerial,,[]
2608,falco,donkey_kong,uair,implemented,untested,True,common-aerial,,[]
2609,falco,donkey_kong,dair,implemented,untested,True,common-aerial,,[]
2610,falco,fox,nair,implemented,untested,True,common-aerial,,[]
2611,falco,fox,fair,implemented,untested,True,common-aerial,,[]
2612,falco,fox,bair,implemented,untested,True,common-aerial,,[]
2613,falco,fox,uair,implemented,untested,True,common-aerial,,[]
2614,falco,fox,dair,implemented,untested,True,common-aerial,,[]
2615,falco,game_and_watch,nair,implemented,untested,True,gamewatch-articles,,[]
2616,falco,game_and_watch,fair,implemented,untested,True,common-aerial,,[]
2617,falco,game_and_watch,bair,implemented,untested,True,gamewatch-articles,,[]
2618,falco,game_and_watch,uair,implemented,untested,True,gamewatch-articles,,[]
2619,falco,game_and_watch,dair,implemented,untested,True,common-aerial,,[]
2620,falco,kirby,nair,implemented,runtime-tested,True,common-aerial,,"[{""status"":""runtime-tested"",""profile"":""debug"",""lifecycle"":true,""stress"":true,""native_jab"":false,""adapter_assertion"":false,""backend"":""profile-default"",""dol_sha1"":""81533ece59d729a3aef5495e6185c60b616e27b3"",""evidence"":""docs/evidence/aerials/current/aerials-debug-stress-0-130.json"",""log_sha256"":""49529f3c79e4d63320368cef9d60b49620a7ac6fd09d26c7e7aec9afcdfd6dca""},{""status"":""runtime-tested"",""profile"":""release"",""lifecycle"":true,""stress"":true,""native_jab"":true,""adapter_assertion"":false,""backend"":""profile-default"",""dol_sha1"":""36c24894da8b0649624bd1277c126c7533e46b54"",""evidence"":""docs/evidence/aerials/current/aerials-release-stress-0-130.json"",""log_sha256"":""fbc9a3bcc32b3f6ab77bd81ee710a8f2fa5e8c5773149e6da91736b32a1de458""}]"
2621,falco,kirby,fair,implemented,untested,True,common-aerial,,[]
2622,falco,kirby,bair,implemented,untested,True,common-aerial,,[]
2623,falco,kirby,uair,implemented,untested,True,common-aerial,,[]
2624,falco,kirby,dair,implemented,untested,True,common-aerial,,[]
2625,falco,bowser,nair,implemented,untested,True,common-aerial,,[]
2626,falco,bowser,fair,implemented,untested,True,common-aerial,,[]
2627,falco,bowser,bair,implemented,untested,True,common-aerial,,[]
2628,falco,bowser,uair,implemented,untested,True,common-aerial,,[]
2629,falco,bowser,dair,implemented,untested,True,common-aerial,,[]
2630,falco,link,nair,implemented,untested,True,common-aerial,,[]
2631,falco,link,fair,implemented,untested,True,common-aerial,,[]
2632,falco,link,bair,implemented,untested,True,common-aerial,,[]
2633,falco,link,uair,implemented,untested,True,common-aerial,,[]
2634,falco,link,dair,implemented,untested,True,link-down-bounce,,[]
2635,falco,luigi,nair,implemented,untested,True,common-aerial,,[]
2636,falco,luigi,fair,implemented,untested,True,common-aerial,,[]
2637,falco,luigi,bair,implemented,untested,True,common-aerial,,[]
2638,falco,luigi,uair,implemented,untested,True,common-aerial,,[]
2639,falco,luigi,dair,implemented,untested,True,common-aerial,,[]
2640,falco,mario,nair,implemented,untested,True,common-aerial,,[]
2641,falco,mario,fair,implemented,untested,True,common-aerial,,[]
2642,falco,mario,bair,implemented,untested,True,common-aerial,,[]
2643,falco,mario,uair,implemented,untested,True,common-aerial,,[]
2644,falco,mario,dair,implemented,untested,True,common-aerial,,[]
2645,falco,marth,nair,implemented,untested,True,common-aerial,,[]
2646,falco,marth,fair,implemented,runtime-tested,True,common-aerial,,"[{""status"":""runtime-tested"",""profile"":""debug"",""lifecycle"":true,""stress"":true,""native_jab"":false,""adapter_assertion"":false,""backend"":""profile-default"",""dol_sha1"":""81533ece59d729a3aef5495e6185c60b616e27b3"",""evidence"":""docs/evidence/aerials/current/aerials-debug-stress-0-130.json"",""log_sha256"":""49529f3c79e4d63320368cef9d60b49620a7ac6fd09d26c7e7aec9afcdfd6dca""},{""status"":""runtime-tested"",""profile"":""release"",""lifecycle"":true,""stress"":true,""native_jab"":true,""adapter_assertion"":false,""backend"":""profile-default"",""dol_sha1"":""36c24894da8b0649624bd1277c126c7533e46b54"",""evidence"":""docs/evidence/aerials/current/aerials-release-stress-0-130.json"",""log_sha256"":""fbc9a3bcc32b3f6ab77bd81ee710a8f2fa5e8c5773149e6da91736b32a1de458""}]"
2647,falco,marth,bair,implemented,untested,True,common-aerial,,[]
2648,falco,marth,uair,implemented,untested,True,common-aerial,,[]
2649,falco,marth,dair,implemented,untested,True,common-aerial,,[]
2650,falco,mewtwo,nair,implemented,untested,True,common-aerial,,[]
2651,falco,mewtwo,fair,implemented,untested,True,common-aerial,,[]
2652,falco,mewtwo,bair,implemented,untested,True,common-aerial,,[]
2653,falco,mewtwo,uair,implemented,untested,True,common-aerial,,[]
2654,falco,mewtwo,dair,implemented,untested,True,common-aerial,,[]
2655,falco,ness,nair,implemented,untested,True,common-aerial,,[]
2656,falco,ness,fair,implemented,untested,True,common-aerial,,[]
2657,falco,ness,bair,implemented,untested,True,common-aerial,,[]
2658,falco,ness,uair,implemented,untested,True,common-aerial,,[]
2659,falco,ness,dair,implemented,untested,True,common-aerial,,[]
2660,falco,peach,nair,implemented,untested,True,common-aerial,,[]
2661,falco,peach,fair,implemented,untested,True,common-aerial,,[]
2662,falco,peach,bair,implemented,untested,True,common-aerial,,[]
2663,falco,peach,uair,implemented,untested,True,common-aerial,,[]
2664,falco,peach,dair,implemented,untested,True,common-aerial,,[]
2665,falco,pikachu,nair,implemented,untested,True,common-aerial,,[]
2666,falco,pikachu,fair,implemented,untested,True,common-aerial,,[]
2667,falco,pikachu,bair,implemented,untested,True,common-aerial,,[]
2668,falco,pikachu,uair,implemented,untested,True,common-aerial,,[]
2669,falco,pikachu,dair,implemented,untested,True,common-aerial,,[]
2670,falco,ice_climbers,nair,implemented,untested,True,common-aerial,,[]
2671,falco,ice_climbers,fair,implemented,untested,True,common-aerial,,[]
2672,falco,ice_climbers,bair,implemented,runtime-tested,True,common-aerial,,"[{""status"":""runtime-tested"",""profile"":""debug"",""lifecycle"":true,""stress"":true,""native_jab"":false,""adapter_assertion"":false,""backend"":""profile-default"",""dol_sha1"":""81533ece59d729a3aef5495e6185c60b616e27b3"",""evidence"":""docs/evidence/aerials/current/aerials-debug-stress-0-130.json"",""log_sha256"":""49529f3c79e4d63320368cef9d60b49620a7ac6fd09d26c7e7aec9afcdfd6dca""},{""status"":""runtime-tested"",""profile"":""release"",""lifecycle"":true,""stress"":true,""native_jab"":true,""adapter_assertion"":false,""backend"":""profile-default"",""dol_sha1"":""36c24894da8b0649624bd1277c126c7533e46b54"",""evidence"":""docs/evidence/aerials/current/aerials-release-stress-0-130.json"",""log_sha256"":""fbc9a3bcc32b3f6ab77bd81ee710a8f2fa5e8c5773149e6da91736b32a1de458""}]"
2673,falco,ice_climbers,uair,implemented,untested,True,common-aerial,,[]
2674,falco,ice_climbers,dair,implemented,untested,True,common-aerial,,[]
2675,falco,jigglypuff,nair,implemented,untested,True,common-aerial,,[]
2676,falco,jigglypuff,fair,implemented,untested,True,common-aerial,,[]
2677,falco,jigglypuff,bair,implemented,untested,True,common-aerial,,[]
2678,falco,jigglypuff,uair,implemented,untested,True,common-aerial,,[]
2679,falco,jigglypuff,dair,implemented,untested,True,common-aerial,,[]
2680,falco,samus,nair,implemented,untested,True,common-aerial,,[]
2681,falco,samus,fair,implemented,untested,True,common-aerial,,[]
2682,falco,samus,bair,implemented,untested,True,common-aerial,,[]
2683,falco,samus,uair,implemented,untested,True,common-aerial,,[]
2684,falco,samus,dair,implemented,untested,True,common-aerial,,[]
2685,falco,yoshi,nair,implemented,untested,True,common-aerial,,[]
2686,falco,yoshi,fair,implemented,untested,True,common-aerial,,[]
2687,falco,yoshi,bair,implemented,untested,True,common-aerial,,[]
2688,falco,yoshi,uair,implemented,untested,True,common-aerial,,[]
2689,falco,yoshi,dair,implemented,untested,True,common-aerial,,[]
2690,falco,zelda,nair,implemented,untested,True,common-aerial,,[]
2691,falco,zelda,fair,implemented,untested,True,common-aerial,,[]
2692,falco,zelda,bair,implemented,untested,True,common-aerial,,[]
2693,falco,zelda,uair,implemented,untested,True,common-aerial,,[]
2694,falco,zelda,dair,implemented,untested,True,common-aerial,,[]
2695,falco,sheik,nair,implemented,untested,True,common-aerial,,[]
2696,falco,sheik,fair,implemented,untested,True,common-aerial,,[]
2697,falco,sheik,bair,implemented,untested,True,common-aerial,,[]
2698,falco,sheik,uair,implemented,runtime-tested,True,common-aerial,,"[{""status"":""runtime-tested"",""profile"":""debug"",""lifecycle"":true,""stress"":true,""native_jab"":false,""adapter_assertion"":false,""backend"":""profile-default"",""dol_sha1"":""81533ece59d729a3aef5495e6185c60b616e27b3"",""evidence"":""docs/evidence/aerials/current/aerials-debug-stress-0-130.json"",""log_sha256"":""49529f3c79e4d63320368cef9d60b49620a7ac6fd09d26c7e7aec9afcdfd6dca""},{""status"":""runtime-tested"",""profile"":""release"",""lifecycle"":true,""stress"":true,""native_jab"":true,""adapter_assertion"":false,""backend"":""profile-default"",""dol_sha1"":""36c24894da8b0649624bd1277c126c7533e46b54"",""evidence"":""docs/evidence/aerials/current/aerials-release-stress-0-130.json"",""log_sha256"":""fbc9a3bcc32b3f6ab77bd81ee710a8f2fa5e8c5773149e6da91736b32a1de458""}]"
2699,falco,sheik,dair,implemented,untested,True,common-aerial,,[]
2700,falco,falco,nair,implemented,untested,False,common-aerial,Identical donor: keep the native slot,[]
2701,falco,falco,fair,implemented,untested,False,common-aerial,Identical donor: keep the native slot,[]
2702,falco,falco,bair,implemented,untested,False,common-aerial,Identical donor: keep the native slot,[]
2703,falco,falco,uair,implemented,untested,False,common-aerial,Identical donor: keep the native slot,[]
2704,falco,falco,dair,implemented,untested,False,common-aerial,Identical donor: keep the native slot,[]
2705,falco,young_link,nair,implemented,untested,True,common-aerial,,[]
2706,falco,young_link,fair,implemented,untested,True,common-aerial,,[]
2707,falco,young_link,bair,implemented,untested,True,common-aerial,,[]
2708,falco,young_link,uair,implemented,untested,True,common-aerial,,[]
2709,falco,young_link,dair,implemented,untested,True,link-down-bounce,,[]
2710,falco,dr_mario,nair,implemented,untested,True,common-aerial,,[]
2711,falco,dr_mario,fair,implemented,untested,True,common-aerial,,[]
2712,falco,dr_mario,bair,implemented,untested,True,common-aerial,,[]
2713,falco,dr_mario,uair,implemented,untested,True,common-aerial,,[]
2714,falco,dr_mario,dair,implemented,untested,True,common-aerial,,[]
2715,falco,roy,nair,implemented,untested,True,common-aerial,,[]
2716,falco,roy,fair,implemented,untested,True,common-aerial,,[]
2717,falco,roy,bair,implemented,untested,True,common-aerial,,[]
2718,falco,roy,uair,implemented,untested,True,common-aerial,,[]
2719,falco,roy,dair,implemented,untested,True,common-aerial,,[]
2720,falco,pichu,nair,implemented,untested,True,common-aerial,,[]
2721,falco,pichu,fair,implemented,untested,True,common-aerial,,[]
2722,falco,pichu,bair,implemented,untested,True,common-aerial,,[]
2723,falco,pichu,uair,implemented,untested,True,common-aerial,,[]
2724,falco,pichu,dair,implemented,runtime-tested,True,common-aerial,,"[{""status"":""runtime-tested"",""profile"":""debug"",""lifecycle"":true,""stress"":true,""native_jab"":false,""adapter_assertion"":false,""backend"":""profile-default"",""dol_sha1"":""81533ece59d729a3aef5495e6185c60b616e27b3"",""evidence"":""docs/evidence/aerials/current/aerials-debug-stress-0-130.json"",""log_sha256"":""49529f3c79e4d63320368cef9d60b49620a7ac6fd09d26c7e7aec9afcdfd6dca""},{""status"":""runtime-tested"",""profile"":""release"",""lifecycle"":true,""stress"":true,""native_jab"":true,""adapter_assertion"":false,""backend"":""profile-default"",""dol_sha1"":""36c24894da8b0649624bd1277c126c7533e46b54"",""evidence"":""docs/evidence/aerials/current/aerials-release-stress-0-130.json"",""log_sha256"":""fbc9a3bcc32b3f6ab77bd81ee710a8f2fa5e8c5773149e6da91736b32a1de458""}]"
2725,falco,ganondorf,nair,implemented,untested,True,common-aerial,,[]
2726,falco,ganondorf,fair,implemented,untested,True,common-aerial,,[]
2727,falco,ganondorf,bair,implemented,untested,True,common-aerial,,[]
2728,falco,ganondorf,uair,implemented,untested,True,common-aerial,,[]
2729,falco,ganondorf,dair,implemented,untested,True,common-aerial,,[]
2730,young_link,captain_falcon,nair,implemented,untested,True,common-aerial,,[]
2731,young_link,captain_falcon,fair,implemented,untested,True,common-aerial,,[]
2732,young_link,captain_falcon,bair,implemented,untested,True,common-aerial,,[]
2733,young_link,captain_falcon,uair,implemented,untested,True,common-aerial,,[]
2734,young_link,captain_falcon,dair,implemented,untested,True,common-aerial,,[]
2735,young_link,donkey_kong,nair,implemented,untested,True,common-aerial,,[]
2736,young_link,donkey_kong,fair,implemented,untested,True,common-aerial,,[]
2737,young_link,donkey_kong,bair,implemented,untested,True,common-aerial,,[]
2738,young_link,donkey_kong,uair,implemented,untested,True,common-aerial,,[]
2739,young_link,donkey_kong,dair,implemented,untested,True,common-aerial,,[]
2740,young_link,fox,nair,implemented,untested,True,common-aerial,,[]
2741,young_link,fox,fair,implemented,untested,True,common-aerial,,[]
2742,young_link,fox,bair,implemented,untested,True,common-aerial,,[]
2743,young_link,fox,uair,implemented,untested,True,common-aerial,,[]
2744,young_link,fox,dair,implemented,untested,True,common-aerial,,[]
2745,young_link,game_and_watch,nair,implemented,untested,True,gamewatch-articles,,[]
2746,young_link,game_and_watch,fair,implemented,untested,True,common-aerial,,[]
2747,young_link,game_and_watch,bair,implemented,untested,True,gamewatch-articles,,[]
2748,young_link,game_and_watch,uair,implemented,untested,True,gamewatch-articles,,[]
2749,young_link,game_and_watch,dair,implemented,untested,True,common-aerial,,[]
2750,young_link,kirby,nair,implemented,untested,True,common-aerial,,[]
2751,young_link,kirby,fair,implemented,runtime-tested,True,common-aerial,,"[{""status"":""runtime-tested"",""profile"":""debug"",""lifecycle"":true,""stress"":true,""native_jab"":false,""adapter_assertion"":false,""backend"":""profile-default"",""dol_sha1"":""81533ece59d729a3aef5495e6185c60b616e27b3"",""evidence"":""docs/evidence/aerials/current/aerials-debug-stress-0-130.json"",""log_sha256"":""49529f3c79e4d63320368cef9d60b49620a7ac6fd09d26c7e7aec9afcdfd6dca""},{""status"":""runtime-tested"",""profile"":""release"",""lifecycle"":true,""stress"":true,""native_jab"":true,""adapter_assertion"":false,""backend"":""profile-default"",""dol_sha1"":""36c24894da8b0649624bd1277c126c7533e46b54"",""evidence"":""docs/evidence/aerials/current/aerials-release-stress-0-130.json"",""log_sha256"":""fbc9a3bcc32b3f6ab77bd81ee710a8f2fa5e8c5773149e6da91736b32a1de458""}]"
2752,young_link,kirby,bair,implemented,untested,True,common-aerial,,[]
2753,young_link,kirby,uair,implemented,untested,True,common-aerial,,[]
2754,young_link,kirby,dair,implemented,untested,True,common-aerial,,[]
2755,young_link,bowser,nair,implemented,untested,True,common-aerial,,[]
2756,young_link,bowser,fair,implemented,untested,True,common-aerial,,[]
2757,young_link,bowser,bair,implemented,untested,True,common-aerial,,[]
2758,young_link,bowser,uair,implemented,untested,True,common-aerial,,[]
2759,young_link,bowser,dair,implemented,untested,True,common-aerial,,[]
2760,young_link,link,nair,implemented,untested,True,common-aerial,,[]
2761,young_link,link,fair,implemented,untested,True,common-aerial,,[]
2762,young_link,link,bair,implemented,untested,True,common-aerial,,[]
2763,young_link,link,uair,implemented,untested,True,common-aerial,,[]
2764,young_link,link,dair,implemented,untested,True,link-down-bounce,,[]
2765,young_link,luigi,nair,implemented,untested,True,common-aerial,,[]
2766,young_link,luigi,fair,implemented,untested,True,common-aerial,,[]
2767,young_link,luigi,bair,implemented,untested,True,common-aerial,,[]
2768,young_link,luigi,uair,implemented,untested,True,common-aerial,,[]
2769,young_link,luigi,dair,implemented,untested,True,common-aerial,,[]
2770,young_link,mario,nair,implemented,untested,True,common-aerial,,[]
2771,young_link,mario,fair,implemented,untested,True,common-aerial,,[]
2772,young_link,mario,bair,implemented,untested,True,common-aerial,,[]
2773,young_link,mario,uair,implemented,untested,True,common-aerial,,[]
2774,young_link,mario,dair,implemented,untested,True,common-aerial,,[]
2775,young_link,marth,nair,implemented,untested,True,common-aerial,,[]
2776,young_link,marth,fair,implemented,untested,True,common-aerial,,[]
2777,young_link,marth,bair,implemented,runtime-tested,True,common-aerial,,"[{""status"":""runtime-tested"",""profile"":""debug"",""lifecycle"":true,""stress"":true,""native_jab"":false,""adapter_assertion"":false,""backend"":""profile-default"",""dol_sha1"":""81533ece59d729a3aef5495e6185c60b616e27b3"",""evidence"":""docs/evidence/aerials/current/aerials-debug-stress-0-130.json"",""log_sha256"":""49529f3c79e4d63320368cef9d60b49620a7ac6fd09d26c7e7aec9afcdfd6dca""},{""status"":""runtime-tested"",""profile"":""release"",""lifecycle"":true,""stress"":true,""native_jab"":true,""adapter_assertion"":false,""backend"":""profile-default"",""dol_sha1"":""36c24894da8b0649624bd1277c126c7533e46b54"",""evidence"":""docs/evidence/aerials/current/aerials-release-stress-0-130.json"",""log_sha256"":""fbc9a3bcc32b3f6ab77bd81ee710a8f2fa5e8c5773149e6da91736b32a1de458""}]"
2778,young_link,marth,uair,implemented,untested,True,common-aerial,,[]
2779,young_link,marth,dair,implemented,untested,True,common-aerial,,[]
2780,young_link,mewtwo,nair,implemented,untested,True,common-aerial,,[]
2781,young_link,mewtwo,fair,implemented,untested,True,common-aerial,,[]
2782,young_link,mewtwo,bair,implemented,untested,True,common-aerial,,[]
2783,young_link,mewtwo,uair,implemented,untested,True,common-aerial,,[]
2784,young_link,mewtwo,dair,implemented,untested,True,common-aerial,,[]
2785,young_link,ness,nair,implemented,untested,True,common-aerial,,[]
2786,young_link,ness,fair,implemented,untested,True,common-aerial,,[]
2787,young_link,ness,bair,implemented,untested,True,common-aerial,,[]
2788,young_link,ness,uair,implemented,untested,True,common-aerial,,[]
2789,young_link,ness,dair,implemented,untested,True,common-aerial,,[]
2790,young_link,peach,nair,implemented,untested,True,common-aerial,,[]
2791,young_link,peach,fair,implemented,untested,True,common-aerial,,[]
2792,young_link,peach,bair,implemented,untested,True,common-aerial,,[]
2793,young_link,peach,uair,implemented,untested,True,common-aerial,,[]
2794,young_link,peach,dair,implemented,untested,True,common-aerial,,[]
2795,young_link,pikachu,nair,implemented,untested,True,common-aerial,,[]
2796,young_link,pikachu,fair,implemented,untested,True,common-aerial,,[]
2797,young_link,pikachu,bair,implemented,untested,True,common-aerial,,[]
2798,young_link,pikachu,uair,implemented,untested,True,common-aerial,,[]
2799,young_link,pikachu,dair,implemented,untested,True,common-aerial,,[]
2800,young_link,ice_climbers,nair,implemented,untested,True,common-aerial,,[]
2801,young_link,ice_climbers,fair,implemented,untested,True,common-aerial,,[]
2802,young_link,ice_climbers,bair,implemented,untested,True,common-aerial,,[]
2803,young_link,ice_climbers,uair,implemented,runtime-tested,True,common-aerial,,"[{""status"":""runtime-tested"",""profile"":""debug"",""lifecycle"":true,""stress"":true,""native_jab"":false,""adapter_assertion"":false,""backend"":""profile-default"",""dol_sha1"":""81533ece59d729a3aef5495e6185c60b616e27b3"",""evidence"":""docs/evidence/aerials/current/aerials-debug-stress-0-130.json"",""log_sha256"":""49529f3c79e4d63320368cef9d60b49620a7ac6fd09d26c7e7aec9afcdfd6dca""},{""status"":""runtime-tested"",""profile"":""release"",""lifecycle"":true,""stress"":true,""native_jab"":true,""adapter_assertion"":false,""backend"":""profile-default"",""dol_sha1"":""36c24894da8b0649624bd1277c126c7533e46b54"",""evidence"":""docs/evidence/aerials/current/aerials-release-stress-0-130.json"",""log_sha256"":""fbc9a3bcc32b3f6ab77bd81ee710a8f2fa5e8c5773149e6da91736b32a1de458""}]"
2804,young_link,ice_climbers,dair,implemented,untested,True,common-aerial,,[]
2805,young_link,jigglypuff,nair,implemented,untested,True,common-aerial,,[]
2806,young_link,jigglypuff,fair,implemented,untested,True,common-aerial,,[]
2807,young_link,jigglypuff,bair,implemented,untested,True,common-aerial,,[]
2808,young_link,jigglypuff,uair,implemented,untested,True,common-aerial,,[]
2809,young_link,jigglypuff,dair,implemented,untested,True,common-aerial,,[]
2810,young_link,samus,nair,implemented,untested,True,common-aerial,,[]
2811,young_link,samus,fair,implemented,untested,True,common-aerial,,[]
2812,young_link,samus,bair,implemented,untested,True,common-aerial,,[]
2813,young_link,samus,uair,implemented,untested,True,common-aerial,,[]
2814,young_link,samus,dair,implemented,untested,True,common-aerial,,[]
2815,young_link,yoshi,nair,implemented,untested,True,common-aerial,,[]
2816,young_link,yoshi,fair,implemented,untested,True,common-aerial,,[]
2817,young_link,yoshi,bair,implemented,untested,True,common-aerial,,[]
2818,young_link,yoshi,uair,implemented,untested,True,common-aerial,,[]
2819,young_link,yoshi,dair,implemented,untested,True,common-aerial,,[]
2820,young_link,zelda,nair,implemented,untested,True,common-aerial,,[]
2821,young_link,zelda,fair,implemented,untested,True,common-aerial,,[]
2822,young_link,zelda,bair,implemented,untested,True,common-aerial,,[]
2823,young_link,zelda,uair,implemented,untested,True,common-aerial,,[]
2824,young_link,zelda,dair,implemented,untested,True,common-aerial,,[]
2825,young_link,sheik,nair,implemented,untested,True,common-aerial,,[]
2826,young_link,sheik,fair,implemented,untested,True,common-aerial,,[]
2827,young_link,sheik,bair,implemented,untested,True,common-aerial,,[]
2828,young_link,sheik,uair,implemented,untested,True,common-aerial,,[]
2829,young_link,sheik,dair,implemented,runtime-tested,True,common-aerial,,"[{""status"":""runtime-tested"",""profile"":""debug"",""lifecycle"":true,""stress"":true,""native_jab"":false,""adapter_assertion"":false,""backend"":""profile-default"",""dol_sha1"":""81533ece59d729a3aef5495e6185c60b616e27b3"",""evidence"":""docs/evidence/aerials/current/aerials-debug-stress-0-130.json"",""log_sha256"":""49529f3c79e4d63320368cef9d60b49620a7ac6fd09d26c7e7aec9afcdfd6dca""},{""status"":""runtime-tested"",""profile"":""release"",""lifecycle"":true,""stress"":true,""native_jab"":true,""adapter_assertion"":false,""backend"":""profile-default"",""dol_sha1"":""36c24894da8b0649624bd1277c126c7533e46b54"",""evidence"":""docs/evidence/aerials/current/aerials-release-stress-0-130.json"",""log_sha256"":""fbc9a3bcc32b3f6ab77bd81ee710a8f2fa5e8c5773149e6da91736b32a1de458""}]"
2830,young_link,falco,nair,implemented,untested,True,common-aerial,,[]
2831,young_link,falco,fair,implemented,untested,True,common-aerial,,[]
2832,young_link,falco,bair,implemented,untested,True,common-aerial,,[]
2833,young_link,falco,uair,implemented,untested,True,common-aerial,,[]
2834,young_link,falco,dair,implemented,untested,True,common-aerial,,[]
2835,young_link,young_link,nair,implemented,untested,False,common-aerial,Identical donor: keep the native slot,[]
2836,young_link,young_link,fair,implemented,untested,False,common-aerial,Identical donor: keep the native slot,[]
2837,young_link,young_link,bair,implemented,untested,False,common-aerial,Identical donor: keep the native slot,[]
2838,young_link,young_link,uair,implemented,untested,False,common-aerial,Identical donor: keep the native slot,[]
2839,young_link,young_link,dair,implemented,untested,False,link-down-bounce,Identical donor: keep the native slot,[]
2840,young_link,dr_mario,nair,implemented,untested,True,common-aerial,,[]
2841,young_link,dr_mario,fair,implemented,untested,True,common-aerial,,[]
2842,young_link,dr_mario,bair,implemented,untested,True,common-aerial,,[]
2843,young_link,dr_mario,uair,implemented,untested,True,common-aerial,,[]
2844,young_link,dr_mario,dair,implemented,untested,True,common-aerial,,[]
2845,young_link,roy,nair,implemented,untested,True,common-aerial,,[]
2846,young_link,roy,fair,implemented,untested,True,common-aerial,,[]
2847,young_link,roy,bair,implemented,untested,True,common-aerial,,[]
2848,young_link,roy,uair,implemented,untested,True,common-aerial,,[]
2849,young_link,roy,dair,implemented,untested,True,common-aerial,,[]
2850,young_link,pichu,nair,implemented,untested,True,common-aerial,,[]
2851,young_link,pichu,fair,implemented,untested,True,common-aerial,,[]
2852,young_link,pichu,bair,implemented,untested,True,common-aerial,,[]
2853,young_link,pichu,uair,implemented,untested,True,common-aerial,,[]
2854,young_link,pichu,dair,implemented,untested,True,common-aerial,,[]
2855,young_link,ganondorf,nair,implemented,runtime-tested,True,common-aerial,,"[{""status"":""runtime-tested"",""profile"":""debug"",""lifecycle"":true,""stress"":true,""native_jab"":false,""adapter_assertion"":false,""backend"":""profile-default"",""dol_sha1"":""81533ece59d729a3aef5495e6185c60b616e27b3"",""evidence"":""docs/evidence/aerials/current/aerials-debug-stress-0-130.json"",""log_sha256"":""49529f3c79e4d63320368cef9d60b49620a7ac6fd09d26c7e7aec9afcdfd6dca""},{""status"":""runtime-tested"",""profile"":""release"",""lifecycle"":true,""stress"":true,""native_jab"":true,""adapter_assertion"":false,""backend"":""profile-default"",""dol_sha1"":""36c24894da8b0649624bd1277c126c7533e46b54"",""evidence"":""docs/evidence/aerials/current/aerials-release-stress-0-130.json"",""log_sha256"":""fbc9a3bcc32b3f6ab77bd81ee710a8f2fa5e8c5773149e6da91736b32a1de458""}]"
2856,young_link,ganondorf,fair,implemented,untested,True,common-aerial,,[]
2857,young_link,ganondorf,bair,implemented,untested,True,common-aerial,,[]
2858,young_link,ganondorf,uair,implemented,untested,True,common-aerial,,[]
2859,young_link,ganondorf,dair,implemented,untested,True,common-aerial,,[]
2860,dr_mario,captain_falcon,nair,implemented,untested,True,common-aerial,,[]
2861,dr_mario,captain_falcon,fair,implemented,untested,True,common-aerial,,[]
2862,dr_mario,captain_falcon,bair,implemented,untested,True,common-aerial,,[]
2863,dr_mario,captain_falcon,uair,implemented,untested,True,common-aerial,,[]
2864,dr_mario,captain_falcon,dair,implemented,untested,True,common-aerial,,[]
2865,dr_mario,donkey_kong,nair,implemented,untested,True,common-aerial,,[]
2866,dr_mario,donkey_kong,fair,implemented,untested,True,common-aerial,,[]
2867,dr_mario,donkey_kong,bair,implemented,untested,True,common-aerial,,[]
2868,dr_mario,donkey_kong,uair,implemented,untested,True,common-aerial,,[]
2869,dr_mario,donkey_kong,dair,implemented,untested,True,common-aerial,,[]
2870,dr_mario,fox,nair,implemented,untested,True,common-aerial,,[]
2871,dr_mario,fox,fair,implemented,untested,True,common-aerial,,[]
2872,dr_mario,fox,bair,implemented,untested,True,common-aerial,,[]
2873,dr_mario,fox,uair,implemented,untested,True,common-aerial,,[]
2874,dr_mario,fox,dair,implemented,untested,True,common-aerial,,[]
2875,dr_mario,game_and_watch,nair,implemented,untested,True,gamewatch-articles,,[]
2876,dr_mario,game_and_watch,fair,implemented,untested,True,common-aerial,,[]
2877,dr_mario,game_and_watch,bair,implemented,untested,True,gamewatch-articles,,[]
2878,dr_mario,game_and_watch,uair,implemented,untested,True,gamewatch-articles,,[]
2879,dr_mario,game_and_watch,dair,implemented,untested,True,common-aerial,,[]
2880,dr_mario,kirby,nair,implemented,untested,True,common-aerial,,[]
2881,dr_mario,kirby,fair,implemented,untested,True,common-aerial,,[]
2882,dr_mario,kirby,bair,implemented,runtime-tested,True,common-aerial,,"[{""status"":""runtime-tested"",""profile"":""debug"",""lifecycle"":true,""stress"":true,""native_jab"":false,""adapter_assertion"":false,""backend"":""profile-default"",""dol_sha1"":""81533ece59d729a3aef5495e6185c60b616e27b3"",""evidence"":""docs/evidence/aerials/current/aerials-debug-stress-0-130.json"",""log_sha256"":""49529f3c79e4d63320368cef9d60b49620a7ac6fd09d26c7e7aec9afcdfd6dca""},{""status"":""runtime-tested"",""profile"":""release"",""lifecycle"":true,""stress"":true,""native_jab"":true,""adapter_assertion"":false,""backend"":""profile-default"",""dol_sha1"":""36c24894da8b0649624bd1277c126c7533e46b54"",""evidence"":""docs/evidence/aerials/current/aerials-release-stress-0-130.json"",""log_sha256"":""fbc9a3bcc32b3f6ab77bd81ee710a8f2fa5e8c5773149e6da91736b32a1de458""}]"
2883,dr_mario,kirby,uair,implemented,untested,True,common-aerial,,[]
2884,dr_mario,kirby,dair,implemented,untested,True,common-aerial,,[]
2885,dr_mario,bowser,nair,implemented,untested,True,common-aerial,,[]
2886,dr_mario,bowser,fair,implemented,untested,True,common-aerial,,[]
2887,dr_mario,bowser,bair,implemented,untested,True,common-aerial,,[]
2888,dr_mario,bowser,uair,implemented,untested,True,common-aerial,,[]
2889,dr_mario,bowser,dair,implemented,untested,True,common-aerial,,[]
2890,dr_mario,link,nair,implemented,untested,True,common-aerial,,[]
2891,dr_mario,link,fair,implemented,untested,True,common-aerial,,[]
2892,dr_mario,link,bair,implemented,untested,True,common-aerial,,[]
2893,dr_mario,link,uair,implemented,untested,True,common-aerial,,[]
2894,dr_mario,link,dair,implemented,untested,True,link-down-bounce,,[]
2895,dr_mario,luigi,nair,implemented,untested,True,common-aerial,,[]
2896,dr_mario,luigi,fair,implemented,untested,True,common-aerial,,[]
2897,dr_mario,luigi,bair,implemented,untested,True,common-aerial,,[]
2898,dr_mario,luigi,uair,implemented,untested,True,common-aerial,,[]
2899,dr_mario,luigi,dair,implemented,untested,True,common-aerial,,[]
2900,dr_mario,mario,nair,implemented,untested,True,common-aerial,,[]
2901,dr_mario,mario,fair,implemented,untested,True,common-aerial,,[]
2902,dr_mario,mario,bair,implemented,untested,True,common-aerial,,[]
2903,dr_mario,mario,uair,implemented,untested,True,common-aerial,,[]
2904,dr_mario,mario,dair,implemented,untested,True,common-aerial,,[]
2905,dr_mario,marth,nair,implemented,untested,True,common-aerial,,[]
2906,dr_mario,marth,fair,implemented,untested,True,common-aerial,,[]
2907,dr_mario,marth,bair,implemented,untested,True,common-aerial,,[]
2908,dr_mario,marth,uair,implemented,runtime-tested,True,common-aerial,,"[{""status"":""runtime-tested"",""profile"":""debug"",""lifecycle"":true,""stress"":true,""native_jab"":false,""adapter_assertion"":false,""backend"":""profile-default"",""dol_sha1"":""81533ece59d729a3aef5495e6185c60b616e27b3"",""evidence"":""docs/evidence/aerials/current/aerials-debug-stress-0-130.json"",""log_sha256"":""49529f3c79e4d63320368cef9d60b49620a7ac6fd09d26c7e7aec9afcdfd6dca""},{""status"":""runtime-tested"",""profile"":""release"",""lifecycle"":true,""stress"":true,""native_jab"":true,""adapter_assertion"":false,""backend"":""profile-default"",""dol_sha1"":""36c24894da8b0649624bd1277c126c7533e46b54"",""evidence"":""docs/evidence/aerials/current/aerials-release-stress-0-130.json"",""log_sha256"":""fbc9a3bcc32b3f6ab77bd81ee710a8f2fa5e8c5773149e6da91736b32a1de458""}]"
2909,dr_mario,marth,dair,implemented,untested,True,common-aerial,,[]
2910,dr_mario,mewtwo,nair,implemented,untested,True,common-aerial,,[]
2911,dr_mario,mewtwo,fair,implemented,untested,True,common-aerial,,[]
2912,dr_mario,mewtwo,bair,implemented,untested,True,common-aerial,,[]
2913,dr_mario,mewtwo,uair,implemented,untested,True,common-aerial,,[]
2914,dr_mario,mewtwo,dair,implemented,untested,True,common-aerial,,[]
2915,dr_mario,ness,nair,implemented,untested,True,common-aerial,,[]
2916,dr_mario,ness,fair,implemented,untested,True,common-aerial,,[]
2917,dr_mario,ness,bair,implemented,untested,True,common-aerial,,[]
2918,dr_mario,ness,uair,implemented,untested,True,common-aerial,,[]
2919,dr_mario,ness,dair,implemented,untested,True,common-aerial,,[]
2920,dr_mario,peach,nair,implemented,untested,True,common-aerial,,[]
2921,dr_mario,peach,fair,implemented,untested,True,common-aerial,,[]
2922,dr_mario,peach,bair,implemented,untested,True,common-aerial,,[]
2923,dr_mario,peach,uair,implemented,untested,True,common-aerial,,[]
2924,dr_mario,peach,dair,implemented,untested,True,common-aerial,,[]
2925,dr_mario,pikachu,nair,implemented,untested,True,common-aerial,,[]
2926,dr_mario,pikachu,fair,implemented,untested,True,common-aerial,,[]
2927,dr_mario,pikachu,bair,implemented,untested,True,common-aerial,,[]
2928,dr_mario,pikachu,uair,implemented,untested,True,common-aerial,,[]
2929,dr_mario,pikachu,dair,implemented,untested,True,common-aerial,,[]
2930,dr_mario,ice_climbers,nair,implemented,untested,True,common-aerial,,[]
2931,dr_mario,ice_climbers,fair,implemented,untested,True,common-aerial,,[]
2932,dr_mario,ice_climbers,bair,implemented,untested,True,common-aerial,,[]
2933,dr_mario,ice_climbers,uair,implemented,untested,True,common-aerial,,[]
2934,dr_mario,ice_climbers,dair,implemented,runtime-tested,True,common-aerial,,"[{""status"":""runtime-tested"",""profile"":""debug"",""lifecycle"":true,""stress"":true,""native_jab"":false,""adapter_assertion"":false,""backend"":""profile-default"",""dol_sha1"":""81533ece59d729a3aef5495e6185c60b616e27b3"",""evidence"":""docs/evidence/aerials/current/aerials-debug-stress-0-130.json"",""log_sha256"":""49529f3c79e4d63320368cef9d60b49620a7ac6fd09d26c7e7aec9afcdfd6dca""},{""status"":""runtime-tested"",""profile"":""release"",""lifecycle"":true,""stress"":true,""native_jab"":true,""adapter_assertion"":false,""backend"":""profile-default"",""dol_sha1"":""36c24894da8b0649624bd1277c126c7533e46b54"",""evidence"":""docs/evidence/aerials/current/aerials-release-stress-0-130.json"",""log_sha256"":""fbc9a3bcc32b3f6ab77bd81ee710a8f2fa5e8c5773149e6da91736b32a1de458""}]"
2935,dr_mario,jigglypuff,nair,implemented,untested,True,common-aerial,,[]
2936,dr_mario,jigglypuff,fair,implemented,untested,True,common-aerial,,[]
2937,dr_mario,jigglypuff,bair,implemented,untested,True,common-aerial,,[]
2938,dr_mario,jigglypuff,uair,implemented,untested,True,common-aerial,,[]
2939,dr_mario,jigglypuff,dair,implemented,untested,True,common-aerial,,[]
2940,dr_mario,samus,nair,implemented,untested,True,common-aerial,,[]
2941,dr_mario,samus,fair,implemented,untested,True,common-aerial,,[]
2942,dr_mario,samus,bair,implemented,untested,True,common-aerial,,[]
2943,dr_mario,samus,uair,implemented,untested,True,common-aerial,,[]
2944,dr_mario,samus,dair,implemented,untested,True,common-aerial,,[]
2945,dr_mario,yoshi,nair,implemented,untested,True,common-aerial,,[]
2946,dr_mario,yoshi,fair,implemented,untested,True,common-aerial,,[]
2947,dr_mario,yoshi,bair,implemented,untested,True,common-aerial,,[]
2948,dr_mario,yoshi,uair,implemented,untested,True,common-aerial,,[]
2949,dr_mario,yoshi,dair,implemented,untested,True,common-aerial,,[]
2950,dr_mario,zelda,nair,implemented,untested,True,common-aerial,,[]
2951,dr_mario,zelda,fair,implemented,untested,True,common-aerial,,[]
2952,dr_mario,zelda,bair,implemented,untested,True,common-aerial,,[]
2953,dr_mario,zelda,uair,implemented,untested,True,common-aerial,,[]
2954,dr_mario,zelda,dair,implemented,untested,True,common-aerial,,[]
2955,dr_mario,sheik,nair,implemented,untested,True,common-aerial,,[]
2956,dr_mario,sheik,fair,implemented,untested,True,common-aerial,,[]
2957,dr_mario,sheik,bair,implemented,untested,True,common-aerial,,[]
2958,dr_mario,sheik,uair,implemented,untested,True,common-aerial,,[]
2959,dr_mario,sheik,dair,implemented,untested,True,common-aerial,,[]
2960,dr_mario,falco,nair,implemented,runtime-tested,True,common-aerial,,"[{""status"":""runtime-tested"",""profile"":""debug"",""lifecycle"":true,""stress"":true,""native_jab"":false,""adapter_assertion"":false,""backend"":""profile-default"",""dol_sha1"":""81533ece59d729a3aef5495e6185c60b616e27b3"",""evidence"":""docs/evidence/aerials/current/aerials-debug-stress-0-130.json"",""log_sha256"":""49529f3c79e4d63320368cef9d60b49620a7ac6fd09d26c7e7aec9afcdfd6dca""},{""status"":""runtime-tested"",""profile"":""release"",""lifecycle"":true,""stress"":true,""native_jab"":true,""adapter_assertion"":false,""backend"":""profile-default"",""dol_sha1"":""36c24894da8b0649624bd1277c126c7533e46b54"",""evidence"":""docs/evidence/aerials/current/aerials-release-stress-0-130.json"",""log_sha256"":""fbc9a3bcc32b3f6ab77bd81ee710a8f2fa5e8c5773149e6da91736b32a1de458""}]"
2961,dr_mario,falco,fair,implemented,untested,True,common-aerial,,[]
2962,dr_mario,falco,bair,implemented,untested,True,common-aerial,,[]
2963,dr_mario,falco,uair,implemented,untested,True,common-aerial,,[]
2964,dr_mario,falco,dair,implemented,untested,True,common-aerial,,[]
2965,dr_mario,young_link,nair,implemented,untested,True,common-aerial,,[]
2966,dr_mario,young_link,fair,implemented,untested,True,common-aerial,,[]
2967,dr_mario,young_link,bair,implemented,untested,True,common-aerial,,[]
2968,dr_mario,young_link,uair,implemented,untested,True,common-aerial,,[]
2969,dr_mario,young_link,dair,implemented,untested,True,link-down-bounce,,[]
2970,dr_mario,dr_mario,nair,implemented,untested,False,common-aerial,Identical donor: keep the native slot,[]
2971,dr_mario,dr_mario,fair,implemented,untested,False,common-aerial,Identical donor: keep the native slot,[]
2972,dr_mario,dr_mario,bair,implemented,untested,False,common-aerial,Identical donor: keep the native slot,[]
2973,dr_mario,dr_mario,uair,implemented,untested,False,common-aerial,Identical donor: keep the native slot,[]
2974,dr_mario,dr_mario,dair,implemented,untested,False,common-aerial,Identical donor: keep the native slot,[]
2975,dr_mario,roy,nair,implemented,untested,True,common-aerial,,[]
2976,dr_mario,roy,fair,implemented,untested,True,common-aerial,,[]
2977,dr_mario,roy,bair,implemented,untested,True,common-aerial,,[]
2978,dr_mario,roy,uair,implemented,untested,True,common-aerial,,[]
2979,dr_mario,roy,dair,implemented,untested,True,common-aerial,,[]
2980,dr_mario,pichu,nair,implemented,untested,True,common-aerial,,[]
2981,dr_mario,pichu,fair,implemented,untested,True,common-aerial,,[]
2982,dr_mario,pichu,bair,implemented,untested,True,common-aerial,,[]
2983,dr_mario,pichu,uair,implemented,untested,True,common-aerial,,[]
2984,dr_mario,pichu,dair,implemented,untested,True,common-aerial,,[]
2985,dr_mario,ganondorf,nair,implemented,untested,True,common-aerial,,[]
2986,dr_mario,ganondorf,fair,implemented,runtime-tested,True,common-aerial,,"[{""status"":""runtime-tested"",""profile"":""debug"",""lifecycle"":true,""stress"":true,""native_jab"":false,""adapter_assertion"":false,""backend"":""profile-default"",""dol_sha1"":""81533ece59d729a3aef5495e6185c60b616e27b3"",""evidence"":""docs/evidence/aerials/current/aerials-debug-stress-0-130.json"",""log_sha256"":""49529f3c79e4d63320368cef9d60b49620a7ac6fd09d26c7e7aec9afcdfd6dca""},{""status"":""runtime-tested"",""profile"":""release"",""lifecycle"":true,""stress"":true,""native_jab"":true,""adapter_assertion"":false,""backend"":""profile-default"",""dol_sha1"":""36c24894da8b0649624bd1277c126c7533e46b54"",""evidence"":""docs/evidence/aerials/current/aerials-release-stress-0-130.json"",""log_sha256"":""fbc9a3bcc32b3f6ab77bd81ee710a8f2fa5e8c5773149e6da91736b32a1de458""}]"
2987,dr_mario,ganondorf,bair,implemented,untested,True,common-aerial,,[]
2988,dr_mario,ganondorf,uair,implemented,untested,True,common-aerial,,[]
2989,dr_mario,ganondorf,dair,implemented,untested,True,common-aerial,,[]
2990,roy,captain_falcon,nair,implemented,untested,True,common-aerial,,[]
2991,roy,captain_falcon,fair,implemented,untested,True,common-aerial,,[]
2992,roy,captain_falcon,bair,implemented,untested,True,common-aerial,,[]
2993,roy,captain_falcon,uair,implemented,untested,True,common-aerial,,[]
2994,roy,captain_falcon,dair,implemented,untested,True,common-aerial,,[]
2995,roy,donkey_kong,nair,implemented,untested,True,common-aerial,,[]
2996,roy,donkey_kong,fair,implemented,untested,True,common-aerial,,[]
2997,roy,donkey_kong,bair,implemented,untested,True,common-aerial,,[]
2998,roy,donkey_kong,uair,implemented,untested,True,common-aerial,,[]
2999,roy,donkey_kong,dair,implemented,untested,True,common-aerial,,[]
3000,roy,fox,nair,implemented,untested,True,common-aerial,,[]
3001,roy,fox,fair,implemented,untested,True,common-aerial,,[]
3002,roy,fox,bair,implemented,untested,True,common-aerial,,[]
3003,roy,fox,uair,implemented,untested,True,common-aerial,,[]
3004,roy,fox,dair,implemented,untested,True,common-aerial,,[]
3005,roy,game_and_watch,nair,implemented,untested,True,gamewatch-articles,,[]
3006,roy,game_and_watch,fair,implemented,untested,True,common-aerial,,[]
3007,roy,game_and_watch,bair,implemented,untested,True,gamewatch-articles,,[]
3008,roy,game_and_watch,uair,implemented,untested,True,gamewatch-articles,,[]
3009,roy,game_and_watch,dair,implemented,untested,True,common-aerial,,[]
3010,roy,kirby,nair,implemented,untested,True,common-aerial,,[]
3011,roy,kirby,fair,implemented,untested,True,common-aerial,,[]
3012,roy,kirby,bair,implemented,untested,True,common-aerial,,[]
3013,roy,kirby,uair,implemented,runtime-tested,True,common-aerial,,"[{""status"":""runtime-tested"",""profile"":""debug"",""lifecycle"":true,""stress"":true,""native_jab"":false,""adapter_assertion"":false,""backend"":""profile-default"",""dol_sha1"":""81533ece59d729a3aef5495e6185c60b616e27b3"",""evidence"":""docs/evidence/aerials/current/aerials-debug-stress-0-130.json"",""log_sha256"":""49529f3c79e4d63320368cef9d60b49620a7ac6fd09d26c7e7aec9afcdfd6dca""},{""status"":""runtime-tested"",""profile"":""release"",""lifecycle"":true,""stress"":true,""native_jab"":true,""adapter_assertion"":false,""backend"":""profile-default"",""dol_sha1"":""36c24894da8b0649624bd1277c126c7533e46b54"",""evidence"":""docs/evidence/aerials/current/aerials-release-stress-0-130.json"",""log_sha256"":""fbc9a3bcc32b3f6ab77bd81ee710a8f2fa5e8c5773149e6da91736b32a1de458""}]"
3014,roy,kirby,dair,implemented,untested,True,common-aerial,,[]
3015,roy,bowser,nair,implemented,untested,True,common-aerial,,[]
3016,roy,bowser,fair,implemented,untested,True,common-aerial,,[]
3017,roy,bowser,bair,implemented,untested,True,common-aerial,,[]
3018,roy,bowser,uair,implemented,untested,True,common-aerial,,[]
3019,roy,bowser,dair,implemented,untested,True,common-aerial,,[]
3020,roy,link,nair,implemented,untested,True,common-aerial,,[]
3021,roy,link,fair,implemented,untested,True,common-aerial,,[]
3022,roy,link,bair,implemented,untested,True,common-aerial,,[]
3023,roy,link,uair,implemented,untested,True,common-aerial,,[]
3024,roy,link,dair,implemented,untested,True,link-down-bounce,,[]
3025,roy,luigi,nair,implemented,untested,True,common-aerial,,[]
3026,roy,luigi,fair,implemented,untested,True,common-aerial,,[]
3027,roy,luigi,bair,implemented,untested,True,common-aerial,,[]
3028,roy,luigi,uair,implemented,untested,True,common-aerial,,[]
3029,roy,luigi,dair,implemented,untested,True,common-aerial,,[]
3030,roy,mario,nair,implemented,untested,True,common-aerial,,[]
3031,roy,mario,fair,implemented,untested,True,common-aerial,,[]
3032,roy,mario,bair,implemented,untested,True,common-aerial,,[]
3033,roy,mario,uair,implemented,untested,True,common-aerial,,[]
3034,roy,mario,dair,implemented,untested,True,common-aerial,,[]
3035,roy,marth,nair,implemented,untested,True,common-aerial,,[]
3036,roy,marth,fair,implemented,untested,True,common-aerial,,[]
3037,roy,marth,bair,implemented,untested,True,common-aerial,,[]
3038,roy,marth,uair,implemented,untested,True,common-aerial,,[]
3039,roy,marth,dair,implemented,runtime-tested,True,common-aerial,,"[{""status"":""runtime-tested"",""profile"":""debug"",""lifecycle"":true,""stress"":true,""native_jab"":false,""adapter_assertion"":false,""backend"":""profile-default"",""dol_sha1"":""81533ece59d729a3aef5495e6185c60b616e27b3"",""evidence"":""docs/evidence/aerials/current/aerials-debug-stress-0-130.json"",""log_sha256"":""49529f3c79e4d63320368cef9d60b49620a7ac6fd09d26c7e7aec9afcdfd6dca""},{""status"":""runtime-tested"",""profile"":""release"",""lifecycle"":true,""stress"":true,""native_jab"":true,""adapter_assertion"":false,""backend"":""profile-default"",""dol_sha1"":""36c24894da8b0649624bd1277c126c7533e46b54"",""evidence"":""docs/evidence/aerials/current/aerials-release-stress-0-130.json"",""log_sha256"":""fbc9a3bcc32b3f6ab77bd81ee710a8f2fa5e8c5773149e6da91736b32a1de458""}]"
3040,roy,mewtwo,nair,implemented,untested,True,common-aerial,,[]
3041,roy,mewtwo,fair,implemented,untested,True,common-aerial,,[]
3042,roy,mewtwo,bair,implemented,untested,True,common-aerial,,[]
3043,roy,mewtwo,uair,implemented,untested,True,common-aerial,,[]
3044,roy,mewtwo,dair,implemented,untested,True,common-aerial,,[]
3045,roy,ness,nair,implemented,untested,True,common-aerial,,[]
3046,roy,ness,fair,implemented,untested,True,common-aerial,,[]
3047,roy,ness,bair,implemented,untested,True,common-aerial,,[]
3048,roy,ness,uair,implemented,untested,True,common-aerial,,[]
3049,roy,ness,dair,implemented,untested,True,common-aerial,,[]
3050,roy,peach,nair,implemented,untested,True,common-aerial,,[]
3051,roy,peach,fair,implemented,untested,True,common-aerial,,[]
3052,roy,peach,bair,implemented,untested,True,common-aerial,,[]
3053,roy,peach,uair,implemented,untested,True,common-aerial,,[]
3054,roy,peach,dair,implemented,untested,True,common-aerial,,[]
3055,roy,pikachu,nair,implemented,untested,True,common-aerial,,[]
3056,roy,pikachu,fair,implemented,untested,True,common-aerial,,[]
3057,roy,pikachu,bair,implemented,untested,True,common-aerial,,[]
3058,roy,pikachu,uair,implemented,untested,True,common-aerial,,[]
3059,roy,pikachu,dair,implemented,untested,True,common-aerial,,[]
3060,roy,ice_climbers,nair,implemented,untested,True,common-aerial,,[]
3061,roy,ice_climbers,fair,implemented,untested,True,common-aerial,,[]
3062,roy,ice_climbers,bair,implemented,untested,True,common-aerial,,[]
3063,roy,ice_climbers,uair,implemented,untested,True,common-aerial,,[]
3064,roy,ice_climbers,dair,implemented,untested,True,common-aerial,,[]
3065,roy,jigglypuff,nair,implemented,runtime-tested,True,common-aerial,,"[{""status"":""runtime-tested"",""profile"":""debug"",""lifecycle"":true,""stress"":true,""native_jab"":false,""adapter_assertion"":false,""backend"":""profile-default"",""dol_sha1"":""81533ece59d729a3aef5495e6185c60b616e27b3"",""evidence"":""docs/evidence/aerials/current/aerials-debug-stress-0-130.json"",""log_sha256"":""49529f3c79e4d63320368cef9d60b49620a7ac6fd09d26c7e7aec9afcdfd6dca""},{""status"":""runtime-tested"",""profile"":""release"",""lifecycle"":true,""stress"":true,""native_jab"":true,""adapter_assertion"":false,""backend"":""profile-default"",""dol_sha1"":""36c24894da8b0649624bd1277c126c7533e46b54"",""evidence"":""docs/evidence/aerials/current/aerials-release-stress-0-130.json"",""log_sha256"":""fbc9a3bcc32b3f6ab77bd81ee710a8f2fa5e8c5773149e6da91736b32a1de458""}]"
3066,roy,jigglypuff,fair,implemented,untested,True,common-aerial,,[]
3067,roy,jigglypuff,bair,implemented,untested,True,common-aerial,,[]
3068,roy,jigglypuff,uair,implemented,untested,True,common-aerial,,[]
3069,roy,jigglypuff,dair,implemented,untested,True,common-aerial,,[]
3070,roy,samus,nair,implemented,untested,True,common-aerial,,[]
3071,roy,samus,fair,implemented,untested,True,common-aerial,,[]
3072,roy,samus,bair,implemented,untested,True,common-aerial,,[]
3073,roy,samus,uair,implemented,untested,True,common-aerial,,[]
3074,roy,samus,dair,implemented,untested,True,common-aerial,,[]
3075,roy,yoshi,nair,implemented,untested,True,common-aerial,,[]
3076,roy,yoshi,fair,implemented,untested,True,common-aerial,,[]
3077,roy,yoshi,bair,implemented,untested,True,common-aerial,,[]
3078,roy,yoshi,uair,implemented,untested,True,common-aerial,,[]
3079,roy,yoshi,dair,implemented,untested,True,common-aerial,,[]
3080,roy,zelda,nair,implemented,untested,True,common-aerial,,[]
3081,roy,zelda,fair,implemented,untested,True,common-aerial,,[]
3082,roy,zelda,bair,implemented,untested,True,common-aerial,,[]
3083,roy,zelda,uair,implemented,untested,True,common-aerial,,[]
3084,roy,zelda,dair,implemented,untested,True,common-aerial,,[]
3085,roy,sheik,nair,implemented,untested,True,common-aerial,,[]
3086,roy,sheik,fair,implemented,untested,True,common-aerial,,[]
3087,roy,sheik,bair,implemented,untested,True,common-aerial,,[]
3088,roy,sheik,uair,implemented,untested,True,common-aerial,,[]
3089,roy,sheik,dair,implemented,untested,True,common-aerial,,[]
3090,roy,falco,nair,implemented,untested,True,common-aerial,,[]
3091,roy,falco,fair,implemented,runtime-tested,True,common-aerial,,"[{""status"":""runtime-tested"",""profile"":""debug"",""lifecycle"":true,""stress"":true,""native_jab"":false,""adapter_assertion"":false,""backend"":""profile-default"",""dol_sha1"":""81533ece59d729a3aef5495e6185c60b616e27b3"",""evidence"":""docs/evidence/aerials/current/aerials-debug-stress-0-130.json"",""log_sha256"":""49529f3c79e4d63320368cef9d60b49620a7ac6fd09d26c7e7aec9afcdfd6dca""},{""status"":""runtime-tested"",""profile"":""release"",""lifecycle"":true,""stress"":true,""native_jab"":true,""adapter_assertion"":false,""backend"":""profile-default"",""dol_sha1"":""36c24894da8b0649624bd1277c126c7533e46b54"",""evidence"":""docs/evidence/aerials/current/aerials-release-stress-0-130.json"",""log_sha256"":""fbc9a3bcc32b3f6ab77bd81ee710a8f2fa5e8c5773149e6da91736b32a1de458""}]"
3092,roy,falco,bair,implemented,untested,True,common-aerial,,[]
3093,roy,falco,uair,implemented,untested,True,common-aerial,,[]
3094,roy,falco,dair,implemented,untested,True,common-aerial,,[]
3095,roy,young_link,nair,implemented,untested,True,common-aerial,,[]
3096,roy,young_link,fair,implemented,untested,True,common-aerial,,[]
3097,roy,young_link,bair,implemented,untested,True,common-aerial,,[]
3098,roy,young_link,uair,implemented,untested,True,common-aerial,,[]
3099,roy,young_link,dair,implemented,untested,True,link-down-bounce,,[]
3100,roy,dr_mario,nair,implemented,untested,True,common-aerial,,[]
3101,roy,dr_mario,fair,implemented,untested,True,common-aerial,,[]
3102,roy,dr_mario,bair,implemented,untested,True,common-aerial,,[]
3103,roy,dr_mario,uair,implemented,untested,True,common-aerial,,[]
3104,roy,dr_mario,dair,implemented,untested,True,common-aerial,,[]
3105,roy,roy,nair,implemented,untested,False,common-aerial,Identical donor: keep the native slot,[]
3106,roy,roy,fair,implemented,untested,False,common-aerial,Identical donor: keep the native slot,[]
3107,roy,roy,bair,implemented,untested,False,common-aerial,Identical donor: keep the native slot,[]
3108,roy,roy,uair,implemented,untested,False,common-aerial,Identical donor: keep the native slot,[]
3109,roy,roy,dair,implemented,untested,False,common-aerial,Identical donor: keep the native slot,[]
3110,roy,pichu,nair,implemented,untested,True,common-aerial,,[]
3111,roy,pichu,fair,implemented,untested,True,common-aerial,,[]
3112,roy,pichu,bair,implemented,untested,True,common-aerial,,[]
3113,roy,pichu,uair,implemented,untested,True,common-aerial,,[]
3114,roy,pichu,dair,implemented,untested,True,common-aerial,,[]
3115,roy,ganondorf,nair,implemented,untested,True,common-aerial,,[]
3116,roy,ganondorf,fair,implemented,untested,True,common-aerial,,[]
3117,roy,ganondorf,bair,implemented,runtime-tested,True,common-aerial,,"[{""status"":""runtime-tested"",""profile"":""debug"",""lifecycle"":true,""stress"":true,""native_jab"":false,""adapter_assertion"":false,""backend"":""profile-default"",""dol_sha1"":""81533ece59d729a3aef5495e6185c60b616e27b3"",""evidence"":""docs/evidence/aerials/current/aerials-debug-stress-0-130.json"",""log_sha256"":""49529f3c79e4d63320368cef9d60b49620a7ac6fd09d26c7e7aec9afcdfd6dca""},{""status"":""runtime-tested"",""profile"":""release"",""lifecycle"":true,""stress"":true,""native_jab"":true,""adapter_assertion"":false,""backend"":""profile-default"",""dol_sha1"":""36c24894da8b0649624bd1277c126c7533e46b54"",""evidence"":""docs/evidence/aerials/current/aerials-release-stress-0-130.json"",""log_sha256"":""fbc9a3bcc32b3f6ab77bd81ee710a8f2fa5e8c5773149e6da91736b32a1de458""}]"
3118,roy,ganondorf,uair,implemented,untested,True,common-aerial,,[]
3119,roy,ganondorf,dair,implemented,untested,True,common-aerial,,[]
3120,pichu,captain_falcon,nair,implemented,untested,True,common-aerial,,[]
3121,pichu,captain_falcon,fair,implemented,untested,True,common-aerial,,[]
3122,pichu,captain_falcon,bair,implemented,untested,True,common-aerial,,[]
3123,pichu,captain_falcon,uair,implemented,untested,True,common-aerial,,[]
3124,pichu,captain_falcon,dair,implemented,untested,True,common-aerial,,[]
3125,pichu,donkey_kong,nair,implemented,untested,True,common-aerial,,[]
3126,pichu,donkey_kong,fair,implemented,untested,True,common-aerial,,[]
3127,pichu,donkey_kong,bair,implemented,untested,True,common-aerial,,[]
3128,pichu,donkey_kong,uair,implemented,untested,True,common-aerial,,[]
3129,pichu,donkey_kong,dair,implemented,untested,True,common-aerial,,[]
3130,pichu,fox,nair,implemented,untested,True,common-aerial,,[]
3131,pichu,fox,fair,implemented,untested,True,common-aerial,,[]
3132,pichu,fox,bair,implemented,untested,True,common-aerial,,[]
3133,pichu,fox,uair,implemented,untested,True,common-aerial,,[]
3134,pichu,fox,dair,implemented,untested,True,common-aerial,,[]
3135,pichu,game_and_watch,nair,implemented,untested,True,gamewatch-articles,,[]
3136,pichu,game_and_watch,fair,implemented,untested,True,common-aerial,,[]
3137,pichu,game_and_watch,bair,implemented,untested,True,gamewatch-articles,,[]
3138,pichu,game_and_watch,uair,implemented,untested,True,gamewatch-articles,,[]
3139,pichu,game_and_watch,dair,implemented,untested,True,common-aerial,,[]
3140,pichu,kirby,nair,implemented,untested,True,common-aerial,,[]
3141,pichu,kirby,fair,implemented,untested,True,common-aerial,,[]
3142,pichu,kirby,bair,implemented,untested,True,common-aerial,,[]
3143,pichu,kirby,uair,implemented,untested,True,common-aerial,,[]
3144,pichu,kirby,dair,implemented,runtime-tested,True,common-aerial,,"[{""status"":""runtime-tested"",""profile"":""debug"",""lifecycle"":true,""stress"":true,""native_jab"":false,""adapter_assertion"":false,""backend"":""profile-default"",""dol_sha1"":""81533ece59d729a3aef5495e6185c60b616e27b3"",""evidence"":""docs/evidence/aerials/current/aerials-debug-stress-0-130.json"",""log_sha256"":""49529f3c79e4d63320368cef9d60b49620a7ac6fd09d26c7e7aec9afcdfd6dca""},{""status"":""runtime-tested"",""profile"":""release"",""lifecycle"":true,""stress"":true,""native_jab"":true,""adapter_assertion"":false,""backend"":""profile-default"",""dol_sha1"":""36c24894da8b0649624bd1277c126c7533e46b54"",""evidence"":""docs/evidence/aerials/current/aerials-release-stress-0-130.json"",""log_sha256"":""fbc9a3bcc32b3f6ab77bd81ee710a8f2fa5e8c5773149e6da91736b32a1de458""}]"
3145,pichu,bowser,nair,implemented,untested,True,common-aerial,,[]
3146,pichu,bowser,fair,implemented,untested,True,common-aerial,,[]
3147,pichu,bowser,bair,implemented,untested,True,common-aerial,,[]
3148,pichu,bowser,uair,implemented,untested,True,common-aerial,,[]
3149,pichu,bowser,dair,implemented,untested,True,common-aerial,,[]
3150,pichu,link,nair,implemented,untested,True,common-aerial,,[]
3151,pichu,link,fair,implemented,untested,True,common-aerial,,[]
3152,pichu,link,bair,implemented,untested,True,common-aerial,,[]
3153,pichu,link,uair,implemented,untested,True,common-aerial,,[]
3154,pichu,link,dair,implemented,untested,True,link-down-bounce,,[]
3155,pichu,luigi,nair,implemented,untested,True,common-aerial,,[]
3156,pichu,luigi,fair,implemented,untested,True,common-aerial,,[]
3157,pichu,luigi,bair,implemented,untested,True,common-aerial,,[]
3158,pichu,luigi,uair,implemented,untested,True,common-aerial,,[]
3159,pichu,luigi,dair,implemented,untested,True,common-aerial,,[]
3160,pichu,mario,nair,implemented,untested,True,common-aerial,,[]
3161,pichu,mario,fair,implemented,untested,True,common-aerial,,[]
3162,pichu,mario,bair,implemented,untested,True,common-aerial,,[]
3163,pichu,mario,uair,implemented,untested,True,common-aerial,,[]
3164,pichu,mario,dair,implemented,untested,True,common-aerial,,[]
3165,pichu,marth,nair,implemented,untested,True,common-aerial,,[]
3166,pichu,marth,fair,implemented,untested,True,common-aerial,,[]
3167,pichu,marth,bair,implemented,untested,True,common-aerial,,[]
3168,pichu,marth,uair,implemented,untested,True,common-aerial,,[]
3169,pichu,marth,dair,implemented,untested,True,common-aerial,,[]
3170,pichu,mewtwo,nair,implemented,runtime-tested,True,common-aerial,,"[{""status"":""runtime-tested"",""profile"":""debug"",""lifecycle"":true,""stress"":true,""native_jab"":false,""adapter_assertion"":false,""backend"":""profile-default"",""dol_sha1"":""81533ece59d729a3aef5495e6185c60b616e27b3"",""evidence"":""docs/evidence/aerials/current/aerials-debug-stress-0-130.json"",""log_sha256"":""49529f3c79e4d63320368cef9d60b49620a7ac6fd09d26c7e7aec9afcdfd6dca""},{""status"":""runtime-tested"",""profile"":""release"",""lifecycle"":true,""stress"":true,""native_jab"":true,""adapter_assertion"":false,""backend"":""profile-default"",""dol_sha1"":""36c24894da8b0649624bd1277c126c7533e46b54"",""evidence"":""docs/evidence/aerials/current/aerials-release-stress-0-130.json"",""log_sha256"":""fbc9a3bcc32b3f6ab77bd81ee710a8f2fa5e8c5773149e6da91736b32a1de458""}]"
3171,pichu,mewtwo,fair,implemented,untested,True,common-aerial,,[]
3172,pichu,mewtwo,bair,implemented,untested,True,common-aerial,,[]
3173,pichu,mewtwo,uair,implemented,untested,True,common-aerial,,[]
3174,pichu,mewtwo,dair,implemented,untested,True,common-aerial,,[]
3175,pichu,ness,nair,implemented,untested,True,common-aerial,,[]
3176,pichu,ness,fair,implemented,untested,True,common-aerial,,[]
3177,pichu,ness,bair,implemented,untested,True,common-aerial,,[]
3178,pichu,ness,uair,implemented,untested,True,common-aerial,,[]
3179,pichu,ness,dair,implemented,untested,True,common-aerial,,[]
3180,pichu,peach,nair,implemented,untested,True,common-aerial,,[]
3181,pichu,peach,fair,implemented,untested,True,common-aerial,,[]
3182,pichu,peach,bair,implemented,untested,True,common-aerial,,[]
3183,pichu,peach,uair,implemented,untested,True,common-aerial,,[]
3184,pichu,peach,dair,implemented,untested,True,common-aerial,,[]
3185,pichu,pikachu,nair,implemented,untested,True,common-aerial,,[]
3186,pichu,pikachu,fair,implemented,untested,True,common-aerial,,[]
3187,pichu,pikachu,bair,implemented,untested,True,common-aerial,,[]
3188,pichu,pikachu,uair,implemented,untested,True,common-aerial,,[]
3189,pichu,pikachu,dair,implemented,untested,True,common-aerial,,[]
3190,pichu,ice_climbers,nair,implemented,untested,True,common-aerial,,[]
3191,pichu,ice_climbers,fair,implemented,untested,True,common-aerial,,[]
3192,pichu,ice_climbers,bair,implemented,untested,True,common-aerial,,[]
3193,pichu,ice_climbers,uair,implemented,untested,True,common-aerial,,[]
3194,pichu,ice_climbers,dair,implemented,untested,True,common-aerial,,[]
3195,pichu,jigglypuff,nair,implemented,untested,True,common-aerial,,[]
3196,pichu,jigglypuff,fair,implemented,runtime-tested,True,common-aerial,,"[{""status"":""runtime-tested"",""profile"":""debug"",""lifecycle"":true,""stress"":true,""native_jab"":false,""adapter_assertion"":false,""backend"":""profile-default"",""dol_sha1"":""81533ece59d729a3aef5495e6185c60b616e27b3"",""evidence"":""docs/evidence/aerials/current/aerials-debug-stress-0-130.json"",""log_sha256"":""49529f3c79e4d63320368cef9d60b49620a7ac6fd09d26c7e7aec9afcdfd6dca""},{""status"":""runtime-tested"",""profile"":""release"",""lifecycle"":true,""stress"":true,""native_jab"":true,""adapter_assertion"":false,""backend"":""profile-default"",""dol_sha1"":""36c24894da8b0649624bd1277c126c7533e46b54"",""evidence"":""docs/evidence/aerials/current/aerials-release-stress-0-130.json"",""log_sha256"":""fbc9a3bcc32b3f6ab77bd81ee710a8f2fa5e8c5773149e6da91736b32a1de458""}]"
3197,pichu,jigglypuff,bair,implemented,untested,True,common-aerial,,[]
3198,pichu,jigglypuff,uair,implemented,untested,True,common-aerial,,[]
3199,pichu,jigglypuff,dair,implemented,untested,True,common-aerial,,[]
3200,pichu,samus,nair,implemented,untested,True,common-aerial,,[]
3201,pichu,samus,fair,implemented,untested,True,common-aerial,,[]
3202,pichu,samus,bair,implemented,untested,True,common-aerial,,[]
3203,pichu,samus,uair,implemented,untested,True,common-aerial,,[]
3204,pichu,samus,dair,implemented,untested,True,common-aerial,,[]
3205,pichu,yoshi,nair,implemented,untested,True,common-aerial,,[]
3206,pichu,yoshi,fair,implemented,untested,True,common-aerial,,[]
3207,pichu,yoshi,bair,implemented,untested,True,common-aerial,,[]
3208,pichu,yoshi,uair,implemented,untested,True,common-aerial,,[]
3209,pichu,yoshi,dair,implemented,untested,True,common-aerial,,[]
3210,pichu,zelda,nair,implemented,untested,True,common-aerial,,[]
3211,pichu,zelda,fair,implemented,untested,True,common-aerial,,[]
3212,pichu,zelda,bair,implemented,untested,True,common-aerial,,[]
3213,pichu,zelda,uair,implemented,untested,True,common-aerial,,[]
3214,pichu,zelda,dair,implemented,untested,True,common-aerial,,[]
3215,pichu,sheik,nair,implemented,untested,True,common-aerial,,[]
3216,pichu,sheik,fair,implemented,untested,True,common-aerial,,[]
3217,pichu,sheik,bair,implemented,untested,True,common-aerial,,[]
3218,pichu,sheik,uair,implemented,untested,True,common-aerial,,[]
3219,pichu,sheik,dair,implemented,untested,True,common-aerial,,[]
3220,pichu,falco,nair,implemented,untested,True,common-aerial,,[]
3221,pichu,falco,fair,implemented,untested,True,common-aerial,,[]
3222,pichu,falco,bair,implemented,runtime-tested,True,common-aerial,,"[{""status"":""runtime-tested"",""profile"":""debug"",""lifecycle"":true,""stress"":true,""native_jab"":false,""adapter_assertion"":false,""backend"":""profile-default"",""dol_sha1"":""81533ece59d729a3aef5495e6185c60b616e27b3"",""evidence"":""docs/evidence/aerials/current/aerials-debug-stress-0-130.json"",""log_sha256"":""49529f3c79e4d63320368cef9d60b49620a7ac6fd09d26c7e7aec9afcdfd6dca""},{""status"":""runtime-tested"",""profile"":""release"",""lifecycle"":true,""stress"":true,""native_jab"":true,""adapter_assertion"":false,""backend"":""profile-default"",""dol_sha1"":""36c24894da8b0649624bd1277c126c7533e46b54"",""evidence"":""docs/evidence/aerials/current/aerials-release-stress-0-130.json"",""log_sha256"":""fbc9a3bcc32b3f6ab77bd81ee710a8f2fa5e8c5773149e6da91736b32a1de458""}]"
3223,pichu,falco,uair,implemented,untested,True,common-aerial,,[]
3224,pichu,falco,dair,implemented,untested,True,common-aerial,,[]
3225,pichu,young_link,nair,implemented,untested,True,common-aerial,,[]
3226,pichu,young_link,fair,implemented,untested,True,common-aerial,,[]
3227,pichu,young_link,bair,implemented,untested,True,common-aerial,,[]
3228,pichu,young_link,uair,implemented,untested,True,common-aerial,,[]
3229,pichu,young_link,dair,implemented,untested,True,link-down-bounce,,[]
3230,pichu,dr_mario,nair,implemented,untested,True,common-aerial,,[]
3231,pichu,dr_mario,fair,implemented,untested,True,common-aerial,,[]
3232,pichu,dr_mario,bair,implemented,untested,True,common-aerial,,[]
3233,pichu,dr_mario,uair,implemented,untested,True,common-aerial,,[]
3234,pichu,dr_mario,dair,implemented,untested,True,common-aerial,,[]
3235,pichu,roy,nair,implemented,untested,True,common-aerial,,[]
3236,pichu,roy,fair,implemented,untested,True,common-aerial,,[]
3237,pichu,roy,bair,implemented,untested,True,common-aerial,,[]
3238,pichu,roy,uair,implemented,untested,True,common-aerial,,[]
3239,pichu,roy,dair,implemented,untested,True,common-aerial,,[]
3240,pichu,pichu,nair,implemented,untested,False,common-aerial,Identical donor: keep the native slot,[]
3241,pichu,pichu,fair,implemented,untested,False,common-aerial,Identical donor: keep the native slot,[]
3242,pichu,pichu,bair,implemented,untested,False,common-aerial,Identical donor: keep the native slot,[]
3243,pichu,pichu,uair,implemented,untested,False,common-aerial,Identical donor: keep the native slot,[]
3244,pichu,pichu,dair,implemented,untested,False,common-aerial,Identical donor: keep the native slot,[]
3245,pichu,ganondorf,nair,implemented,untested,True,common-aerial,,[]
3246,pichu,ganondorf,fair,implemented,untested,True,common-aerial,,[]
3247,pichu,ganondorf,bair,implemented,untested,True,common-aerial,,[]
3248,pichu,ganondorf,uair,implemented,runtime-tested,True,common-aerial,,"[{""status"":""runtime-tested"",""profile"":""debug"",""lifecycle"":true,""stress"":true,""native_jab"":false,""adapter_assertion"":false,""backend"":""profile-default"",""dol_sha1"":""81533ece59d729a3aef5495e6185c60b616e27b3"",""evidence"":""docs/evidence/aerials/current/aerials-debug-stress-0-130.json"",""log_sha256"":""49529f3c79e4d63320368cef9d60b49620a7ac6fd09d26c7e7aec9afcdfd6dca""},{""status"":""runtime-tested"",""profile"":""release"",""lifecycle"":true,""stress"":true,""native_jab"":true,""adapter_assertion"":false,""backend"":""profile-default"",""dol_sha1"":""36c24894da8b0649624bd1277c126c7533e46b54"",""evidence"":""docs/evidence/aerials/current/aerials-release-stress-0-130.json"",""log_sha256"":""fbc9a3bcc32b3f6ab77bd81ee710a8f2fa5e8c5773149e6da91736b32a1de458""}]"
3249,pichu,ganondorf,dair,implemented,untested,True,common-aerial,,[]
3250,ganondorf,captain_falcon,nair,implemented,untested,True,common-aerial,,[]
3251,ganondorf,captain_falcon,fair,implemented,untested,True,common-aerial,,[]
3252,ganondorf,captain_falcon,bair,implemented,untested,True,common-aerial,,[]
3253,ganondorf,captain_falcon,uair,implemented,untested,True,common-aerial,,[]
3254,ganondorf,captain_falcon,dair,implemented,untested,True,common-aerial,,[]
3255,ganondorf,donkey_kong,nair,implemented,untested,True,common-aerial,,[]
3256,ganondorf,donkey_kong,fair,implemented,untested,True,common-aerial,,[]
3257,ganondorf,donkey_kong,bair,implemented,untested,True,common-aerial,,[]
3258,ganondorf,donkey_kong,uair,implemented,untested,True,common-aerial,,[]
3259,ganondorf,donkey_kong,dair,implemented,untested,True,common-aerial,,[]
3260,ganondorf,fox,nair,implemented,untested,True,common-aerial,,[]
3261,ganondorf,fox,fair,implemented,untested,True,common-aerial,,[]
3262,ganondorf,fox,bair,implemented,untested,True,common-aerial,,[]
3263,ganondorf,fox,uair,implemented,untested,True,common-aerial,,[]
3264,ganondorf,fox,dair,implemented,untested,True,common-aerial,,[]
3265,ganondorf,game_and_watch,nair,implemented,untested,True,gamewatch-articles,,[]
3266,ganondorf,game_and_watch,fair,implemented,untested,True,common-aerial,,[]
3267,ganondorf,game_and_watch,bair,implemented,untested,True,gamewatch-articles,,[]
3268,ganondorf,game_and_watch,uair,implemented,untested,True,gamewatch-articles,,[]
3269,ganondorf,game_and_watch,dair,implemented,untested,True,common-aerial,,[]
3270,ganondorf,kirby,nair,implemented,untested,True,common-aerial,,[]
3271,ganondorf,kirby,fair,implemented,untested,True,common-aerial,,[]
3272,ganondorf,kirby,bair,implemented,untested,True,common-aerial,,[]
3273,ganondorf,kirby,uair,implemented,untested,True,common-aerial,,[]
3274,ganondorf,kirby,dair,implemented,untested,True,common-aerial,,[]
3275,ganondorf,bowser,nair,implemented,runtime-tested,True,common-aerial,,"[{""status"":""runtime-tested"",""profile"":""debug"",""lifecycle"":true,""stress"":true,""native_jab"":false,""adapter_assertion"":false,""backend"":""profile-default"",""dol_sha1"":""81533ece59d729a3aef5495e6185c60b616e27b3"",""evidence"":""docs/evidence/aerials/current/aerials-debug-stress-0-130.json"",""log_sha256"":""49529f3c79e4d63320368cef9d60b49620a7ac6fd09d26c7e7aec9afcdfd6dca""},{""status"":""runtime-tested"",""profile"":""release"",""lifecycle"":true,""stress"":true,""native_jab"":true,""adapter_assertion"":false,""backend"":""profile-default"",""dol_sha1"":""36c24894da8b0649624bd1277c126c7533e46b54"",""evidence"":""docs/evidence/aerials/current/aerials-release-stress-0-130.json"",""log_sha256"":""fbc9a3bcc32b3f6ab77bd81ee710a8f2fa5e8c5773149e6da91736b32a1de458""}]"
3276,ganondorf,bowser,fair,implemented,untested,True,common-aerial,,[]
3277,ganondorf,bowser,bair,implemented,untested,True,common-aerial,,[]
3278,ganondorf,bowser,uair,implemented,untested,True,common-aerial,,[]
3279,ganondorf,bowser,dair,implemented,untested,True,common-aerial,,[]
3280,ganondorf,link,nair,implemented,untested,True,common-aerial,,[]
3281,ganondorf,link,fair,implemented,untested,True,common-aerial,,[]
3282,ganondorf,link,bair,implemented,untested,True,common-aerial,,[]
3283,ganondorf,link,uair,implemented,untested,True,common-aerial,,[]
3284,ganondorf,link,dair,implemented,untested,True,link-down-bounce,,[]
3285,ganondorf,luigi,nair,implemented,untested,True,common-aerial,,[]
3286,ganondorf,luigi,fair,implemented,untested,True,common-aerial,,[]
3287,ganondorf,luigi,bair,implemented,untested,True,common-aerial,,[]
3288,ganondorf,luigi,uair,implemented,untested,True,common-aerial,,[]
3289,ganondorf,luigi,dair,implemented,untested,True,common-aerial,,[]
3290,ganondorf,mario,nair,implemented,untested,True,common-aerial,,[]
3291,ganondorf,mario,fair,implemented,untested,True,common-aerial,,[]
3292,ganondorf,mario,bair,implemented,untested,True,common-aerial,,[]
3293,ganondorf,mario,uair,implemented,untested,True,common-aerial,,[]
3294,ganondorf,mario,dair,implemented,untested,True,common-aerial,,[]
3295,ganondorf,marth,nair,implemented,untested,True,common-aerial,,[]
3296,ganondorf,marth,fair,implemented,untested,True,common-aerial,,[]
3297,ganondorf,marth,bair,implemented,untested,True,common-aerial,,[]
3298,ganondorf,marth,uair,implemented,untested,True,common-aerial,,[]
3299,ganondorf,marth,dair,implemented,untested,True,common-aerial,,[]
3300,ganondorf,mewtwo,nair,implemented,untested,True,common-aerial,,[]
3301,ganondorf,mewtwo,fair,implemented,runtime-tested,True,common-aerial,,"[{""status"":""runtime-tested"",""profile"":""debug"",""lifecycle"":true,""stress"":true,""native_jab"":false,""adapter_assertion"":false,""backend"":""profile-default"",""dol_sha1"":""81533ece59d729a3aef5495e6185c60b616e27b3"",""evidence"":""docs/evidence/aerials/current/aerials-debug-stress-0-130.json"",""log_sha256"":""49529f3c79e4d63320368cef9d60b49620a7ac6fd09d26c7e7aec9afcdfd6dca""},{""status"":""runtime-tested"",""profile"":""release"",""lifecycle"":true,""stress"":true,""native_jab"":true,""adapter_assertion"":false,""backend"":""profile-default"",""dol_sha1"":""36c24894da8b0649624bd1277c126c7533e46b54"",""evidence"":""docs/evidence/aerials/current/aerials-release-stress-0-130.json"",""log_sha256"":""fbc9a3bcc32b3f6ab77bd81ee710a8f2fa5e8c5773149e6da91736b32a1de458""}]"
3302,ganondorf,mewtwo,bair,implemented,untested,True,common-aerial,,[]
3303,ganondorf,mewtwo,uair,implemented,untested,True,common-aerial,,[]
3304,ganondorf,mewtwo,dair,implemented,untested,True,common-aerial,,[]
3305,ganondorf,ness,nair,implemented,untested,True,common-aerial,,[]
3306,ganondorf,ness,fair,implemented,untested,True,common-aerial,,[]
3307,ganondorf,ness,bair,implemented,untested,True,common-aerial,,[]
3308,ganondorf,ness,uair,implemented,untested,True,common-aerial,,[]
3309,ganondorf,ness,dair,implemented,untested,True,common-aerial,,[]
3310,ganondorf,peach,nair,implemented,untested,True,common-aerial,,[]
3311,ganondorf,peach,fair,implemented,untested,True,common-aerial,,[]
3312,ganondorf,peach,bair,implemented,untested,True,common-aerial,,[]
3313,ganondorf,peach,uair,implemented,untested,True,common-aerial,,[]
3314,ganondorf,peach,dair,implemented,untested,True,common-aerial,,[]
3315,ganondorf,pikachu,nair,implemented,untested,True,common-aerial,,[]
3316,ganondorf,pikachu,fair,implemented,untested,True,common-aerial,,[]
3317,ganondorf,pikachu,bair,implemented,untested,True,common-aerial,,[]
3318,ganondorf,pikachu,uair,implemented,untested,True,common-aerial,,[]
3319,ganondorf,pikachu,dair,implemented,untested,True,common-aerial,,[]
3320,ganondorf,ice_climbers,nair,implemented,untested,True,common-aerial,,[]
3321,ganondorf,ice_climbers,fair,implemented,untested,True,common-aerial,,[]
3322,ganondorf,ice_climbers,bair,implemented,untested,True,common-aerial,,[]
3323,ganondorf,ice_climbers,uair,implemented,untested,True,common-aerial,,[]
3324,ganondorf,ice_climbers,dair,implemented,untested,True,common-aerial,,[]
3325,ganondorf,jigglypuff,nair,implemented,untested,True,common-aerial,,[]
3326,ganondorf,jigglypuff,fair,implemented,untested,True,common-aerial,,[]
3327,ganondorf,jigglypuff,bair,implemented,runtime-tested,True,common-aerial,,"[{""status"":""runtime-tested"",""profile"":""debug"",""lifecycle"":true,""stress"":true,""native_jab"":false,""adapter_assertion"":false,""backend"":""profile-default"",""dol_sha1"":""81533ece59d729a3aef5495e6185c60b616e27b3"",""evidence"":""docs/evidence/aerials/current/aerials-debug-stress-0-130.json"",""log_sha256"":""49529f3c79e4d63320368cef9d60b49620a7ac6fd09d26c7e7aec9afcdfd6dca""},{""status"":""runtime-tested"",""profile"":""release"",""lifecycle"":true,""stress"":true,""native_jab"":true,""adapter_assertion"":false,""backend"":""profile-default"",""dol_sha1"":""36c24894da8b0649624bd1277c126c7533e46b54"",""evidence"":""docs/evidence/aerials/current/aerials-release-stress-0-130.json"",""log_sha256"":""fbc9a3bcc32b3f6ab77bd81ee710a8f2fa5e8c5773149e6da91736b32a1de458""}]"
3328,ganondorf,jigglypuff,uair,implemented,untested,True,common-aerial,,[]
3329,ganondorf,jigglypuff,dair,implemented,untested,True,common-aerial,,[]
3330,ganondorf,samus,nair,implemented,untested,True,common-aerial,,[]
3331,ganondorf,samus,fair,implemented,untested,True,common-aerial,,[]
3332,ganondorf,samus,bair,implemented,untested,True,common-aerial,,[]
3333,ganondorf,samus,uair,implemented,untested,True,common-aerial,,[]
3334,ganondorf,samus,dair,implemented,untested,True,common-aerial,,[]
3335,ganondorf,yoshi,nair,implemented,untested,True,common-aerial,,[]
3336,ganondorf,yoshi,fair,implemented,untested,True,common-aerial,,[]
3337,ganondorf,yoshi,bair,implemented,untested,True,common-aerial,,[]
3338,ganondorf,yoshi,uair,implemented,untested,True,common-aerial,,[]
3339,ganondorf,yoshi,dair,implemented,untested,True,common-aerial,,[]
3340,ganondorf,zelda,nair,implemented,untested,True,common-aerial,,[]
3341,ganondorf,zelda,fair,implemented,untested,True,common-aerial,,[]
3342,ganondorf,zelda,bair,implemented,untested,True,common-aerial,,[]
3343,ganondorf,zelda,uair,implemented,untested,True,common-aerial,,[]
3344,ganondorf,zelda,dair,implemented,untested,True,common-aerial,,[]
3345,ganondorf,sheik,nair,implemented,untested,True,common-aerial,,[]
3346,ganondorf,sheik,fair,implemented,untested,True,common-aerial,,[]
3347,ganondorf,sheik,bair,implemented,untested,True,common-aerial,,[]
3348,ganondorf,sheik,uair,implemented,untested,True,common-aerial,,[]
3349,ganondorf,sheik,dair,implemented,untested,True,common-aerial,,[]
3350,ganondorf,falco,nair,implemented,untested,True,common-aerial,,[]
3351,ganondorf,falco,fair,implemented,untested,True,common-aerial,,[]
3352,ganondorf,falco,bair,implemented,untested,True,common-aerial,,[]
3353,ganondorf,falco,uair,implemented,runtime-tested,True,common-aerial,,"[{""status"":""runtime-tested"",""profile"":""debug"",""lifecycle"":true,""stress"":true,""native_jab"":false,""adapter_assertion"":false,""backend"":""profile-default"",""dol_sha1"":""81533ece59d729a3aef5495e6185c60b616e27b3"",""evidence"":""docs/evidence/aerials/current/aerials-debug-stress-0-130.json"",""log_sha256"":""49529f3c79e4d63320368cef9d60b49620a7ac6fd09d26c7e7aec9afcdfd6dca""},{""status"":""runtime-tested"",""profile"":""release"",""lifecycle"":true,""stress"":true,""native_jab"":true,""adapter_assertion"":false,""backend"":""profile-default"",""dol_sha1"":""36c24894da8b0649624bd1277c126c7533e46b54"",""evidence"":""docs/evidence/aerials/current/aerials-release-stress-0-130.json"",""log_sha256"":""fbc9a3bcc32b3f6ab77bd81ee710a8f2fa5e8c5773149e6da91736b32a1de458""}]"
3354,ganondorf,falco,dair,implemented,untested,True,common-aerial,,[]
3355,ganondorf,young_link,nair,implemented,untested,True,common-aerial,,[]
3356,ganondorf,young_link,fair,implemented,untested,True,common-aerial,,[]
3357,ganondorf,young_link,bair,implemented,untested,True,common-aerial,,[]
3358,ganondorf,young_link,uair,implemented,untested,True,common-aerial,,[]
3359,ganondorf,young_link,dair,implemented,untested,True,link-down-bounce,,[]
3360,ganondorf,dr_mario,nair,implemented,untested,True,common-aerial,,[]
3361,ganondorf,dr_mario,fair,implemented,untested,True,common-aerial,,[]
3362,ganondorf,dr_mario,bair,implemented,untested,True,common-aerial,,[]
3363,ganondorf,dr_mario,uair,implemented,untested,True,common-aerial,,[]
3364,ganondorf,dr_mario,dair,implemented,untested,True,common-aerial,,[]
3365,ganondorf,roy,nair,implemented,untested,True,common-aerial,,[]
3366,ganondorf,roy,fair,implemented,untested,True,common-aerial,,[]
3367,ganondorf,roy,bair,implemented,untested,True,common-aerial,,[]
3368,ganondorf,roy,uair,implemented,untested,True,common-aerial,,[]
3369,ganondorf,roy,dair,implemented,untested,True,common-aerial,,[]
3370,ganondorf,pichu,nair,implemented,untested,True,common-aerial,,[]
3371,ganondorf,pichu,fair,implemented,untested,True,common-aerial,,[]
3372,ganondorf,pichu,bair,implemented,untested,True,common-aerial,,[]
3373,ganondorf,pichu,uair,implemented,untested,True,common-aerial,,[]
3374,ganondorf,pichu,dair,implemented,untested,True,common-aerial,,[]
3375,ganondorf,ganondorf,nair,implemented,untested,False,common-aerial,Identical donor: keep the native slot,[]
3376,ganondorf,ganondorf,fair,implemented,untested,False,common-aerial,Identical donor: keep the native slot,[]
3377,ganondorf,ganondorf,bair,implemented,untested,False,common-aerial,Identical donor: keep the native slot,[]
3378,ganondorf,ganondorf,uair,implemented,untested,False,common-aerial,Identical donor: keep the native slot,[]
3379,ganondorf,ganondorf,dair,implemented,runtime-tested,False,common-aerial,Identical donor: keep the native slot,"[{""status"":""runtime-tested"",""profile"":""debug"",""lifecycle"":true,""stress"":true,""native_jab"":false,""adapter_assertion"":false,""backend"":""profile-default"",""dol_sha1"":""81533ece59d729a3aef5495e6185c60b616e27b3"",""evidence"":""docs/evidence/aerials/current/aerials-debug-stress-0-130.json"",""log_sha256"":""49529f3c79e4d63320368cef9d60b49620a7ac6fd09d26c7e7aec9afcdfd6dca""},{""status"":""runtime-tested"",""profile"":""release"",""lifecycle"":true,""stress"":true,""native_jab"":true,""adapter_assertion"":false,""backend"":""profile-default"",""dol_sha1"":""36c24894da8b0649624bd1277c126c7533e46b54"",""evidence"":""docs/evidence/aerials/current/aerials-release-stress-0-130.json"",""log_sha256"":""fbc9a3bcc32b3f6ab77bd81ee710a8f2fa5e8c5773149e6da91736b32a1de458""}]"
